"crash_record_id","crash_date_est_i","crash_date","posted_speed_limit","traffic_control_device","device_condition","weather_condition","lighting_condition","first_crash_type","trafficway_type","lane_cnt","alignment","roadway_surface_cond","road_defect","report_type","crash_type","intersection_related_i","private_property_i","hit_and_run_i","damage","date_police_notified","prim_contributory_cause","sec_contributory_cause","street_no","street_direction","street_name","beat_of_occurrence","photos_taken_i","statements_taken_i","dooring_i","work_zone_i","work_zone_type","workers_present_i","num_units","most_severe_injury","injuries_total","injuries_fatal","injuries_incapacitating","injuries_non_incapacitating","injuries_reported_not_evident","injuries_no_indication","injuries_unknown","crash_hour","crash_day_of_week","crash_month","latitude","longitude","location"
"d96aaccffbb57bb051cd22b6e4139d09bdcd541dda8f12228dd4d6a409024e47548ff3e56b724163a710dd81e618a84ac6e6f1bdc3165a011680dca19036a3a4",,"2025-05-19T16:00:00.000","30","TRAFFIC SIGNAL","FUNCTIONING PROPERLY","CLOUDY/OVERCAST","DAYLIGHT","REAR END","NOT DIVIDED",,"STRAIGHT AND LEVEL","DRY","NO DEFECTS","NOT ON SCENE (DESK REPORT)","NO INJURY / DRIVE AWAY",,,,"OVER $1,500","2025-05-19T16:15:00.000","FOLLOWING TOO CLOSELY","UNABLE TO DETERMINE","6400","W","IRVING PARK RD","1632",,,,,,,"2","NO INDICATION OF INJURY","0","0","0","0","0","2","0","16","2","5","41.9530247508","-87.7866832377","POINT (-87.786683237666 41.953024750753)"
"2f47efe7f7eb4e7e03e05434ec81d23a5fbb76b2e927d14388334abb9d0b8825c1b52bdb069cc7b4c459198e28f2f1901c5e22a5a45b5612e9495ccd4abe02ad",,"2025-05-19T15:55:00.000","30","NO CONTROLS","NO CONTROLS","CLEAR","DAYLIGHT","SIDESWIPE SAME DIRECTION","NOT DIVIDED",,"STRAIGHT AND LEVEL","DRY","NO DEFECTS","NOT ON SCENE (DESK REPORT)","NO INJURY / DRIVE AWAY",,,,"OVER $1,500","2025-05-19T17:10:00.000","FAILING TO YIELD RIGHT-OF-WAY","NOT APPLICABLE","5042","S","ARCHER AVE","815",,,,,,,"2","NO INDICATION OF INJURY","0","0","0","0","0","2","0","15","2","5","41.8014167599","-87.725934171","POINT (-87.725934171029 41.801416759935)"
"8c937f9ae23e1c4d51fbb382dd59dbc09b0629a32e69c5f764bfbb0f07cd277b208df794da2f6bd92e881e40ad24b5067ece52f7071b158256365162c903b066",,"2025-05-19T15:53:00.000","15","STOP SIGN/FLASHER","NO CONTROLS","CLEAR","DAYLIGHT","ANGLE","DIVIDED - W/MEDIAN (NOT RAISED)",,"STRAIGHT AND LEVEL","DRY","NO DEFECTS","ON SCENE","NO INJURY / DRIVE AWAY",,,,"OVER $1,500","2025-05-19T15:54:00.000","UNABLE TO DETERMINE","UNABLE TO DETERMINE","2301","S","LAKE SHORE DR SB","132",,,,,,,"2","NO INDICATION OF INJURY","0","0","0","0","0","3","0","15","2","5","41.8511074802","-87.6128666325","POINT (-87.612866632544 41.85110748019)"
"2ad5fcf794b0a85f44cd8c400ef42773804258bb1dd3a3ae587ad4e8f90386e5560a2bfb993837877d7c17ea757cdb7cfc234dda190a55551aa8f9658404205a",,"2025-05-19T15:50:00.000","25","NO CONTROLS","NO CONTROLS","CLEAR","DAYLIGHT","REAR TO REAR","OTHER",,"STRAIGHT AND LEVEL","DRY","NO DEFECTS","ON SCENE","NO INJURY / DRIVE AWAY",,,,"OVER $1,500","2025-05-19T16:01:00.000","IMPROPER BACKING","NOT APPLICABLE","2831","N","ASHLAND AVE","1932",,,,,,,"2","NO INDICATION OF INJURY","0","0","0","0","0","2","0","15","2","5","41.9332658796","-87.6682830438","POINT (-87.668283043842 41.933265879606)"
"b6e7df350f8fd354f8643727651c9133ba776bf80f7c9a6138f74b2e5ae7af1579bbcc6187d5eedd2ae79bf76f016818f42e62f9cf042022f2a636812c09eb79","Y","2025-05-19T15:50:00.000","25","TRAFFIC SIGNAL","FUNCTIONING PROPERLY","CLEAR","DAYLIGHT","REAR END","NOT DIVIDED",,"STRAIGHT AND LEVEL","DRY","NO DEFECTS","NOT ON SCENE (DESK REPORT)","NO INJURY / DRIVE AWAY",,,"Y","OVER $1,500","2025-05-19T16:10:00.000","FOLLOWING TOO CLOSELY","UNABLE TO DETERMINE","5616","N","NAGLE AVE","1612",,,,,,,"2","NO INDICATION OF INJURY","0","0","0","0","0","3","0","15","2","5","41.9835035379","-87.7878709674","POINT (-87.787870967367 41.983503537933)"
"dad50b0c3e103fe75a8d07ccc93a1852f8309b1ebdc242aa5c9e5f77e7c0ee081e2f94a92f593e5eeb036966c1f24f1a5f77222bb7ed6072228a51987604b8e2",,"2025-05-19T15:45:00.000","30","TRAFFIC SIGNAL","FUNCTIONING PROPERLY","CLEAR","DAYLIGHT","REAR END","NOT DIVIDED",,"STRAIGHT AND LEVEL","DRY","NO DEFECTS","NOT ON SCENE (DESK REPORT)","NO INJURY / DRIVE AWAY",,,,"$501 - $1,500","2025-05-19T16:35:00.000","FOLLOWING TOO CLOSELY","NOT APPLICABLE","4000","W","47TH ST","815",,,,,,,"3","NO INDICATION OF INJURY","0","0","0","0","0","4","0","15","2","5","41.8079929327","-87.7236491204","POINT (-87.72364912042 41.807992932693)"
"93c92bc475f9e3b373eb2992ca412be77e7087d05e7a0bcb222a8427654fcf21eda020e45c88461dda490e9dd064fdeb9771b74acf11a7051901b3b812b2745e",,"2025-05-19T15:42:00.000","30","TRAFFIC SIGNAL","FUNCTIONING PROPERLY","CLEAR","DAYLIGHT","PEDALCYCLIST","DIVIDED - W/MEDIAN BARRIER",,"STRAIGHT AND LEVEL","DRY","NO DEFECTS",,"INJURY AND / OR TOW DUE TO CRASH","Y",,"Y","OVER $1,500","2025-05-19T15:55:00.000","FAILING TO YIELD RIGHT-OF-WAY","FAILING TO YIELD RIGHT-OF-WAY","42","W","IDA B WELLS DR","113",,,"N",,,,"2","INCAPACITATING INJURY","1","0","1","0","0","2","0","15","2","5","41.8757362591","-87.6292129469","POINT (-87.629212946899 41.875736259062)"
"26578ed82656ef84bfcc5dc0708251d88b0b70ae394703719f1f6b7e13dd68ed1e3d69e7086a4cd892cbcf08e80476f4bf88b8c5a614d0d0d5ab6afa7c1eb042",,"2025-05-19T15:40:00.000","30","TRAFFIC SIGNAL","FUNCTIONING PROPERLY","CLEAR","DAYLIGHT","TURNING","NOT DIVIDED",,"STRAIGHT AND LEVEL","UNKNOWN","UNKNOWN","NOT ON SCENE (DESK REPORT)","NO INJURY / DRIVE AWAY",,,,"$501 - $1,500","2025-05-19T15:55:00.000","UNABLE TO DETERMINE","NOT APPLICABLE","5517","S","UNION AVE","711",,,,,,,"2","NO INDICATION OF INJURY","0","0","0","0","0","3","0","15","2","5","41.7934739564","-87.6425587051","POINT (-87.64255870507 41.793473956415)"
"88bd7b60f9e4ad9cb6c6588df6e9ebf22b78d5959f5bd2888cdea6ad72ecc433e26ccf7003ef93876a2fd1d6e1a503daec2fc4a9a036ee376ee32a365ea39b17",,"2025-05-19T15:35:00.000","30","NO CONTROLS","NO CONTROLS","CLEAR","DAYLIGHT","SIDESWIPE SAME DIRECTION","ONE-WAY",,"STRAIGHT AND LEVEL","DRY","NO DEFECTS","ON SCENE","NO INJURY / DRIVE AWAY",,,,"OVER $1,500","2025-05-19T15:53:00.000","UNABLE TO DETERMINE","UNABLE TO DETERMINE","8652","S","LAFAYETTE AVE","622",,,,,,,"2","NO INDICATION OF INJURY","0","0","0","0","0","2","0","15","2","5","41.7365300732","-87.6255977522","POINT (-87.625597752236 41.736530073232)"
"942e9aa9e9e9266370713cc73a50260a3398f00d15d18773c1b4db569f220dd598073c863b81f5f858b87c8054e787b5765b8d97f2fe1db69ce27973d06523d4",,"2025-05-19T15:32:00.000","30","NO CONTROLS","NO CONTROLS","CLEAR","DAYLIGHT","REAR END","ONE-WAY",,"STRAIGHT AND LEVEL","DRY","NO DEFECTS","ON SCENE","NO INJURY / DRIVE AWAY",,,,"OVER $1,500","2025-05-19T15:36:00.000","FAILING TO YIELD RIGHT-OF-WAY","UNABLE TO DETERMINE","3509","W","62ND ST","823",,,,,,,"2","NO INDICATION OF INJURY","0","0","0","0","0","2","0","15","2","5","41.7805687374","-87.7108805328","POINT (-87.710880532767 41.780568737363)"
"2cdd0c4ffd9f146765137451197a02c2a25874f73ed5ee99ef4965aa5285852cf2cf2ecf429f59c66407c2121c16658c050980e22ff70935b0e282744c9393b3",,"2025-05-19T15:26:00.000","30","NO CONTROLS","NO CONTROLS","CLEAR","DAYLIGHT","TURNING","NOT DIVIDED",,"STRAIGHT AND LEVEL","DRY","UNKNOWN","NOT ON SCENE (DESK REPORT)","NO INJURY / DRIVE AWAY",,,"Y","OVER $1,500","2025-05-19T21:30:00.000","FAILING TO YIELD RIGHT-OF-WAY","IMPROPER TURNING/NO SIGNAL","30","E","11TH ST","123",,,,,,,"2","NO INDICATION OF INJURY","0","0","0","0","0","2","0","15","2","5","41.8693676258","-87.6264933423","POINT (-87.626493342295 41.869367625777)"
"4bec18c5536f39b820b3050ef73758c74d52b4d82c47f973c49bf76f322d5b28c47c2b2d0b8a15a2bed4aa4a69981e71c45f98470741f6b12ecd55b496778acf",,"2025-05-19T15:22:00.000","30","NO CONTROLS","NO CONTROLS","CLEAR","DAYLIGHT","SIDESWIPE SAME DIRECTION","NOT DIVIDED",,"STRAIGHT AND LEVEL","DRY","NO DEFECTS","NOT ON SCENE (DESK REPORT)","NO INJURY / DRIVE AWAY",,,,"OVER $1,500","2025-05-19T15:46:00.000","FAILING TO YIELD RIGHT-OF-WAY","FAILING TO YIELD RIGHT-OF-WAY","10924","S","LAWNDALE AVE","2211",,,,,,,"2","NO INDICATION OF INJURY","0","0","0","0","0","2","0","15","2","5","41.6942557299","-87.7133087338","POINT (-87.713308733792 41.694255729859)"
"0ca26768458cb32e94acd74c0e5b152fdee6e6cd73a31fefb2079c7d608d97328a0edb0f4ecffd704a24e25e2ad90ff14963b17c0a720ca9448bbc2d23fb6703",,"2025-05-19T15:20:00.000","30","UNKNOWN","UNKNOWN","CLEAR","DAYLIGHT","SIDESWIPE SAME DIRECTION","NOT DIVIDED",,"STRAIGHT AND LEVEL","DRY","NO DEFECTS","NOT ON SCENE (DESK REPORT)","NO INJURY / DRIVE AWAY",,,"Y","OVER $1,500","2025-05-19T15:45:00.000","UNABLE TO DETERMINE","UNABLE TO DETERMINE","5100","S","WESTERN AVE","923",,,,,,,"2","NO INDICATION OF INJURY","0","0","0","0","0","3","0","15","2","5","41.8010528356","-87.6843676488","POINT (-87.684367648824 41.801052835623)"
"d69d8a6d2bc8370d14317970aa1d1c0629d8a0d2a386016467b95a3aded3e31d23885e897c6e57e5c6321fea6c6e13d978cb1aa4e6452a2966a8138d00025b24",,"2025-05-19T15:20:00.000","30","NO CONTROLS","NO CONTROLS","CLEAR","DAYLIGHT","PARKED MOTOR VEHICLE","ONE-WAY",,"STRAIGHT AND LEVEL","DRY","NO DEFECTS","NOT ON SCENE (DESK REPORT)","NO INJURY / DRIVE AWAY",,,"Y","$501 - $1,500","2025-05-19T16:10:00.000","NOT APPLICABLE","NOT APPLICABLE","4701","S","HOYNE AVE","931",,,,,,,"2","NO INDICATION OF INJURY","0","0","0","0","0","4","0","15","2","5","41.8084132694","-87.6769696545","POINT (-87.676969654479 41.808413269354)"
"2ec66cd9d2e2a6214fb4e529287ef0668b1c9b05892772dedc67b5a4b1fd17c1370cf520836c18e62c155c1754044bfbcb82522245c5540564e849db2c26be40",,"2025-05-19T15:15:00.000","30","NO CONTROLS","NO CONTROLS","CLOUDY/OVERCAST","DAYLIGHT","REAR END","DIVIDED - W/MEDIAN BARRIER",,"STRAIGHT AND LEVEL","DRY","UNKNOWN","NOT ON SCENE (DESK REPORT)","NO INJURY / DRIVE AWAY",,,,"OVER $1,500","2025-05-19T16:40:00.000","UNABLE TO DETERMINE","UNABLE TO DETERMINE","2808","N","LARAMIE AVE","2514",,,,,,,"2","NO INDICATION OF INJURY","0","0","0","0","0","3","0","15","2","5","41.9316785641","-87.7565801228","POINT (-87.756580122762 41.931678564051)"
"508f0a2899d94dc200a0942a22b9b7709cdfadb77896c34d3f496c35c7a28d48f942cdc2642de0dcfc57275fb204b3e6368cb433490da1ba62373428b725ee27",,"2025-05-19T15:15:00.000","30","NO CONTROLS","NO CONTROLS","CLEAR","DAYLIGHT","SIDESWIPE SAME DIRECTION","NOT DIVIDED",,"STRAIGHT AND LEVEL","DRY","NO DEFECTS","NOT ON SCENE (DESK REPORT)","NO INJURY / DRIVE AWAY",,,,"$501 - $1,500","2025-05-19T16:15:00.000","UNABLE TO DETERMINE","NOT APPLICABLE","2412","N","PULASKI RD","2524",,,,,,,"2","NO INDICATION OF INJURY","0","0","0","0","0","2","0","15","2","5","41.9248832987","-87.7269299719","POINT (-87.726929971884 41.924883298713)"
"7745d44c135d022ea6fd3f0def11b8b16aa49c2873ee7f932e5f42774c1a6c1ff221cd630c81649c79cefadf4b0fcb3e8af7a8205499bc17d17e3a454c5692ad",,"2025-05-19T15:15:00.000","30","NO CONTROLS","NO CONTROLS","CLEAR","DAYLIGHT","PARKED MOTOR VEHICLE","NOT DIVIDED",,"STRAIGHT AND LEVEL","DRY","NO DEFECTS","NOT ON SCENE (DESK REPORT)","NO INJURY / DRIVE AWAY",,,,"$501 - $1,500","2025-05-19T17:25:00.000","IMPROPER LANE USAGE","NOT APPLICABLE","4119","W","57TH ST","813",,,,,,,"2","NO INDICATION OF INJURY","0","0","0","0","0","3","0","15","2","5","41.7894331479","-87.7263153443","POINT (-87.726315344294 41.78943314789)"
"eca4c579ae677034799445c01b18d906d6bb9b5576c3f7cc151b7fcfb7f2b426aef9414ac0cac2be375379b9b444def42bc8aafc263068127400eb451a0c7c12",,"2025-05-19T15:15:00.000","30","NO CONTROLS","NO CONTROLS","CLEAR","DAYLIGHT","TURNING","DIVIDED - W/MEDIAN (NOT RAISED)",,"STRAIGHT AND LEVEL","DRY","NO DEFECTS","NOT ON SCENE (DESK REPORT)","NO INJURY / DRIVE AWAY",,,,"OVER $1,500","2025-05-19T16:10:00.000","UNABLE TO DETERMINE","UNABLE TO DETERMINE","2316","S","ARCHER AVE","914",,,,,,,"2","NO INDICATION OF INJURY","0","0","0","0","0","5","0","15","2","5","41.8507396832","-87.639485501","POINT (-87.639485500994 41.850739683162)"
"95b10e012d4df5a38d9aa7d474eba777007c4a99b66b689ed4e59aa75b0229c0b0e0a17f3cc1bd7a306a24cae26c1e5855235934c305f79011cdb3973a972c1f",,"2025-05-19T15:07:00.000","30","TRAFFIC SIGNAL","FUNCTIONING PROPERLY","CLOUDY/OVERCAST","DAYLIGHT","TURNING","CENTER TURN LANE",,"STRAIGHT AND LEVEL","DRY","UNKNOWN","ON SCENE","NO INJURY / DRIVE AWAY","Y",,,"OVER $1,500","2025-05-19T15:13:00.000","FAILING TO YIELD RIGHT-OF-WAY","FAILING TO REDUCE SPEED TO AVOID CRASH","37","W","MARQUETTE RD","722",,,,,,,"2","NO INDICATION OF INJURY","0","0","0","0","0","3","0","15","2","5","41.7725763018","-87.626740364","POINT (-87.626740364026 41.772576301797)"
"d85428fa1dca514b55bb58d2042bfe8cb76e40f21ecb814041af067afa90df1ab9b4242388e3ab8723bb6e675cd8d28bda82f53053f4bda5347bed895bbc5d51",,"2025-05-19T15:02:00.000","30","TRAFFIC SIGNAL","FUNCTIONING PROPERLY","CLEAR","DAYLIGHT","SIDESWIPE SAME DIRECTION","NOT DIVIDED",,"STRAIGHT AND LEVEL","DRY","NO DEFECTS","ON SCENE","NO INJURY / DRIVE AWAY",,,"Y","$501 - $1,500","2025-05-19T15:02:00.000","UNABLE TO DETERMINE","NOT APPLICABLE","2","S","WESTERN AVE","1125",,,,,,,"2","NO INDICATION OF INJURY","0","0","0","0","0","2","0","15","2","5","41.8811147974","-87.6865770656","POINT (-87.686577065609 41.881114797417)"
"0a9d51d120af7fdf263d70aec131d2c2262a7aac0cfda5882d4abcea7c5ea6bef21da26505f03b0b2de903b1f6840d578d36061b786c1cd0a4be1e85fe606097",,"2025-05-19T15:00:00.000","30","STOP SIGN/FLASHER","NO CONTROLS","CLEAR","DAYLIGHT","REAR END","FOUR WAY",,"STRAIGHT AND LEVEL","DRY","UNKNOWN","ON SCENE","INJURY AND / OR TOW DUE TO CRASH","Y",,,"OVER $1,500","2025-05-19T15:35:00.000","UNABLE TO DETERMINE","NOT APPLICABLE","1001","E","MARQUETTE RD","321",,,,,,,"2","NONINCAPACITATING INJURY","1","0","0","1","0","1","0","15","2","5","41.7749023896","-87.6009089689","POINT (-87.600908968932 41.774902389607)"
"97e5fe88cf41511b10877732987833916c4554d8a9048cb85de0e64414ecd4430b93e60e3eef593bae434910360994159d10194f6a7ffb25a922f0c46cb286a9",,"2025-05-19T15:00:00.000","30","UNKNOWN","UNKNOWN","CLEAR","DAYLIGHT","TURNING","DIVIDED - W/MEDIAN (NOT RAISED)",,"STRAIGHT AND LEVEL","DRY","UNKNOWN","NOT ON SCENE (DESK REPORT)","NO INJURY / DRIVE AWAY","Y",,,"OVER $1,500","2025-05-19T16:47:00.000","IMPROPER TURNING/NO SIGNAL","DRIVING SKILLS/KNOWLEDGE/EXPERIENCE","1103","S","STATE ST","123",,,,,,,"2","NO INDICATION OF INJURY","0","0","0","0","0","2","0","15","2","5","41.8690962217","-87.6273180677","POINT (-87.627318067692 41.869096221735)"
"2df189322750d05cc639663f6c64f17d9393699dfe845cd1785537af27e2aea26838d86ee2ff7046ad8432593fb8bcc353160f60f0cf725b80bd29dd8e8f2ede",,"2025-05-19T14:57:00.000","30","NO CONTROLS","NO CONTROLS","CLEAR","DAYLIGHT","PARKED MOTOR VEHICLE","NOT DIVIDED",,"STRAIGHT AND LEVEL","DRY","UNKNOWN","ON SCENE","NO INJURY / DRIVE AWAY",,,,"$501 - $1,500","2025-05-19T15:52:00.000","DRIVING SKILLS/KNOWLEDGE/EXPERIENCE","UNABLE TO DETERMINE","3030","N","CICERO AVE","2521",,"Y",,,,,"2","NO INDICATION OF INJURY","0","0","0","0","0","1","0","14","2","5","41.9361348068","-87.7469268233","POINT (-87.746926823256 41.936134806824)"
"4dd178ccb6d3b180a576acff4e0f83f6da5255223c2b9fa0157e37850338f4c36b06ad00a27c3edf977c918af98540c78e0ffe26b7091d4848688e1853bcd819",,"2025-05-19T14:49:00.000","30","NO CONTROLS","NO CONTROLS","CLEAR","DAYLIGHT","ANGLE","NOT DIVIDED",,"STRAIGHT AND LEVEL","DRY","UNKNOWN","ON SCENE","INJURY AND / OR TOW DUE TO CRASH",,,"N","OVER $1,500","2025-05-19T14:49:00.000","IMPROPER OVERTAKING/PASSING","NOT APPLICABLE","3631","W","31ST ST","1032",,,,,,,"2","NONINCAPACITATING INJURY","1","0","0","1","0","1","0","14","2","5","41.8369256807","-87.715746701","POINT (-87.715746700993 41.836925680685)"
"ca41229bc7e6cf8b6bf38c3c0a8d0303bcd07dc7b891aa05eb64ed96d3c00ced6a35201187d67fec94004cd61410fa43bdaedbea76a88eed6b4a65277160a2dd",,"2025-05-19T14:45:00.000","30","TRAFFIC SIGNAL","UNKNOWN","CLEAR","DAYLIGHT","TURNING","FOUR WAY",,"STRAIGHT AND LEVEL","DRY","NO DEFECTS","ON SCENE","NO INJURY / DRIVE AWAY","Y",,"Y","OVER $1,500","2025-05-19T14:45:00.000","IMPROPER OVERTAKING/PASSING","IMPROPER LANE USAGE","8301","S","KEDZIE AVE","835",,,,,,,"2","NO INDICATION OF INJURY","0","0","0","0","0","2","0","14","2","5","41.7424748828","-87.7020512874","POINT (-87.702051287383 41.742474882797)"
"207701b332ef884cb9545e0f37eabaf113cd3583f8bc654180e296b33938250f2d1802572d01148651433ff2ee242618a5f1d9173946bfc68ec82602461852f5",,"2025-05-19T14:40:00.000","25","NO CONTROLS","NO CONTROLS","CLEAR","DAYLIGHT","PARKED MOTOR VEHICLE","ONE-WAY",,"STRAIGHT AND LEVEL","DRY","NO DEFECTS","NOT ON SCENE (DESK REPORT)","NO INJURY / DRIVE AWAY",,,,"OVER $1,500","2025-05-19T16:30:00.000","DRIVING SKILLS/KNOWLEDGE/EXPERIENCE","NOT APPLICABLE","6201","S","FAIRFIELD AVE","825",,,,,,,"2","NO INDICATION OF INJURY","0","0","0","0","0","2","0","14","2","5","41.7808678905","-87.6920775844","POINT (-87.692077584419 41.780867890545)"
"874d4e6a3af2882ff86472fc87c0a7310136ec3c8d8afaec6908e3c661d7e75fe346e487fd1a95777a220fdc1fcbf219c2225167a29183536ae087c5305476ba",,"2025-05-19T14:35:00.000","30","STOP SIGN/FLASHER","NO CONTROLS","CLEAR","DAYLIGHT","PARKED MOTOR VEHICLE","DIVIDED - W/MEDIAN (NOT RAISED)",,"STRAIGHT AND LEVEL","DRY","NO DEFECTS","ON SCENE","NO INJURY / DRIVE AWAY",,,,"OVER $1,500","2025-05-19T14:36:00.000","IMPROPER OVERTAKING/PASSING","IMPROPER OVERTAKING/PASSING","2229","S","BLUE ISLAND AVE","1034",,"N",,,,,"2","NO INDICATION OF INJURY","0","0","0","0","0","1","0","14","2","5","41.8516071308","-87.6674674367","POINT (-87.667467436722 41.851607130827)"
"0090f12768c3545f251250d42bea4c2b4a1f9857088f028942b882842dc8191d00503f6efe6b982871038608c788001488ac19f4cfcc5b917a0f2eeb9257a2b5",,"2025-05-19T14:30:00.000","20","TRAFFIC SIGNAL","FUNCTIONING PROPERLY","CLEAR","DAYLIGHT","ANGLE","FOUR WAY",,"STRAIGHT AND LEVEL","DRY","SHOULDER DEFECT","ON SCENE","INJURY AND / OR TOW DUE TO CRASH","Y",,"Y","OVER $1,500","2025-05-19T14:40:00.000","DRIVING ON WRONG SIDE/WRONG WAY","NOT APPLICABLE","8200","S","COTTAGE GROVE AVE","631",,,,,,,"2","REPORTED, NOT EVIDENT","1","0","0","0","1","1","0","14","2","5","41.7457041401","-87.6052282036","POINT (-87.605228203638 41.745704140078)"
"9609f212f8600e3cb1a63a51fdd59797234bdc8865bf7385a86d1c30744514343bbb4f8b802559308e7b2cca2f52fdbc8dd9d617f90f3b226b6081943056112d",,"2025-05-19T14:30:00.000","30","TRAFFIC SIGNAL","NO CONTROLS","CLEAR","DAYLIGHT","REAR END","NOT DIVIDED",,"STRAIGHT AND LEVEL","DRY","NO DEFECTS","NOT ON SCENE (DESK REPORT)","NO INJURY / DRIVE AWAY",,,,"$501 - $1,500","2025-05-19T16:40:00.000","UNABLE TO DETERMINE","UNABLE TO DETERMINE","1150","N","LAKE SHORE DR","1824",,,,,,,"2","NO INDICATION OF INJURY","0","0","0","0","0","4","0","14","2","5","41.9038773235","-87.6251180198","POINT (-87.625118019791 41.903877323452)"
"a7e3332a6a536067781d0e28c716a9ccee32ecd6e12e0c92ce79c27008c8f61682cc23236ef8b22389f7bcc1704670b7a34e5bf877b3b24e69b1a29811eff584",,"2025-05-19T14:30:00.000","30","NO CONTROLS","NO CONTROLS","UNKNOWN","UNKNOWN","PARKED MOTOR VEHICLE","DIVIDED - W/MEDIAN BARRIER",,"STRAIGHT AND LEVEL","UNKNOWN","UNKNOWN","NOT ON SCENE (DESK REPORT)","NO INJURY / DRIVE AWAY",,"Y","Y","$501 - $1,500","2025-05-19T15:10:00.000","IMPROPER LANE USAGE","IMPROPER LANE USAGE","1722","W","HARRISON ST","1231",,,,,,,"2","NO INDICATION OF INJURY","0","0","0","0","0","2","0","14","2","5","41.8742472491","-87.670088955","POINT (-87.670088954977 41.874247249097)"
"b54948156b756d76917eee30b50fe743dafb0ff68115a60576b62805152ca0d6fd21f6726c83a160c153bd8f7fedbb692398a084e0224eada345d3a3d402a45d",,"2025-05-19T14:30:00.000","30","NO CONTROLS","NO CONTROLS","CLEAR","DAYLIGHT","FIXED OBJECT","ONE-WAY",,"STRAIGHT AND LEVEL","DRY","UNKNOWN","NOT ON SCENE (DESK REPORT)","NO INJURY / DRIVE AWAY",,,,"OVER $1,500","2025-05-19T16:45:00.000","UNABLE TO DETERMINE","NOT APPLICABLE","1627","E","75TH ST","411",,,,,,,"1","NO INDICATION OF INJURY","0","0","0","0","0","1","0","14","2","5","41.7586726977","-87.5846445426","POINT (-87.584644542629 41.758672697729)"
"7c8a24bc1108e6dae79d109c425bceb05be52677b73d31699e52ad006b23e99cab3e7f3ef5197057d1a54c0ecb8c970ab8e6bbe0a95f42cce4c093272ad35649",,"2025-05-19T14:20:00.000","30","NO CONTROLS","NO CONTROLS","CLEAR","DAYLIGHT","SIDESWIPE SAME DIRECTION","DIVIDED - W/MEDIAN (NOT RAISED)",,"STRAIGHT AND LEVEL","DRY","UNKNOWN","NOT ON SCENE (DESK REPORT)","NO INJURY / DRIVE AWAY",,,"Y","OVER $1,500","2025-05-19T15:15:00.000","UNABLE TO DETERMINE","UNABLE TO DETERMINE","3845","S","WESTERN AVE","911",,,,,,,"2","NO INDICATION OF INJURY","0","0","0","0","0","2","0","14","2","5","41.8235097499","-87.6847246613","POINT (-87.684724661315 41.823509749865)"
"d236b66b2a3a1b98e3a7fee4b822dd7a5cd230d3911b889e82f83364d62cc7fe7e3b8b56426085568df6f9badbaccafeff63082acf906529909c64bfe5122a95",,"2025-05-19T14:15:00.000","35","TRAFFIC SIGNAL","FUNCTIONING PROPERLY","CLEAR","DAYLIGHT","REAR END","FOUR WAY",,"STRAIGHT ON GRADE","DRY","NO DEFECTS","ON SCENE","NO INJURY / DRIVE AWAY","Y",,,"OVER $1,500","2025-05-19T14:15:00.000","UNABLE TO DETERMINE","UNABLE TO DETERMINE","4500","W","63RD ST","813",,,,,,,"2","NO INDICATION OF INJURY","0","0","0","0","0","2","0","14","2","5","41.7786249931","-87.7350293641","POINT (-87.735029364106 41.778624993141)"
"c458554234dcedc1c6d7247d2f99fd3f394db0c3bd49de1ef2d22aaa1319263abd2fb325c02f47fb08edf258980ba4f39d1ae799d5bc401ac08185f8da0e8af3",,"2025-05-19T13:56:00.000","30","NO CONTROLS","NO CONTROLS","CLEAR","DAYLIGHT","REAR END","NOT DIVIDED",,"STRAIGHT AND LEVEL","DRY","NO DEFECTS","ON SCENE","INJURY AND / OR TOW DUE TO CRASH",,,,"OVER $1,500","2025-05-19T13:57:00.000","FAILING TO REDUCE SPEED TO AVOID CRASH","NOT APPLICABLE","4754","W","DIVERSEY AVE","2521",,,,,,,"2","REPORTED, NOT EVIDENT","1","0","0","0","1","2","0","13","2","5","41.9316459028","-87.7463718184","POINT (-87.746371818405 41.931645902769)"
"d38e45dc8b84c7afa17bb6a7debe4cd41fcfd54c716c06e7a12fc1402d3bb50b1a2de3b272c7bdd9407ab8573b6771ac92361c4bafe205e915e3f0580b10d9df",,"2025-05-19T13:45:00.000","30","TRAFFIC SIGNAL","FUNCTIONING PROPERLY","CLEAR","DAYLIGHT","REAR END","NOT DIVIDED",,"STRAIGHT AND LEVEL","DRY","NO DEFECTS","NOT ON SCENE (DESK REPORT)","NO INJURY / DRIVE AWAY",,,,"$501 - $1,500","2025-05-19T16:23:00.000","FOLLOWING TOO CLOSELY","FOLLOWING TOO CLOSELY","4300","S","WESTERN AVE","922",,,,,,,"2","NO INDICATION OF INJURY","0","0","0","0","0","3","0","13","2","5","41.8156032045","-87.6847727236","POINT (-87.684772723609 41.815603204509)"