"crash_record_id","crash_date_est_i","crash_date","posted_speed_limit","traffic_control_device","device_condition","weather_condition","lighting_condition","first_crash_type","trafficway_type","lane_cnt","alignment","roadway_surface_cond","road_defect","report_type","crash_type","intersection_related_i","private_property_i","hit_and_run_i","damage","date_police_notified","prim_contributory_cause","sec_contributory_cause","street_no","street_direction","street_name","beat_of_occurrence","photos_taken_i","statements_taken_i","dooring_i","work_zone_i","work_zone_type","workers_present_i","num_units","most_severe_injury","injuries_total","injuries_fatal","injuries_incapacitating","injuries_non_incapacitating","injuries_reported_not_evident","injuries_no_indication","injuries_unknown","crash_hour","crash_day_of_week","crash_month","latitude","longitude","location"
"cdefc223494af51e2b1f950915f67d8add6d76276b379992eccaccceeb88856fc560df5852f0a75a58ae5e67eecf48e1887d9ede32d7454f7d6580efa52fbc96",,"2025-05-19T07:50:00.000","30","TRAFFIC SIGNAL","FUNCTIONING PROPERLY","CLOUDY/OVERCAST","DAYLIGHT","TURNING","FOUR WAY",,"STRAIGHT AND LEVEL","DRY","NO DEFECTS","NOT ON SCENE (DESK REPORT)","NO INJURY / DRIVE AWAY","Y",,,"OVER $1,500","2025-05-19T08:47:00.000","DRIVING SKILLS/KNOWLEDGE/EXPERIENCE","NOT APPLICABLE","400","S","DAMEN AVE","1225",,,,,,,"2","NO INDICATION OF INJURY","0","0","0","0","0","3","0","7","2","5","41.8761861666","-87.6766739725","POINT (-87.67667397249 41.876186166555)"
"a5bec876e531455b56b25cfb6cd4185079c5c75129580122e3459cb8c8e4c570deb45c4a54ce9e00037c64270f3bd0110e90d8a5c7834a5d5f1e21fdfbfbbc3d",,"2025-05-19T07:47:00.000","25","NO CONTROLS","NO CONTROLS","CLEAR","DAYLIGHT","PEDALCYCLIST","DIVIDED - W/MEDIAN (NOT RAISED)",,"STRAIGHT AND LEVEL","DRY","NO DEFECTS","ON SCENE","INJURY AND / OR TOW DUE TO CRASH",,,,"$501 - $1,500","2025-05-19T07:56:00.000","FAILING TO YIELD RIGHT-OF-WAY","FAILING TO YIELD RIGHT-OF-WAY","334","N","GREEN ST","1214",,,,,,,"2","NONINCAPACITATING INJURY","1","0","0","1","0","2","0","7","2","5","41.8877870243","-87.6488376499","POINT (-87.648837649871 41.887787024342)"
"00687f8e8c790aaae756c08586e7bc0251c4a9962a6f829c486215ee832cac717906c1c7f634d4a70a89aef5bbe9832be5c90f6150c19f0922bb6917757c8cf8",,"2025-05-19T07:40:00.000","30","TRAFFIC SIGNAL","FUNCTIONING PROPERLY","CLEAR","DAYLIGHT","SIDESWIPE SAME DIRECTION","DIVIDED - W/MEDIAN (NOT RAISED)",,"STRAIGHT AND LEVEL","DRY","UNKNOWN","NOT ON SCENE (DESK REPORT)","NO INJURY / DRIVE AWAY","Y",,,"OVER $1,500","2025-05-19T13:05:00.000","IMPROPER OVERTAKING/PASSING","FAILING TO YIELD RIGHT-OF-WAY","3195","W","CERMAK RD","1033",,,,,,,"2","NO INDICATION OF INJURY","0","0","0","0","0","2","0","7","2","5","41.8516562922","-87.7051908856","POINT (-87.705190885558 41.85165629222)"
"54338b049cf3c0aa7bc185c72b26866281f03aa1367fab199fefcc4f4ace038a16bd9955b48eafc8704de6c82a7e8cafba29a58a97118c468de47f1f8c77c328",,"2025-05-19T07:40:00.000","30","TRAFFIC SIGNAL","OTHER","CLEAR","DAYLIGHT","TURNING","DIVIDED - W/MEDIAN BARRIER",,"STRAIGHT AND LEVEL","DRY","NO DEFECTS","NOT ON SCENE (DESK REPORT)","NO INJURY / DRIVE AWAY",,,"Y","OVER $1,500","2025-05-19T10:11:00.000","IMPROPER TURNING/NO SIGNAL","NOT APPLICABLE","1","E","75TH ST","623",,,,,,,"2","NO INDICATION OF INJURY","0","0","0","0","0","2","0","7","2","5","41.758074111","-87.6246716584","POINT (-87.624671658352 41.758074110978)"
"13c50d4c3fe35a683db4ff548933f0f766f7873c1f7fdbbdf7430633a3513f33567866d3a347039d6e11927c056feb533b1036a0581aa8cee0a0d9f3b6bbc73b",,"2025-05-19T07:35:00.000","30","TRAFFIC SIGNAL","FUNCTIONING PROPERLY","CLEAR","DAYLIGHT","TURNING","FOUR WAY",,"STRAIGHT AND LEVEL","DRY","NO DEFECTS","ON SCENE","INJURY AND / OR TOW DUE TO CRASH","Y",,,"OVER $1,500","2025-05-19T07:46:00.000","FAILING TO YIELD RIGHT-OF-WAY","FAILING TO REDUCE SPEED TO AVOID CRASH","3500","W","51ST ST","821",,,,,,,"2","NO INDICATION OF INJURY","0","0","0","0","0","5","0","7","2","5","41.8008242048","-87.7112476266","POINT (-87.711247626634 41.800824204805)"
"69bd21e1b6d600562c37fb2d5d8a06046056a75a849559b234396f1d5009636e12037c274ca9cd2db8b874541461f3523e849fb3128682180d5fb37a14daa33c",,"2025-05-19T07:35:00.000","30","NO CONTROLS","NO CONTROLS","CLEAR","DAYLIGHT","PARKED MOTOR VEHICLE","DIVIDED - W/MEDIAN BARRIER",,"STRAIGHT AND LEVEL","DRY","UNKNOWN","NOT ON SCENE (DESK REPORT)","NO INJURY / DRIVE AWAY",,,,"OVER $1,500","2025-05-19T08:05:00.000","UNABLE TO DETERMINE","UNABLE TO DETERMINE","4317","N","ASHLAND AVE","1912",,,,,,,"2","NO INDICATION OF INJURY","0","0","0","0","0","1","0","7","2","5","41.9603146406","-87.6690730537","POINT (-87.669073053707 41.960314640582)"
"e6c74913b337564d78e3e22dede6164d82903d364add754dd2fedc4433045bc338e9676b83fdd2b21552883ecee811ac2ca09e0236023fe6a46aee301bd6e206",,"2025-05-19T07:34:00.000","40","NO CONTROLS","NO CONTROLS","CLOUDY/OVERCAST","DAYLIGHT","SIDESWIPE SAME DIRECTION","DIVIDED - W/MEDIAN BARRIER",,"STRAIGHT AND LEVEL","DRY","NO DEFECTS","NOT ON SCENE (DESK REPORT)","INJURY AND / OR TOW DUE TO CRASH",,,,"OVER $1,500","2025-05-19T08:30:00.000","IMPROPER LANE USAGE","NOT APPLICABLE","401","N","LAKE SHORE DR NB","1834",,,,,,,"2","REPORTED, NOT EVIDENT","1","0","0","0","1","3","0","7","2","5","41.8891462543","-87.6138431274","POINT (-87.613843127448 41.889146254302)"
"ede96e03a0708a4e87eae2c28d9454849b180d271a0ea0def50b7646fb1ca5ee919e3efc05c3d7814c4ed08f8a823a2792efdc95a9d4513adef79f8a95df1e23","Y","2025-05-19T07:30:00.000","20","NO CONTROLS","NO CONTROLS","CLEAR","DAYLIGHT","PARKED MOTOR VEHICLE","ONE-WAY",,"STRAIGHT AND LEVEL","DRY","NO DEFECTS","NOT ON SCENE (DESK REPORT)","NO INJURY / DRIVE AWAY",,,"Y","OVER $1,500","2025-05-19T16:20:00.000","OPERATING VEHICLE IN ERRATIC, RECKLESS, CARELESS, NEGLIGENT OR AGGRESSIVE MANNER","NOT APPLICABLE","6721","S","RIDGELAND AVE","332",,,,,,,"2","NO INDICATION OF INJURY","0","0","0","0","0","1","0","7","2","5","41.7727110343","-87.5824829535","POINT (-87.582482953469 41.772711034279)"
"fdf3afd451ff6396dec295f891080f2885190f63b1d3181b9f5acc64f47f377530d46ff470e1e219b98bc4c93c2d9d04cfe8d3ffa1b76b8e61666fb8a8fbcc71",,"2025-05-19T07:30:00.000","30","NO CONTROLS","NO CONTROLS","CLEAR","UNKNOWN","PARKED MOTOR VEHICLE","NOT DIVIDED",,"STRAIGHT AND LEVEL","DRY","NO DEFECTS","ON SCENE","INJURY AND / OR TOW DUE TO CRASH",,,"Y","OVER $1,500","2025-05-19T08:30:00.000","UNABLE TO DETERMINE","DRIVING SKILLS/KNOWLEDGE/EXPERIENCE","2627","N","SHEFFIELD AVE","1935",,,,,,,"2","NO INDICATION OF INJURY","0","0","0","0","0","1","0","7","2","5","41.929834282","-87.6536161187","POINT (-87.653616118731 41.929834281953)"
"6bec703d96e45646f70046cda8e51a1010c1833e574b9ecd4a347b8676805f101be65e4cfcf112ce90c590bcdd5f636f26f44d88f963d04db936a5fc921aae03",,"2025-05-19T07:29:00.000","30","NO CONTROLS","NO CONTROLS","CLEAR","DAYLIGHT","FIXED OBJECT","NOT DIVIDED",,"STRAIGHT AND LEVEL","DRY","NO DEFECTS","ON SCENE","INJURY AND / OR TOW DUE TO CRASH",,,,"OVER $1,500","2025-05-19T08:05:00.000","UNABLE TO DETERMINE","UNABLE TO DETERMINE","4601","W","55TH ST","813",,,,,,,"1","NO INDICATION OF INJURY","0","0","0","0","0","1","0","7","2","5","41.792960958","-87.7380633025","POINT (-87.73806330249 41.792960957958)"
"b5ea0a0da206488e80945d7579822b6df54660492cac98569384d6e56ee6674b3512e81ae79ad5c75260de6276a9515c05fe019f13e45c436ccb4ac03534bf9b",,"2025-05-19T07:14:00.000","30","NO CONTROLS","NO CONTROLS","CLEAR","DAYLIGHT","SIDESWIPE SAME DIRECTION","ONE-WAY",,"CURVE, LEVEL","DRY","NO DEFECTS","ON SCENE","NO INJURY / DRIVE AWAY",,,,"$501 - $1,500","2025-05-19T07:30:00.000","FAILING TO YIELD RIGHT-OF-WAY","FAILING TO REDUCE SPEED TO AVOID CRASH","1963","S","RUBLE ST","1235",,"Y",,,,,"2","NO INDICATION OF INJURY","0","0","0","0","0","2","0","7","2","5","41.8557584376","-87.6436198569","POINT (-87.643619856891 41.855758437575)"
"b4d2acb155901b60c51d1696ddfffcb5079632045932333f66d3c540e05c71edaefcadba86829b30416474906c85cfcf50c431bb0f44b0de67e82de58b1d20c0",,"2025-05-19T07:07:00.000","35","NO CONTROLS","NO CONTROLS","CLEAR","DAYLIGHT","TURNING","NOT DIVIDED",,"STRAIGHT AND LEVEL","DRY","NO DEFECTS","NOT ON SCENE (DESK REPORT)","NO INJURY / DRIVE AWAY",,,,"OVER $1,500","2025-05-19T07:34:00.000","UNABLE TO DETERMINE","UNABLE TO DETERMINE","4440","N","CICERO AVE","1623",,,,,,,"2","NO INDICATION OF INJURY","0","0","0","0","0","2","0","7","2","5","41.9618841751","-87.7477221203","POINT (-87.747722120282 41.961884175142)"
"9510f7f2f29006fb2047b76fb907e4d7a0377874b6da199e16b21cb606911b356a1500b7ab0228f85d8b5f3ddef33f518aa2040e9f3dfcca6cb2a35d2e3d6939",,"2025-05-19T07:05:00.000","30","STOP SIGN/FLASHER","NO CONTROLS","CLEAR","DAYLIGHT","ANGLE","DIVIDED - W/MEDIAN (NOT RAISED)",,"STRAIGHT AND LEVEL","DRY","NO DEFECTS","NOT ON SCENE (DESK REPORT)","NO INJURY / DRIVE AWAY","Y",,,"OVER $1,500","2025-05-19T17:48:00.000","UNABLE TO DETERMINE","NOT APPLICABLE","1740","W","TAYLOR ST","1231",,,,,,,"2","NO INDICATION OF INJURY","0","0","0","0","0","3","0","7","2","5","41.8693109071","-87.6705986821","POINT (-87.670598682097 41.869310907082)"
"f0940802000cd862aee81af785f513534c466806c58e2625d24c05f94533927cf0aadf9a1fb5c368b1ae6532f9b1714992fe7700dbe86b31afae9affb31f5a17",,"2025-05-19T06:55:00.000","40","NO CONTROLS","NO CONTROLS","CLEAR","DAYLIGHT","REAR END","DIVIDED - W/MEDIAN BARRIER",,"STRAIGHT AND LEVEL","DRY","NO DEFECTS","ON SCENE","NO INJURY / DRIVE AWAY",,,"Y","OVER $1,500","2025-05-19T06:55:00.000","OPERATING VEHICLE IN ERRATIC, RECKLESS, CARELESS, NEGLIGENT OR AGGRESSIVE MANNER","FOLLOWING TOO CLOSELY","3101","N","LAKE SHORE DR NB","1934",,,,,,,"2","NO INDICATION OF INJURY","0","0","0","0","0","2","0","6","2","5","41.9378891915","-87.6349417836","POINT (-87.634941783631 41.93788919152)"
"7422e5625cbd0a359b4992be8e1c5bfb42eb66cc1f5e79bd3bff2d73e3235812b13ca752cdee451bd62fbf198245b97ed652c6564cb3cbaa3b1a077ec0816d37",,"2025-05-19T06:40:00.000","30","STOP SIGN/FLASHER","FUNCTIONING PROPERLY","CLEAR","DAYLIGHT","TURNING","FOUR WAY",,"STRAIGHT AND LEVEL","DRY","NO DEFECTS","ON SCENE","INJURY AND / OR TOW DUE TO CRASH",,,,"OVER $1,500","2025-05-19T06:42:00.000","FAILING TO YIELD RIGHT-OF-WAY","NOT APPLICABLE","4300","N","MILWAUKEE AVE","1624",,,,,,,"2","NONINCAPACITATING INJURY","2","0","0","1","1","0","0","6","2","5","41.9588168193","-87.7530817522","POINT (-87.753081752244 41.958816819255)"
"efc302a7a8b16bac957b0e18c2cbc425e8f51df280face25e3b3a2ea15cee08a1fa02ef375e196fdf35b192124da049e62d1a2ac54987d5892c1dc5377839af2",,"2025-05-19T06:39:00.000","25","UNKNOWN","UNKNOWN","CLEAR","DAYLIGHT","REAR END","DIVIDED - W/MEDIAN (NOT RAISED)",,"STRAIGHT AND LEVEL","DRY","NO DEFECTS","NOT ON SCENE (DESK REPORT)","NO INJURY / DRIVE AWAY",,,,"OVER $1,500","2025-05-19T07:00:00.000","UNABLE TO DETERMINE","UNABLE TO DETERMINE","3799","W","ARMITAGE AVE","2535",,,,,,,"2","NO INDICATION OF INJURY","0","0","0","0","0","2","0","6","2","5","41.9171146749","-87.7216012653","POINT (-87.721601265341 41.917114674932)"
"26fef426b6c71d5606ada08304dc8f6d7f151c048f3f806ffbbd2744ff61cdba7714affd7b451b821b44b74a292b4c3d5659c074aece8d2b18b64ceed41cfd22",,"2025-05-19T06:30:00.000","30","NO CONTROLS","NO CONTROLS","UNKNOWN","UNKNOWN","REAR END","ONE-WAY",,"STRAIGHT AND LEVEL","UNKNOWN","UNKNOWN","NOT ON SCENE (DESK REPORT)","NO INJURY / DRIVE AWAY",,,,"OVER $1,500","2025-05-19T16:44:00.000","UNABLE TO DETERMINE","UNABLE TO DETERMINE","5700","S","CICERO AVE","813",,,,,,,"2","NO INDICATION OF INJURY","0","0","0","0","0","2","0","6","2","5","41.7893293233","-87.7416456442","POINT (-87.741645644196 41.789329323265)"
"d46bf0aa7dea60a2c0b3a0fc9754537d4f2923592e24c66a2a759ffc0f07f189ce87b14155932b6bfd616bfd4bc6fdddb148a738a20750b029a845d784c2f4ce",,"2025-05-19T06:30:00.000","30","NO CONTROLS","NO CONTROLS","CLEAR","DAYLIGHT","PARKED MOTOR VEHICLE","ONE-WAY",,"STRAIGHT AND LEVEL","DRY","NO DEFECTS","NOT ON SCENE (DESK REPORT)","NO INJURY / DRIVE AWAY",,,"Y","$501 - $1,500","2025-05-19T11:00:00.000","UNABLE TO DETERMINE","UNABLE TO DETERMINE","1213","W","RACE AVE","1214",,,,,,,"2","NO INDICATION OF INJURY","0","0","0","0","0","1","0","6","2","5","41.891706635","-87.6581216708","POINT (-87.658121670814 41.891706634954)"
"67da4e9ba2e0cad7c27c8def6c073ac510e3c8cf7b09f198f7570a1ff132f148d6b61f5d1ac8f487ff1ec0d6139a4d8b72b71f802c6b3fb6afe9924a25f5676f",,"2025-05-19T06:29:00.000","30","TRAFFIC SIGNAL","FUNCTIONING PROPERLY","CLOUDY/OVERCAST","DAWN","ANGLE","TRAFFIC ROUTE",,"STRAIGHT AND LEVEL","DRY","NO DEFECTS","ON SCENE","NO INJURY / DRIVE AWAY","Y",,,"$500 OR LESS","2025-05-19T06:29:00.000","FAILING TO YIELD RIGHT-OF-WAY","NOT APPLICABLE","500","N","KEDZIE AVE","1121",,,,,,,"2","NO INDICATION OF INJURY","0","0","0","0","0","2","0","6","2","5","41.8903844508","-87.7065467882","POINT (-87.706546788234 41.890384450837)"
"307c3bf3378fd08f67e16a936d3799328e326684f49ce6ac96e6cc683fbe46007d85f0c17c63999a5bde373d2172949f6ba5117c48c6871673b425b240e5453c",,"2025-05-19T06:23:00.000","30","STOP SIGN/FLASHER","FUNCTIONING PROPERLY","CLEAR","DAYLIGHT","ANGLE","FOUR WAY",,"STRAIGHT AND LEVEL","DRY","NO DEFECTS","NOT ON SCENE (DESK REPORT)","NO INJURY / DRIVE AWAY",,,,"$501 - $1,500","2025-05-19T06:50:00.000","FAILING TO YIELD RIGHT-OF-WAY","FAILING TO YIELD RIGHT-OF-WAY","1000","S","PAULINA ST","1231",,,,,,,"2","NO INDICATION OF INJURY","0","0","0","0","0","2","0","6","2","5","41.8691785049","-87.6691131543","POINT (-87.669113154259 41.869178504929)"
"834b34ca7a87bb250516a6516dd5c8e956a8517ffb0175d5f4380cc9637eddb96b3f5131357845c45a2fa49c94c5beb8bdce53c68ce15b815cf48c46c6c78bb6",,"2025-05-19T06:15:00.000","30","NO CONTROLS","NO CONTROLS","CLEAR","DAWN","PARKED MOTOR VEHICLE","NOT DIVIDED",,"STRAIGHT AND LEVEL","DRY","NO DEFECTS","ON SCENE","INJURY AND / OR TOW DUE TO CRASH",,,,"OVER $1,500","2025-05-19T06:40:00.000","UNABLE TO DETERMINE","NOT APPLICABLE","3940","W","DICKENS AVE","2525",,,,,,,"3","NO INDICATION OF INJURY","0","0","0","0","0","1","0","6","2","5","41.9191129631","-87.7258715838","POINT (-87.725871583797 41.919112963145)"
"be3370d59855c1bd7c53d73c4a8eafd30ab8e75f025ca399054b918e41bb0de274db1f0047ef634f64818746d22b34a53f7bb235b23c9b9a5fe2db2a2074d23c",,"2025-05-19T06:15:00.000","30","NO CONTROLS","NO CONTROLS","CLEAR","DAWN","REAR END","NOT DIVIDED",,"STRAIGHT AND LEVEL","DRY","UNKNOWN","NOT ON SCENE (DESK REPORT)","NO INJURY / DRIVE AWAY",,,,"OVER $1,500","2025-05-19T07:25:00.000","UNABLE TO DETERMINE","NOT APPLICABLE","3401","S","WESTERN AVE","911",,,,,,,"2","NO INDICATION OF INJURY","0","0","0","0","0","2","0","6","2","5","41.8320502985","-87.6849281234","POINT (-87.684928123423 41.83205029845)"
"e02eba15c7ec352a59ed581e3c26bf1b947800f9b58d2c07bc48d2c57fb69160e18c0568b451326e1e1d2f99efa0b43df11fa453f84ccb077b19699525f592bd",,"2025-05-19T06:04:00.000","30","NO CONTROLS","FUNCTIONING PROPERLY","CLEAR","DAYLIGHT","REAR END","ONE-WAY",,"STRAIGHT AND LEVEL","DRY","NO DEFECTS","ON SCENE","INJURY AND / OR TOW DUE TO CRASH",,,,"OVER $1,500","2025-05-19T06:06:00.000","UNABLE TO DETERMINE","UNABLE TO DETERMINE","5600","N","LAKE SHORE DR NB","2022",,,,,,,"3","INCAPACITATING INJURY","4","0","1","1","2","0","0","6","2","5","41.9839519461","-87.6532151083","POINT (-87.653215108266 41.983951946132)"
"f4f85c2131e8e12e05f64dfba61027bbb28d54862f36672721b3ecb0bb9f60a9258c58eac70aa3b2770cd5ccc63d4ea6e826fc913e3c8650966d926124b75fb9",,"2025-05-19T05:51:00.000","40","TRAFFIC SIGNAL","UNKNOWN","CLEAR","DAYLIGHT","TURNING","DIVIDED - W/MEDIAN (NOT RAISED)",,"STRAIGHT ON GRADE","UNKNOWN","UNKNOWN","ON SCENE","INJURY AND / OR TOW DUE TO CRASH","Y",,,"OVER $1,500","2025-05-19T05:55:00.000","FAILING TO YIELD RIGHT-OF-WAY","IMPROPER TURNING/NO SIGNAL","310","S","LAKE SHORE DR SB","114",,,,,,,"2","NONINCAPACITATING INJURY","2","0","0","2","0","1","0","5","2","5","41.8780813365","-87.617570212","POINT (-87.617570211985 41.878081336545)"
"3e5e671a5efeb534c0b234035a777f35e69d2091ccab9d43f9a36c543f5f92151d82b5c4ef1cf24487a732702526a5bf39536bdfd1e10fb13ec82e9f1a6c8150",,"2025-05-19T05:00:00.000","30","TRAFFIC SIGNAL","FUNCTIONING PROPERLY","CLEAR","UNKNOWN","ANGLE","FOUR WAY",,"STRAIGHT AND LEVEL","DRY","NO DEFECTS","NOT ON SCENE (DESK REPORT)","NO INJURY / DRIVE AWAY","Y",,,"OVER $1,500","2025-05-19T15:35:00.000","DISREGARDING TRAFFIC SIGNALS","UNABLE TO DETERMINE","300","N","PULASKI RD","1114",,,,,,,"2","NO INDICATION OF INJURY","0","0","0","0","0","2","0","5","2","5","41.885533551","-87.7259529068","POINT (-87.725952906768 41.885533551021)"
"bbf6b7fcc3aadb80225eec616e1ea1dcd08d7f42dafa3991af21c79b195cc6a7e4f14b15c42944588321149db477b651a5fc8e858f05ae032bc9ec294cd7a53d","Y","2025-05-19T05:00:00.000","30","UNKNOWN","UNKNOWN","CLEAR","DAYLIGHT","PARKED MOTOR VEHICLE","NOT DIVIDED",,"STRAIGHT AND LEVEL","DRY","UNKNOWN","ON SCENE","NO INJURY / DRIVE AWAY",,,"Y","OVER $1,500","2025-05-19T07:21:00.000","UNABLE TO DETERMINE","UNABLE TO DETERMINE","3337","N","KOLMAR AVE","1731",,,,,,,"2","NO INDICATION OF INJURY","0","0","0","0","0","1","0","5","2","5","41.9418587762","-87.7406635634","POINT (-87.740663563373 41.941858776236)"
"464c594addbac5d4469e287dd602b0fd16508f9d77ec13296aa34b8b5e3ec0b113f86d5d186db13fd5d06a822a9ab4338921b1db9a91c98a9ef4eba9f9044e66",,"2025-05-19T04:08:00.000","30","FLASHING CONTROL SIGNAL","NO CONTROLS","CLEAR","DARKNESS, LIGHTED ROAD","SIDESWIPE SAME DIRECTION","NOT DIVIDED",,"STRAIGHT AND LEVEL","DRY","NO DEFECTS","ON SCENE","INJURY AND / OR TOW DUE TO CRASH",,,"N","OVER $1,500","2025-05-19T04:09:00.000","HAD BEEN DRINKING (USE WHEN ARREST IS NOT MADE)","PHYSICAL CONDITION OF DRIVER","1641","N","AUSTIN AVE","2531",,,,,,,"5","NO INDICATION OF INJURY","0","0","0","0","0","6","0","4","2","5","41.9104584502","-87.7751137446","POINT (-87.775113744618 41.910458450163)"
"9f3ea67e0b8800172016e0ef6528bb5810f4f62255f44adcd77c35483266a88e6909fd65ca867c26c1f52707ccccbd75e27ad6429e65c25f7fd96a23852908f3",,"2025-05-19T02:55:00.000","30","NO CONTROLS","NO CONTROLS","UNKNOWN","DARKNESS","PARKED MOTOR VEHICLE","ONE-WAY",,"STRAIGHT AND LEVEL","UNKNOWN","UNKNOWN","NOT ON SCENE (DESK REPORT)","NO INJURY / DRIVE AWAY",,,"Y","OVER $1,500","2025-05-19T19:10:00.000","UNABLE TO DETERMINE","UNABLE TO DETERMINE","2137","N","MOODY AVE","2512",,,,,,,"2","NO INDICATION OF INJURY","0","0","0","0","0","1","0","2","2","5","41.9189716548","-87.7790583527","POINT (-87.779058352746 41.918971654833)"
"5a7ed1c8cb67b41fee004fa50470220e5ddea35b7547de347e804a103b7374da7aa0f26c88b9681c7a913212c18c14ec45096a895e71a6949e09c4b517fa927d",,"2025-05-19T02:30:00.000","35","NO CONTROLS","NO CONTROLS","CLEAR","DARKNESS, LIGHTED ROAD","PARKED MOTOR VEHICLE","NOT DIVIDED",,"STRAIGHT AND LEVEL","DRY","UNKNOWN","ON SCENE","NO INJURY / DRIVE AWAY",,,"Y","$501 - $1,500","2025-05-19T15:57:00.000","UNABLE TO DETERMINE","NOT APPLICABLE","19","S","OAKLEY BLVD","1223","N",,,,,,"3","NO INDICATION OF INJURY","0","0","0","0","0","1","0","2","2","5","41.8805777315","-87.6838011623","POINT (-87.683801162261 41.880577731485)"
"e5cba59fa75f999526326d389a451d822a71a4ddb71b0260eef4de89ea014775e4b90377e1cf87552994c629293e0994704ed83e2c50f519913f38aebfbdf2e0",,"2025-05-19T02:15:00.000","30","NO CONTROLS","NO CONTROLS","CLEAR","DARKNESS, LIGHTED ROAD","REAR END","DIVIDED - W/MEDIAN BARRIER",,"STRAIGHT AND LEVEL","DRY","NO DEFECTS","ON SCENE","NO INJURY / DRIVE AWAY",,,"Y","OVER $1,500","2025-05-19T02:15:00.000","DISTRACTION - FROM OUTSIDE VEHICLE","DISTRACTION - FROM OUTSIDE VEHICLE","300","N","CENTRAL PARK AVE","1123",,,,,,,"2","NO INDICATION OF INJURY","0","0","0","0","0","2","0","2","2","5","41.8863364098","-87.7162031306","POINT (-87.716203130599 41.886336409761)"
"2d141751a6383b7b3bda4d190d34a0ce3a1a8a455451132258be8946921b642fd88c3a9fe8ac6ec2282dc791c5ce6ee2cd0092212631c944c8727aee0ae47aef",,"2025-05-19T02:13:00.000","30","NO CONTROLS","NO CONTROLS","CLEAR","DARKNESS, LIGHTED ROAD","PARKED MOTOR VEHICLE","ONE-WAY",,"STRAIGHT AND LEVEL","DRY","UNKNOWN","ON SCENE","INJURY AND / OR TOW DUE TO CRASH",,,"Y","OVER $1,500","2025-05-19T02:16:00.000","NOT APPLICABLE","NOT APPLICABLE","440","E","111TH PL","531",,"Y",,,,,"3","NO INDICATION OF INJURY","0","0","0","0","0","1","0","2","2","5","41.6919847712","-87.6117930375","POINT (-87.611793037458 41.691984771151)"
"639d681510f3d0ebbd6f05ac5dc76ae9abbc110f58001d4a1afdd289d276130d206666552856e54505095dc4aa3e4a5915e1bcabeeeba70dcad32f95a9d31ace",,"2025-05-19T02:00:00.000","25","NO CONTROLS","NO CONTROLS","CLEAR","DARKNESS, LIGHTED ROAD","PARKED MOTOR VEHICLE","DIVIDED - W/MEDIAN (NOT RAISED)",,"STRAIGHT AND LEVEL","DRY","UNKNOWN","NOT ON SCENE (DESK REPORT)","NO INJURY / DRIVE AWAY",,,"Y","OVER $1,500","2025-05-19T16:35:00.000","UNABLE TO DETERMINE","UNABLE TO DETERMINE","522","N","HAMLIN AVE","1122",,,,,,,"2","NO INDICATION OF INJURY","0","0","0","0","0","1","0","2","2","5","41.8906215174","-87.7212026464","POINT (-87.721202646357 41.890621517357)"
"667c9e3463ecfe76396d19f0eab179650236cd89266ce4681a3fe5afa61f259a5349302863107231f80f3a6685f92cc337c7b2fd5da8bd002c230733f29577bc","Y","2025-05-19T02:00:00.000","30","NO CONTROLS","NO CONTROLS","CLEAR","DARKNESS, LIGHTED ROAD","FIXED OBJECT","DIVIDED - W/MEDIAN BARRIER",,"STRAIGHT AND LEVEL","DRY","NO DEFECTS","ON SCENE","INJURY AND / OR TOW DUE TO CRASH",,,"Y","OVER $1,500","2025-05-19T03:30:00.000","UNABLE TO DETERMINE","UNABLE TO DETERMINE","7408","S","EXCHANGE AVE","334",,,,,,,"1","NO INDICATION OF INJURY","0","0","0","0","0","2","0","2","2","5","41.7605280516","-87.5617783458","POINT (-87.56177834584 41.76052805156)"
"85e47fb10858aa2bcd93c158a9beebdcb7d4600b78148c45bd6ed7d3b9334c27e5fb6f02a1f3a2a32ded2b39c7b5d1d2a4f5a124164415080e2b5a9998a231b5",,"2025-05-19T01:50:00.000","30","NO CONTROLS","FUNCTIONING PROPERLY","CLEAR","DARKNESS, LIGHTED ROAD","PARKED MOTOR VEHICLE","NOT DIVIDED",,"STRAIGHT AND LEVEL","DRY","NO DEFECTS","ON SCENE","NO INJURY / DRIVE AWAY",,,"Y","OVER $1,500","2025-05-19T01:56:00.000","UNABLE TO DETERMINE","NOT APPLICABLE","1033","W","79TH ST","612",,,,,,,"2","NO INDICATION OF INJURY","0","0","0","0","0","1","0","1","2","5","41.7504400562","-87.6501603037","POINT (-87.650160303667 41.750440056232)"