"crash_record_id","crash_date_est_i","crash_date","posted_speed_limit","traffic_control_device","device_condition","weather_condition","lighting_condition","first_crash_type","trafficway_type","lane_cnt","alignment","roadway_surface_cond","road_defect","report_type","crash_type","intersection_related_i","private_property_i","hit_and_run_i","damage","date_police_notified","prim_contributory_cause","sec_contributory_cause","street_no","street_direction","street_name","beat_of_occurrence","photos_taken_i","statements_taken_i","dooring_i","work_zone_i","work_zone_type","workers_present_i","num_units","most_severe_injury","injuries_total","injuries_fatal","injuries_incapacitating","injuries_non_incapacitating","injuries_reported_not_evident","injuries_no_indication","injuries_unknown","crash_hour","crash_day_of_week","crash_month","latitude","longitude","location"
"6f68fc874670316f2a2594cde0b44764202dd8cf7738c988b06ecfc7b56b2ebbf130a4f6afac0444755861c3a78a4322f798effd69c703528f9fc6e106a692fe",,"2025-05-19T01:24:00.000","30","TRAFFIC SIGNAL","FUNCTIONING PROPERLY","CLEAR","DARKNESS, LIGHTED ROAD","TURNING","NOT DIVIDED",,"STRAIGHT AND LEVEL","DRY","NO DEFECTS","ON SCENE","INJURY AND / OR TOW DUE TO CRASH",,,"Y","OVER $1,500","2025-05-19T01:27:00.000","UNABLE TO DETERMINE","UNABLE TO DETERMINE","1","S","CICERO AVE","1113",,,,,,,"2","NONINCAPACITATING INJURY","3","0","0","2","1","1","0","1","2","5","41.8804511762","-87.7451288776","POINT (-87.745128877552 41.880451176199)"
"6dd3c20749717deb22aa4c80b71565aaa791d3b13c795e8e98344cd94ca6384fa96baa029116105841baaa288be2fb0e1a3a53c86c717c54e2d1c286625580b5",,"2025-05-19T01:10:00.000","35","TRAFFIC SIGNAL","FUNCTIONING PROPERLY","CLEAR","DARKNESS, LIGHTED ROAD","REAR END","ONE-WAY",,"STRAIGHT AND LEVEL","DRY","NO DEFECTS","ON SCENE","INJURY AND / OR TOW DUE TO CRASH",,,,"OVER $1,500","2025-05-19T01:20:00.000","FOLLOWING TOO CLOSELY","NOT APPLICABLE","4700","S","WENTWORTH AVE","224","Y","Y",,,,,"2","NONINCAPACITATING INJURY","2","0","0","2","0","1","0","1","2","5","41.8090824366","-87.6310308737","POINT (-87.63103087365 41.809082436649)"
"9d25850fd16479e393637db60d5f8086f4318cf7eee25e10c2c30bd072e1aca0891022289bf304465e0f6b5bc5b747b142c9ef92de84c580317f55dd2d838960","Y","2025-05-19T01:00:00.000","20","STOP SIGN/FLASHER","FUNCTIONING PROPERLY","CLEAR","UNKNOWN","PARKED MOTOR VEHICLE","ONE-WAY",,"STRAIGHT AND LEVEL","DRY","NO DEFECTS","ON SCENE","NO INJURY / DRIVE AWAY",,,"Y","OVER $1,500","2025-05-19T12:12:00.000","UNABLE TO DETERMINE","UNABLE TO DETERMINE","5259","W","WELLINGTON AVE","2514",,,,,,,"2","NO INDICATION OF INJURY","0","0","0","0","0","1","0","1","2","5","41.9349129304","-87.7588701773","POINT (-87.75887017729 41.934912930365)"
"27a6c1163a421ea23a645dd4dc84a333eb4e1c8530fb4de44ec4eec58a4d894728a0b5a53cdc453f4757068a43850a1539dadeca2175c0042530a1efbeed63b3",,"2025-05-19T00:56:00.000","30","NO CONTROLS","NO CONTROLS","CLEAR","DARKNESS, LIGHTED ROAD","REAR END","DIVIDED - W/MEDIAN BARRIER",,"STRAIGHT AND LEVEL","DRY","NO DEFECTS","ON SCENE","INJURY AND / OR TOW DUE TO CRASH",,,,"OVER $1,500","2025-05-19T00:56:00.000","FAILING TO REDUCE SPEED TO AVOID CRASH","FAILING TO REDUCE SPEED TO AVOID CRASH","3715","S","ASHLAND AVE","912","Y",,,,,,"2","NONINCAPACITATING INJURY","1","0","0","1","0","1","0","0","2","5","41.826351256","-87.6653332408","POINT (-87.665333240767 41.826351255999)"
"67492035d8c6466db0292ab45a60885aa5d924629528773db21a081ab8ad0ba19e3e0d652f9ce9b145b12ae2cf162ab1269ca28ed1fa2908808d2b12108d7761",,"2025-05-19T00:34:00.000","20","NO CONTROLS","NO CONTROLS","CLEAR","DARKNESS, LIGHTED ROAD","REAR END","ONE-WAY",,"STRAIGHT AND LEVEL","DRY","NO DEFECTS","ON SCENE","INJURY AND / OR TOW DUE TO CRASH",,,"Y","OVER $1,500","2025-05-19T00:34:00.000","FOLLOWING TOO CLOSELY","UNABLE TO DETERMINE","8900","S","DORCHESTER AVE","413",,,,,,,"3","REPORTED, NOT EVIDENT","1","0","0","0","1","1","0","0","2","5","41.7331551484","-87.5906317259","POINT (-87.590631725893 41.733155148409)"
"44d11ec6c05911bb2b060793ae32a653fa53e0ca90a994d742e243368092fa0c605b628b43eb615d6442139d26dca1b1042f2ecc56e5ee2c6569756f7602e23b",,"2025-05-19T00:20:00.000","25","STOP SIGN/FLASHER","FUNCTIONING PROPERLY","UNKNOWN","UNKNOWN","HEAD ON","ONE-WAY",,"STRAIGHT AND LEVEL","UNKNOWN","UNKNOWN","ON SCENE","NO INJURY / DRIVE AWAY",,,"Y","$500 OR LESS","2025-05-19T00:30:00.000","IMPROPER LANE USAGE","IMPROPER LANE USAGE","1900","N","KEYSTONE AVE","2534",,,,,,,"2","NO INDICATION OF INJURY","0","0","0","0","0","2","0","0","2","5","41.9154166077","-87.7278747276","POINT (-87.727874727584 41.915416607723)"
"b7316162290105eb894631062cb367f7c6e8d351d39ae3e2dc46abd0b6fb1f9c599084cb3e794cbcc19c8a926328e8d0a80db88e42c913bb00a996681ddddea9",,"2025-05-19T00:16:00.000","30","NO CONTROLS","NO CONTROLS","CLEAR","DARKNESS, LIGHTED ROAD","FIXED OBJECT","DIVIDED - W/MEDIAN (NOT RAISED)",,"STRAIGHT AND LEVEL","DRY","UNKNOWN","ON SCENE","INJURY AND / OR TOW DUE TO CRASH",,,,"OVER $1,500","2025-05-19T00:20:00.000","UNDER THE INFLUENCE OF ALCOHOL/DRUGS (USE WHEN ARREST IS EFFECTED)","UNDER THE INFLUENCE OF ALCOHOL/DRUGS (USE WHEN ARREST IS EFFECTED)","1841","W","DEVON AVE","2433",,,,,,,"1","NO INDICATION OF INJURY","0","0","0","0","0","1","0","0","2","5","41.9978505651","-87.6767694377","POINT (-87.676769437678 41.997850565108)"
"ef77277a67b59e00102a0c7ef9077d14ac6d2d37d54cf721b843a3981c3bd9cc8d3b373cbd02541f17418c89f9c0c21ed1368ea4a120c59c0fe9e55bd4ab9071",,"2025-05-19T00:01:00.000","30","UNKNOWN","NO CONTROLS","CLEAR","DARKNESS, LIGHTED ROAD","SIDESWIPE SAME DIRECTION","OTHER",,"STRAIGHT AND LEVEL","DRY","NO DEFECTS","ON SCENE","INJURY AND / OR TOW DUE TO CRASH","Y",,,"$501 - $1,500","2025-05-19T00:05:00.000","IMPROPER OVERTAKING/PASSING","NOT APPLICABLE","150","W","JACKSON BLVD","122",,,,,,,"2","NO INDICATION OF INJURY","0","0","0","0","0","2","0","0","2","5","41.8782430385","-87.6322817513","POINT (-87.6322817513 41.878243038502)"
"0eefd6ed9b394dc71227ee0d92207c488e334e4eee8adcd9e7d535fb83eb2d143bb7fd861923d01615cc77d8d195dbfb4daf28d2bbe3096d2ecf99eb4383e38b",,"2025-05-18T23:35:00.000","30","STOP SIGN/FLASHER","NO CONTROLS","CLEAR","DARKNESS, LIGHTED ROAD","PARKED MOTOR VEHICLE","NOT DIVIDED",,"STRAIGHT AND LEVEL","DRY","NO DEFECTS","NOT ON SCENE (DESK REPORT)","INJURY AND / OR TOW DUE TO CRASH",,,,"OVER $1,500","2025-05-18T23:45:00.000","UNABLE TO DETERMINE","NOT APPLICABLE","4028","N","SHERIDAN RD","1915",,,,,,,"3","NO INDICATION OF INJURY","0","0","0","0","0","2","0","23","1","5","41.9553145519","-87.6547148179","POINT (-87.654714817871 41.955314551902)"
"804ad48f93cc635dfc31dbf2fa6406858c97894f84bbcea665d81a62863b80e3ef0bd11c0c1074e74d962fa62e7b9ee4c62e54e9ffe43731e111791fe350cb99",,"2025-05-18T23:35:00.000","30","NO CONTROLS","NO CONTROLS","CLEAR","DARKNESS, LIGHTED ROAD","SIDESWIPE SAME DIRECTION","NOT DIVIDED",,"STRAIGHT AND LEVEL","DRY","NO DEFECTS","ON SCENE","NO INJURY / DRIVE AWAY",,,"Y","$500 OR LESS","2025-05-18T23:40:00.000","IMPROPER OVERTAKING/PASSING","NOT APPLICABLE","3160","W","ADDISON ST","1733",,,,,,,"3","NO INDICATION OF INJURY","0","0","0","0","0","4","0","23","1","5","41.9467414703","-87.7077631206","POINT (-87.707763120638 41.946741470336)"
"94b2df589d6239b1bd4b698ae707a8eeae9703cd32586dd22f99420c1c449dc05ae620a7a07afc966a8e092d1d51f2ce66999dc56bec204000da68df664adf99",,"2025-05-18T23:30:00.000","30","STOP SIGN/FLASHER","FUNCTIONING IMPROPERLY","CLEAR","DARKNESS, LIGHTED ROAD","REAR END","FOUR WAY",,"STRAIGHT AND LEVEL","DRY","UNKNOWN","ON SCENE","INJURY AND / OR TOW DUE TO CRASH","Y",,"Y","OVER $1,500","2025-05-18T23:38:00.000","UNABLE TO DETERMINE","UNABLE TO DETERMINE","301","W","103RD ST","512",,,,,,,"2","REPORTED, NOT EVIDENT","3","0","0","0","3","1","0","23","1","5","41.706962842","-87.6307880555","POINT (-87.63078805555 41.706962842035)"
"ab6298e6b125ef69ed3255c76311d25a157d7540cc9c84b78ef282be15d1b441af75a66d96089e93e9d30841bfc9e2839aa1b0bf55f3a4e6440c9cd7699ee992",,"2025-05-18T23:29:00.000","25","NO CONTROLS","NO CONTROLS","CLEAR","DARKNESS","PARKED MOTOR VEHICLE","ONE-WAY",,"STRAIGHT AND LEVEL","DRY","NO DEFECTS","NOT ON SCENE (DESK REPORT)","INJURY AND / OR TOW DUE TO CRASH",,,"Y","OVER $1,500","2025-05-18T23:37:00.000","UNABLE TO DETERMINE","NOT APPLICABLE","3916","W","46TH ST","821",,,,,,,"2","NO INDICATION OF INJURY","0","0","0","0","0","1","0","23","1","5","41.809834768","-87.7220019853","POINT (-87.72200198529 41.809834767962)"
"8ab4b391a298609ec01ad493061b9313ea97d73719810284505d414a89cb46dcbd311b1a8e69d624f2d332120fd69a08a2f93a80625bea15c3e8d01554244cdb",,"2025-05-18T23:28:00.000","35","TRAFFIC SIGNAL","FUNCTIONING PROPERLY","CLEAR","DARKNESS","ANGLE","TRAFFIC ROUTE",,"STRAIGHT AND LEVEL","DRY","UNKNOWN","ON SCENE","INJURY AND / OR TOW DUE TO CRASH","Y",,,"OVER $1,500","2025-05-18T23:29:00.000","DISREGARDING TRAFFIC SIGNALS","NOT APPLICABLE","9989","S","HALSTED ST","2232",,"Y",,,,,"2","NONINCAPACITATING INJURY","2","0","0","2","0","1","0","23","1","5","41.7124670748","-87.6428282232","POINT (-87.642828223172 41.71246707477)"
"f4109abb2e9310dbff7859a6dc1ffcdca65d5b430afb45484be2fa930405309adb5853a1dbe0c107a8f00d086144879aa5f6d102c0f673de26395cfdf729a3f6",,"2025-05-18T23:20:00.000","30","TRAFFIC SIGNAL","FUNCTIONING PROPERLY","CLEAR","DARKNESS, LIGHTED ROAD","TURNING","Y-INTERSECTION",,"STRAIGHT AND LEVEL","DRY","NO DEFECTS","ON SCENE","NO INJURY / DRIVE AWAY","Y",,,"$501 - $1,500","2025-05-18T23:23:00.000","TURNING RIGHT ON RED","DRIVING SKILLS/KNOWLEDGE/EXPERIENCE","6399","N","MILWAUKEE AVE","1611",,,,,,,"2","NO INDICATION OF INJURY","0","0","0","0","0","4","0","23","1","5","41.99739209","-87.7877286013","POINT (-87.78772860133 41.997392089958)"
"9b0866795f56f715fa13e30136c489d7f7706ed30e6c03dd190fc141b36324f0180940c91a1f53ec09b03eac72c7c4df312da3e6ce43e5fae3d4f7a928762592","Y","2025-05-18T23:00:00.000","20","NO CONTROLS","NO CONTROLS","CLEAR","DARKNESS","PARKED MOTOR VEHICLE","ONE-WAY",,"STRAIGHT AND LEVEL","DRY","NO DEFECTS","ON SCENE","INJURY AND / OR TOW DUE TO CRASH",,,"Y","OVER $1,500","2025-05-19T17:14:00.000","FOLLOWING TOO CLOSELY","IMPROPER LANE USAGE","4762","W","DICKENS AVE","2522",,,,,,,"2","NO INDICATION OF INJURY","0","0","0","0","0","1","0","23","1","5","41.9188681105","-87.7460501155","POINT (-87.74605011552 41.918868110487)"
"f0c305bc6b464b2216d3f9830ffd76c90d015ad468521c0717a46dc0d829cc744edda7cf214c3b88174186cdd6ac0840b0edc5a9c066ab9da46fd9707682802c","Y","2025-05-18T23:00:00.000","30","NO CONTROLS","NO CONTROLS","CLEAR","DARKNESS, LIGHTED ROAD","PARKED MOTOR VEHICLE","NOT DIVIDED",,"STRAIGHT AND LEVEL","DRY","NO DEFECTS","ON SCENE","NO INJURY / DRIVE AWAY",,,"Y","OVER $1,500","2025-05-19T07:00:00.000","UNABLE TO DETERMINE","NOT APPLICABLE","7145","W","ARTHUR AVE","1611",,,,,,,"2","NO INDICATION OF INJURY","0","0","0","0","0","1","0","23","1","5","41.9993973398","-87.8066025548","POINT (-87.806602554778 41.999397339829)"
"e3e61ec2784c0e080b756ace084351c51e1797cbfa3a2f69263fbe93c0b4b3ff960ff9fb39c21a35fa5ddb92517a602add0d6acdaf417450a64affc44ff29105","Y","2025-05-18T22:59:00.000","30","NO CONTROLS","NO CONTROLS","UNKNOWN","DARKNESS","PARKED MOTOR VEHICLE","OTHER",,"STRAIGHT AND LEVEL","DRY","NO DEFECTS","ON SCENE","NO INJURY / DRIVE AWAY",,,"Y","OVER $1,500","2025-05-19T07:10:00.000","DRIVING SKILLS/KNOWLEDGE/EXPERIENCE","UNABLE TO DETERMINE","434","E","111TH ST","513",,,,,,,"2","NO INDICATION OF INJURY","0","0","0","0","0","1","0","22","1","5","41.6928616658","-87.6120376672","POINT (-87.612037667234 41.692861665828)"
"fdda67b866789d8f4d14a7267d2f2659cfb862dc25383ee2b42d59f484fa963b6ea30fa8131c3769c6ad606a0e739fe02d236bdc050d5c637d96823bb9dceabc",,"2025-05-18T22:55:00.000","30","NO CONTROLS","NO CONTROLS","CLEAR","DARKNESS, LIGHTED ROAD","PARKED MOTOR VEHICLE","NOT DIVIDED",,"STRAIGHT AND LEVEL","DRY","NO DEFECTS","ON SCENE","INJURY AND / OR TOW DUE TO CRASH",,,"Y","OVER $1,500","2025-05-19T00:10:00.000","UNABLE TO DETERMINE","UNABLE TO DETERMINE","6104","S","CALIFORNIA AVE","823",,,,,,,"4","NO INDICATION OF INJURY","0","0","0","0","0","1","0","22","1","5","41.7825531133","-87.693635848","POINT (-87.693635847972 41.7825531133)"
"485881c504385aa55fb2ef00177cf896b36f24e29d7a0233a997039fc44606d94d259f505e9537ee59aa8100460305b3ec0ffd4bd7d4a9a35912c4af4b501211",,"2025-05-18T22:50:00.000","30","NO CONTROLS","NO CONTROLS","CLEAR","DARKNESS, LIGHTED ROAD","PARKED MOTOR VEHICLE","NOT DIVIDED",,"STRAIGHT AND LEVEL","DRY","NO DEFECTS","ON SCENE","INJURY AND / OR TOW DUE TO CRASH",,"Y","Y","OVER $1,500","2025-05-18T23:24:00.000","UNABLE TO DETERMINE","NOT APPLICABLE","4537","W","55TH ST","813",,,,,,,"2","NO INDICATION OF INJURY","0","0","0","0","0","1","0","22","1","5","41.7929729072","-87.7368633987","POINT (-87.736863398677 41.792972907245)"
"e3315fd50f7e2ea08734c2b10d3c91156c29c5b8b7a3acc0937fdb0bb7ec60d2ed83c82bbe5c6689804379c3e0211fefc3d1bed4660abb16c0046c4e26e95a02",,"2025-05-18T22:46:00.000","30","NO CONTROLS","NO CONTROLS","CLEAR","DARKNESS, LIGHTED ROAD","REAR TO FRONT","NOT DIVIDED",,"STRAIGHT AND LEVEL","DRY","NO DEFECTS","NOT ON SCENE (DESK REPORT)","NO INJURY / DRIVE AWAY",,,,"OVER $1,500","2025-05-18T23:30:00.000","IMPROPER BACKING","NOT APPLICABLE","3635","W","DEVON AVE","1711",,,,,,,"2","NO INDICATION OF INJURY","0","0","0","0","0","2","0","22","1","5","41.9971614733","-87.7203578732","POINT (-87.720357873197 41.997161473312)"
"fc969024a93947ec9e9d20f365b6f2620f9d9a22f200f035b8da4d48802883ecb507bde891e5a74b4cf2590dc94567912b5d0ded408224859f4036fd345f3178",,"2025-05-18T22:40:00.000","30","NO CONTROLS","NO CONTROLS","CLEAR","DARKNESS, LIGHTED ROAD","PARKED MOTOR VEHICLE","ONE-WAY",,"STRAIGHT AND LEVEL","DRY","NO DEFECTS","NOT ON SCENE (DESK REPORT)","INJURY AND / OR TOW DUE TO CRASH",,,,"OVER $1,500","2025-05-18T22:55:00.000","EVASIVE ACTION DUE TO ANIMAL, OBJECT, NONMOTORIST","ANIMAL","9550","S","EUCLID AVE","431",,,,,,,"2","NO INDICATION OF INJURY","0","0","0","0","0","1","0","22","1","5","41.7208924245","-87.5766798802","POINT (-87.576679880223 41.720892424459)"
"0535fa11da82d97f2f98541e90f5a89770a0786cc6b9b6db22c8c7f3b3f62a7cfe86790c625ff5053237e55ac981c8d5830b178184eaf1db80fee1bcad7ffee1",,"2025-05-18T22:30:00.000","30","TRAFFIC SIGNAL","FUNCTIONING PROPERLY","CLEAR","DARKNESS, LIGHTED ROAD","REAR END","DIVIDED - W/MEDIAN (NOT RAISED)",,"STRAIGHT AND LEVEL","DRY","UNKNOWN","NOT ON SCENE (DESK REPORT)","NO INJURY / DRIVE AWAY","Y",,"Y","OVER $1,500","2025-05-19T14:40:00.000","UNABLE TO DETERMINE","UNABLE TO DETERMINE","4358","W","CERMAK RD","1012",,,,,,,"2","NO INDICATION OF INJURY","0","0","0","0","0","3","0","22","1","5","41.8515105737","-87.7344496497","POINT (-87.734449649711 41.851510573725)"
"3e0953f1a3b198865428abc2d76213b7df388f42482d849b15a63a8b198d84872f704a28fb27c90f7a6d2dba76fe916706a33a78b730766512af06167e49fe8f","Y","2025-05-18T22:23:00.000","25","NO CONTROLS","NO CONTROLS","CLEAR","UNKNOWN","PARKED MOTOR VEHICLE","ONE-WAY",,"STRAIGHT AND LEVEL","DRY","NO DEFECTS","NOT ON SCENE (DESK REPORT)","INJURY AND / OR TOW DUE TO CRASH",,,"Y","OVER $1,500","2025-05-18T23:23:00.000","UNABLE TO DETERMINE","NOT APPLICABLE","102","N","MAYFIELD AVE","1512",,,,,,,"2","NO INDICATION OF INJURY","0","0","0","0","0","1","0","22","1","5","41.882300667","-87.7720080268","POINT (-87.772008026792 41.882300666973)"
"d73b3df67769b0d2d07e35faf91f34695029b64edaa89f10afb7359d0eaf8efdadd3352da38f65439b8d7acd3bbb469e9384d60057844fae976b481cf0094710",,"2025-05-18T22:19:00.000","30","NO CONTROLS","NO CONTROLS","CLEAR","DARKNESS, LIGHTED ROAD","REAR END","NOT DIVIDED",,"STRAIGHT AND LEVEL","UNKNOWN","UNKNOWN","NOT ON SCENE (DESK REPORT)","NO INJURY / DRIVE AWAY",,,,"OVER $1,500","2025-05-18T22:19:00.000","FOLLOWING TOO CLOSELY","FOLLOWING TOO CLOSELY","900","S","CLARK ST","123",,,,,,,"2","NO INDICATION OF INJURY","0","0","0","0","0","2","0","22","1","5","41.8704734936","-87.6307062426","POINT (-87.630706242584 41.870473493584)"
"5518e032657675c39fe535ede1578bf87459266151fc47c717db87221c15b54da26aceac82c0e007095d705f74b2a1491af4b1ce376126b3bc67f2bb085b2b35",,"2025-05-18T22:17:00.000","15","NO CONTROLS","NO CONTROLS","CLEAR","DARKNESS, LIGHTED ROAD","TURNING","NOT DIVIDED",,"STRAIGHT AND LEVEL","DRY","NO DEFECTS","ON SCENE","NO INJURY / DRIVE AWAY",,,"Y","OVER $1,500","2025-05-18T23:35:00.000","FAILING TO YIELD RIGHT-OF-WAY","FAILING TO YIELD RIGHT-OF-WAY","5131","W","PALMER ST","2522",,,,,,,"2","NO INDICATION OF INJURY","0","0","0","0","0","2","0","22","1","5","41.9203627795","-87.7548710201","POINT (-87.754871020146 41.920362779489)"
"12eca0c5810259e41810854c4488b962c444d29d2adf488167914ee6407947b4794dd899b694cdc4ead631218122de87cd7328f4ea163d347db8869e255777d4",,"2025-05-18T22:11:00.000","15","NO CONTROLS","NO CONTROLS","OTHER","DARKNESS, LIGHTED ROAD","FIXED OBJECT","PARKING LOT",,"STRAIGHT AND LEVEL","DRY","NO DEFECTS","ON SCENE","INJURY AND / OR TOW DUE TO CRASH",,"Y",,"OVER $1,500","2025-05-18T22:20:00.000","EQUIPMENT - VEHICLE CONDITION","NOT APPLICABLE","58","E","DELAWARE PL","1833","Y",,,,,,"1","NONINCAPACITATING INJURY","1","0","0","1","0","0","0","22","1","5","41.8992902408","-87.6261337517","POINT (-87.626133751658 41.899290240766)"
"4f53647fd42a20d20c6355eb46e9c49eacc1b4e8458b02e4423ca22599d7c2634dd67ee08a0b1e1ffa40fbb3ee67f5254c1a12dac967f7ad5e28fcbae1f84b8d",,"2025-05-18T22:10:00.000","30","TRAFFIC SIGNAL","FUNCTIONING PROPERLY","CLEAR","DARKNESS","REAR END","FOUR WAY",,"STRAIGHT AND LEVEL","DRY","NO DEFECTS","ON SCENE","NO INJURY / DRIVE AWAY",,,"Y","OVER $1,500","2025-05-18T22:10:00.000","OPERATING VEHICLE IN ERRATIC, RECKLESS, CARELESS, NEGLIGENT OR AGGRESSIVE MANNER","NOT APPLICABLE","6298","S","HALSTED ST","712",,,,,,,"2","NO INDICATION OF INJURY","0","0","0","0","0","2","0","22","1","5","41.7797944163","-87.6449341904","POINT (-87.644934190393 41.779794416267)"
"47d4509aefac7f5e2f6b0dc7fadd13c5c20c5f0ec5f5244ecebbdc287226665471a1edc337ca42cd04764c3dd5fa54a05203f6a284bcee9376406b03be503d70",,"2025-05-18T22:00:00.000","30","TRAFFIC SIGNAL","FUNCTIONING PROPERLY","CLEAR","DARKNESS, LIGHTED ROAD","TURNING","FOUR WAY",,"STRAIGHT AND LEVEL","DRY","NO DEFECTS","ON SCENE","INJURY AND / OR TOW DUE TO CRASH","Y",,,"OVER $1,500","2025-05-18T23:37:00.000","FAILING TO YIELD RIGHT-OF-WAY","FAILING TO REDUCE SPEED TO AVOID CRASH","360","W","MADISON ST","122",,,,,,,"2","NO INDICATION OF INJURY","0","0","0","0","0","2","0","22","1","5","41.8820229","-87.637081412","POINT (-87.637081411989 41.88202289998)"
"61d6d537592ccab3632f6a3645f763cf3d46771e0950e0c397f6f5fb0201f9b26b2200e8e0e96b42e3ce28356aec6e4730437f14b5ee16db5ecb8629982c73e1",,"2025-05-18T22:00:00.000","30","UNKNOWN","UNKNOWN","CLEAR","DARKNESS","REAR END","UNKNOWN",,"STRAIGHT AND LEVEL","DRY","UNKNOWN","NOT ON SCENE (DESK REPORT)","NO INJURY / DRIVE AWAY","Y",,,"OVER $1,500","2025-05-19T18:30:00.000","UNABLE TO DETERMINE","UNABLE TO DETERMINE","801","W","MADISON ST","1232",,,,,,,"2","NO INDICATION OF INJURY","0","0","0","0","0","2","0","22","1","5","41.8816675873","-87.6473858065","POINT (-87.647385806537 41.881667587258)"
"5247833c201a7e01dfb6ab29e376ccf004d240e46931886006680eea58e153c318c49fbc49bc2d099a8e54f2d819c5efad7025e6b876498601acf38ca36bc349",,"2025-05-18T21:57:00.000","30","STOP SIGN/FLASHER","FUNCTIONING PROPERLY","CLEAR","DARKNESS, LIGHTED ROAD","PARKED MOTOR VEHICLE","ONE-WAY",,"STRAIGHT AND LEVEL","DRY","NO DEFECTS","ON SCENE","NO INJURY / DRIVE AWAY",,,"Y","OVER $1,500","2025-05-18T22:09:00.000","UNABLE TO DETERMINE","IMPROPER LANE USAGE","2605","N","AVERS AVE","2524",,,,,,,"4","NO INDICATION OF INJURY","0","0","0","0","0","1","0","21","1","5","41.9284004926","-87.7230683707","POINT (-87.723068370744 41.928400492592)"
"f1843dffa3dcb28b5b366c76ccd29fe4182a3a25a393be148910f81eda26ea46e678883feff0c13641179ef7dd8f898c11a34ac8524148faeb3b5db427b8a600",,"2025-05-18T21:45:00.000","30","UNKNOWN","UNKNOWN","CLEAR","DAYLIGHT","SIDESWIPE SAME DIRECTION","DIVIDED - W/MEDIAN BARRIER",,"STRAIGHT AND LEVEL","UNKNOWN","UNKNOWN","NOT ON SCENE (DESK REPORT)","NO INJURY / DRIVE AWAY",,,,"OVER $1,500","2025-05-18T22:08:00.000","IMPROPER OVERTAKING/PASSING","NOT APPLICABLE","3200","S","DR MARTIN LUTHER KING JR DR","211",,,,,,,"2","NO INDICATION OF INJURY","0","0","0","0","0","2","0","21","1","5","41.8364982196","-87.61758874","POINT (-87.617588739996 41.836498219642)"
"31b071fe5a032628673be8cbd49701416a9ebd2e734a3da56e3ecbc189ba21ab8d279002f246c66721e9bb5dc969047bfb1f327fcd915e7c4d335d347936b5fc",,"2025-05-18T21:43:00.000","30","TRAFFIC SIGNAL","FUNCTIONING PROPERLY","CLEAR","DARKNESS, LIGHTED ROAD","REAR END","NOT DIVIDED",,"STRAIGHT AND LEVEL","DRY","NO DEFECTS","NOT ON SCENE (DESK REPORT)","INJURY AND / OR TOW DUE TO CRASH","Y",,"N","$501 - $1,500","2025-05-18T22:15:00.000","UNABLE TO DETERMINE","UNABLE TO DETERMINE","954","N","SACRAMENTO BLVD","1211",,,,,,,"2","REPORTED, NOT EVIDENT","1","0","0","0","1","1","0","21","1","5","41.8991896632","-87.7026131961","POINT (-87.702613196098 41.899189663174)"
"b8234a9db81b190c40577c225e041678dd7eb0230fd237bd4fab05fd005496c78245871d9e752f2726df959e7ba17027ce195d4456d9c8c68d70375a658a13d5",,"2025-05-18T21:40:00.000","30","NO CONTROLS","NO CONTROLS","CLEAR","DARKNESS, LIGHTED ROAD","SIDESWIPE SAME DIRECTION","NOT DIVIDED",,"STRAIGHT AND LEVEL","DRY","NO DEFECTS","NOT ON SCENE (DESK REPORT)","INJURY AND / OR TOW DUE TO CRASH",,,,"OVER $1,500","2025-05-19T09:00:00.000","UNABLE TO DETERMINE","UNABLE TO DETERMINE","2265","N","ELSTON AVE","1432",,,,,,,"2","NO INDICATION OF INJURY","0","0","0","0","0","2","0","21","1","5","41.9228341252","-87.6740441569","POINT (-87.674044156921 41.922834125203)"
"34712a626fd0f19a39e6973a46cb69c27f745e6b452e09b82753bb8f6ad188f26c273589d70ce05dbbb41cb542f4f3106fe37cb59e1682a63d435169bdf3706c",,"2025-05-18T21:30:00.000","30","TRAFFIC SIGNAL","FUNCTIONING PROPERLY","CLEAR","DARKNESS, LIGHTED ROAD","TURNING","NOT DIVIDED",,"STRAIGHT AND LEVEL","DRY","NO DEFECTS","ON SCENE","INJURY AND / OR TOW DUE TO CRASH",,,"Y","OVER $1,500","2025-05-18T21:41:00.000","IMPROPER TURNING/NO SIGNAL","DRIVING SKILLS/KNOWLEDGE/EXPERIENCE","1209","N","CLARK ST","1824",,,,,,,"2","NONINCAPACITATING INJURY","1","0","0","1","0","2","0","21","1","5","41.9042156951","-87.6313078247","POINT (-87.631307824671 41.904215695098)"