"crash_record_id","crash_date_est_i","crash_date","posted_speed_limit","traffic_control_device","device_condition","weather_condition","lighting_condition","first_crash_type","trafficway_type","lane_cnt","alignment","roadway_surface_cond","road_defect","report_type","crash_type","intersection_related_i","private_property_i","hit_and_run_i","damage","date_police_notified","prim_contributory_cause","sec_contributory_cause","street_no","street_direction","street_name","beat_of_occurrence","photos_taken_i","statements_taken_i","dooring_i","work_zone_i","work_zone_type","workers_present_i","num_units","most_severe_injury","injuries_total","injuries_fatal","injuries_incapacitating","injuries_non_incapacitating","injuries_reported_not_evident","injuries_no_indication","injuries_unknown","crash_hour","crash_day_of_week","crash_month","latitude","longitude","location"
"60f98adf248eea9843fb53990325884cfcc23b2ccdb238d07e13b93b20e565356d5e2f03f00c961146fc57ae1d553c775fa457de34a3c23240cebcbabe659b3d",,"2025-05-18T21:24:00.000","30","NO CONTROLS","NO CONTROLS","CLEAR","DARKNESS, LIGHTED ROAD","REAR END","NOT DIVIDED",,"STRAIGHT AND LEVEL","DRY","NO DEFECTS","ON SCENE","INJURY AND / OR TOW DUE TO CRASH",,,"Y","OVER $1,500","2025-05-18T21:36:00.000","FOLLOWING TOO CLOSELY","NOT APPLICABLE","210","W","76TH ST","623",,"Y",,,,,"3","NO INDICATION OF INJURY","0","0","0","0","0","2","0","21","1","5","41.7564308004","-87.6301016756","POINT (-87.630101675597 41.756430800361)"
"fe52623a5ebcc225d83b6c794e0d779c3f7f6ae58352800abaf7c9a1a02a925fec671679bc3dc48ce4813c1720c2dc6f1553d3fd5858510f28bf950fa4c51b6a",,"2025-05-18T21:22:00.000","30","STOP SIGN/FLASHER","FUNCTIONING PROPERLY","CLEAR","DARKNESS, LIGHTED ROAD","PARKED MOTOR VEHICLE","FOUR WAY",,"STRAIGHT AND LEVEL","DRY","NO DEFECTS","ON SCENE","NO INJURY / DRIVE AWAY","Y",,,"OVER $1,500","2025-05-18T21:24:00.000","IMPROPER LANE USAGE","UNABLE TO DETERMINE","3710","W","MC LEAN AVE","2525",,,,,,,"3","NO INDICATION OF INJURY","0","0","0","0","0","1","0","21","1","5","41.9182717756","-87.7197515976","POINT (-87.719751597558 41.918271775614)"
"3fe4dbddf9d76537f41df641c256de1a47cf571c88069ccaa91478306ca2e1d958a0add64355e05b981244275f0019aedb80f5a26030b29cb6f9c172fdd4c475",,"2025-05-18T21:20:00.000","30","TRAFFIC SIGNAL","FUNCTIONING PROPERLY","CLEAR","DARKNESS, LIGHTED ROAD","REAR END","DIVIDED - W/MEDIAN (NOT RAISED)",,"STRAIGHT AND LEVEL","DRY","NO DEFECTS",,"NO INJURY / DRIVE AWAY",,,,"OVER $1,500","2025-05-18T22:00:00.000","FOLLOWING TOO CLOSELY","NOT APPLICABLE","1840","N","CENTRAL AVE","2531",,,,,,,"3","NO INDICATION OF INJURY","0","0","0","0","0","4","0","21","1","5","41.9142901928","-87.7658161921","POINT (-87.765816192108 41.914290192834)"
"d3df25b22e91294a550c9a54f2349d87232eee52d2b6645b6b4684fb4c17a441b944c210f9e966c45ad45752e6cc2f12d7e09a739d228ba692fee0e87301055d",,"2025-05-18T21:20:00.000","30","TRAFFIC SIGNAL","FUNCTIONING PROPERLY","CLEAR","DARKNESS, LIGHTED ROAD","REAR END","NOT DIVIDED",,"STRAIGHT AND LEVEL","DRY","NO DEFECTS","NOT ON SCENE (DESK REPORT)","NO INJURY / DRIVE AWAY","Y",,,"OVER $1,500","2025-05-18T22:00:00.000","FOLLOWING TOO CLOSELY","UNABLE TO DETERMINE","2977","N","CLYBOURN AVE","1931",,,,,,,"2","NO INDICATION OF INJURY","0","0","0","0","0","2","0","21","1","5","41.9358636866","-87.6828821562","POINT (-87.682882156224 41.935863686646)"
"c15073cb1d0590680ea737e883c5d01c719ca8bfee0e9801cd545bde9b4df0d6334592b3feb25d0f20f94cf6e34bd2b146469437dd1607f620a773ad77abff24",,"2025-05-18T21:12:00.000","30","NO CONTROLS","NO CONTROLS","CLEAR","DARKNESS, LIGHTED ROAD","PARKED MOTOR VEHICLE","NOT DIVIDED",,"STRAIGHT AND LEVEL","DRY","NO DEFECTS","ON SCENE","INJURY AND / OR TOW DUE TO CRASH",,"Y",,"OVER $1,500","2025-05-18T23:05:00.000","DRIVING SKILLS/KNOWLEDGE/EXPERIENCE","DRIVING SKILLS/KNOWLEDGE/EXPERIENCE","3152","N","LARAMIE AVE","2514",,,,,,,"2","NO INDICATION OF INJURY","0","0","0","0","0","1","0","21","1","5","41.93847561","-87.7568278977","POINT (-87.756827897659 41.938475609961)"
"c9e16c7d68c6b6275d7d97123e36c16c9537af2b5c5564c359a585c115e5718adf24cc3fcb741673a0b78f7ff72d64b9eab36f24d7657d8bbc0be50010dd7b4a",,"2025-05-18T21:08:00.000","30","TRAFFIC SIGNAL","FUNCTIONING PROPERLY","CLEAR","DARKNESS, LIGHTED ROAD","REAR END","NOT DIVIDED",,"STRAIGHT AND LEVEL","DRY","NO DEFECTS","ON SCENE","INJURY AND / OR TOW DUE TO CRASH","Y",,,"OVER $1,500","2025-05-18T21:14:00.000","EQUIPMENT - VEHICLE CONDITION","NOT APPLICABLE","3328","W","111TH ST","2211",,,,,,,"3","REPORTED, NOT EVIDENT","1","0","0","0","1","2","0","21","1","5","41.6916217983","-87.704451154","POINT (-87.70445115399 41.691621798345)"
"8d3822b6c119d8fece2608dedfa55b43693e43713c55bba0fb4a1f6c1e2e53569728e9353b2ee8807b5ff7f076b78e052f168d886ecd8b4af2e83a057280c47c",,"2025-05-18T21:05:00.000","30","TRAFFIC SIGNAL","FUNCTIONING PROPERLY","CLEAR","DARKNESS, LIGHTED ROAD","PEDESTRIAN","DIVIDED - W/MEDIAN (NOT RAISED)",,"STRAIGHT AND LEVEL","DRY","NO DEFECTS","ON SCENE","INJURY AND / OR TOW DUE TO CRASH","Y",,,"$500 OR LESS","2025-05-18T21:08:00.000","UNABLE TO DETERMINE","NOT APPLICABLE","9501","S","ASHLAND AVE","2213",,,,,,,"2","NONINCAPACITATING INJURY","1","0","0","1","0","1","0","21","1","5","41.7211661519","-87.6625351995","POINT (-87.662535199503 41.721166151936)"
"dbd083dd7b9f63b1d1d2fcc480ef30ba8e9c4cd7436a9a1a10e79f4cde0e2bda531aecd56cf3aa8a952aa45bf31d6437c76d4ccdc08b7c434079b9cc89145c29",,"2025-05-18T21:05:00.000","30","TRAFFIC SIGNAL","UNKNOWN","CLEAR","DARKNESS, LIGHTED ROAD","ANGLE","FOUR WAY",,"STRAIGHT AND LEVEL","DRY","UNKNOWN","NOT ON SCENE (DESK REPORT)","NO INJURY / DRIVE AWAY",,,"Y","OVER $1,500","2025-05-19T02:00:00.000","DISREGARDING TRAFFIC SIGNALS","NOT APPLICABLE","400","E","47TH ST","221",,,,,,,"2","NO INDICATION OF INJURY","0","0","0","0","0","2","0","21","1","5","41.8095004652","-87.6162063994","POINT (-87.616206399384 41.809500465169)"
"d97941ca3fcdef60a5804892f75e4309ad6f975dea4b138a2684ecca38014949d056ad23cba27c2eb810acbf14d03765ea90086ae5e43c8bbab3b25f1ac4e180",,"2025-05-18T21:00:00.000","30","STOP SIGN/FLASHER","NO CONTROLS","CLEAR","DARKNESS, LIGHTED ROAD","ANGLE","NOT DIVIDED",,"STRAIGHT AND LEVEL","DRY","NO DEFECTS","NOT ON SCENE (DESK REPORT)","NO INJURY / DRIVE AWAY",,,,"OVER $1,500","2025-05-18T22:45:00.000","FAILING TO YIELD RIGHT-OF-WAY","NOT APPLICABLE","3122","N","CICERO AVE","2521",,,,,,,"2","NO INDICATION OF INJURY","0","0","0","0","0","2","0","21","1","5","41.9376900233","-87.7469903953","POINT (-87.746990395266 41.937690023348)"
"f84120106a15073c2c19060e371cf556648448ece4f8e64100fbd93299f13d6f8ecad832944cd2c6c00ca4b43ec223c413f14bcbf1bce7b8081b648186714db4",,"2025-05-18T21:00:00.000","5","NO CONTROLS","NO CONTROLS","CLEAR","DARKNESS, LIGHTED ROAD","FIXED OBJECT","DRIVEWAY",,"STRAIGHT AND LEVEL","DRY","NO DEFECTS",,"INJURY AND / OR TOW DUE TO CRASH",,,,"OVER $1,500","2025-05-18T21:05:00.000","DRIVING ON WRONG SIDE/WRONG WAY","DRIVING SKILLS/KNOWLEDGE/EXPERIENCE","524","W","OHARE ST","1654",,,,,,,"1","NONINCAPACITATING INJURY","1","0","0","1","0","0","0","21","1","5",,,
"fdf45972fb0d37b2067c42c2ed1004019659e3a725305ca20a12aa5e71f62f62cdae0aa0ea48cfdb6196322b06e70f8ad2ec21af124b3ed005e3a3e33d6d4b74",,"2025-05-18T20:47:00.000","30","TRAFFIC SIGNAL","FUNCTIONING PROPERLY","CLEAR","DARKNESS, LIGHTED ROAD","TURNING","NOT DIVIDED",,"STRAIGHT AND LEVEL","DRY","NO DEFECTS","ON SCENE","NO INJURY / DRIVE AWAY","Y",,,"OVER $1,500","2025-05-18T20:52:00.000","FAILING TO YIELD RIGHT-OF-WAY","FAILING TO REDUCE SPEED TO AVOID CRASH","5500","S","MENARD AVE","811",,,,,,,"2","NO INDICATION OF INJURY","0","0","0","0","0","4","0","20","1","5","41.7925474654","-87.7673341009","POINT (-87.767334100859 41.792547465418)"
"20b195b674dd198893ae9144c95688c54bf63b8179ef7b8a9725859be9eeac72651234437066fc92784886fd4b6b6ed412d6ccc0dd6d7928c92db8a104a24974",,"2025-05-18T20:30:00.000","25","NO CONTROLS","NO CONTROLS","CLEAR","DARKNESS, LIGHTED ROAD","PARKED MOTOR VEHICLE","NOT DIVIDED",,"STRAIGHT AND LEVEL","DRY","NO DEFECTS","NOT ON SCENE (DESK REPORT)","INJURY AND / OR TOW DUE TO CRASH",,,"Y","OVER $1,500","2025-05-19T14:03:00.000","UNABLE TO DETERMINE","UNABLE TO DETERMINE","5400","W","FERDINAND ST","1523",,,,,,,"2","NO INDICATION OF INJURY","0","0","0","0","0","1","0","20","1","5","41.8890084541","-87.760566626","POINT (-87.760566625987 41.889008454062)"
"905141ad842d9b09336323d740c811c2035de6d810b1324882c920e76bb182df0fa641061fd28d097fc765a252e3d217382ec537e213eb3c3dfd92d4e407787d",,"2025-05-18T20:30:00.000","30","STOP SIGN/FLASHER","OTHER","CLEAR","DARKNESS, LIGHTED ROAD","ANGLE","FOUR WAY",,"STRAIGHT AND LEVEL","DRY","UNKNOWN","NOT ON SCENE (DESK REPORT)","INJURY AND / OR TOW DUE TO CRASH","Y",,"Y","OVER $1,500","2025-05-18T21:50:00.000","FAILING TO YIELD RIGHT-OF-WAY","UNABLE TO DETERMINE","824","S","JEFFERSON ST","124",,,,,,,"2","REPORTED, NOT EVIDENT","1","0","0","0","1","1","0","20","1","5","41.8713093891","-87.64247107","POINT (-87.642471069991 41.871309389068)"
"bb03b73ea4aa6ffa044efebc16ef45664dac325c439ec84b53d6cc19e550c88e3e357d40755751e61a681bddbd06b5bd395213e6a1960ae144fc6cad6996b3a5",,"2025-05-18T20:20:00.000","30","NO CONTROLS","NO CONTROLS","CLEAR","DARKNESS, LIGHTED ROAD","PARKED MOTOR VEHICLE","DIVIDED - W/MEDIAN (NOT RAISED)",,"STRAIGHT AND LEVEL","DRY","NO DEFECTS","ON SCENE","INJURY AND / OR TOW DUE TO CRASH",,,,"OVER $1,500","2025-05-18T20:20:00.000","FAILING TO REDUCE SPEED TO AVOID CRASH","UNABLE TO DETERMINE","2242","W","DIVERSEY AVE","1432",,,,,,,"2","NO INDICATION OF INJURY","0","0","0","0","0","2","0","20","1","5","41.9323160548","-87.6848119714","POINT (-87.684811971359 41.932316054843)"
"31f9a7d87f2d1290aafc01a82e6670ec00f1d1c4d26052a08c4fba6a7949d73806178ed6490d6c074cdc26612c6df81ee9e6c93791676ad2e647c7f57760a895",,"2025-05-18T20:00:00.000","30","NO CONTROLS","NO CONTROLS","CLEAR","DARKNESS","SIDESWIPE SAME DIRECTION","NOT DIVIDED",,"STRAIGHT AND LEVEL","DRY","UNKNOWN","ON SCENE","NO INJURY / DRIVE AWAY",,,"Y","$500 OR LESS","2025-05-18T20:30:00.000","UNABLE TO DETERMINE","UNABLE TO DETERMINE","1046","W","95TH ST","2223",,,,,,,"2","NO INDICATION OF INJURY","0","0","0","0","0","2","0","20","1","5","41.7214866478","-87.6499614885","POINT (-87.649961488485 41.721486647806)"
"d9aa640fba2662f7fc5a8d2defc0b128a2c8863a3336f007a8a9d3a182b7d7091da100010337292810d193aee59bbe1380ce9264a51e6cb39b8c9c586398dc4f","Y","2025-05-18T20:00:00.000","30","NO CONTROLS","NO CONTROLS","UNKNOWN","UNKNOWN","PARKED MOTOR VEHICLE","ONE-WAY",,"STRAIGHT AND LEVEL","UNKNOWN","NO DEFECTS","ON SCENE","NO INJURY / DRIVE AWAY",,,"Y","$501 - $1,500","2025-05-19T08:23:00.000","UNABLE TO DETERMINE","NOT APPLICABLE","5944","S","KARLOV AVE","813",,,,,,,"2","NO INDICATION OF INJURY","0","0","0","0","0","1","0","20","1","5","41.7845715162","-87.7255184479","POINT (-87.725518447874 41.784571516186)"
"df86685beb68925d97577a241021b50eed7c115ab77d11163ffb88c8736481cad7a2db2eab6b1c72d073ea0bf08f2d002c9e027bb3ee67799dd2fdf5a330c434",,"2025-05-18T20:00:00.000","30","TRAFFIC SIGNAL","FUNCTIONING PROPERLY","CLEAR","DARKNESS, LIGHTED ROAD","REAR END","NOT DIVIDED",,"STRAIGHT AND LEVEL","DRY","UNKNOWN","NOT ON SCENE (DESK REPORT)","NO INJURY / DRIVE AWAY","Y",,,"$500 OR LESS","2025-05-18T22:00:00.000","FOLLOWING TOO CLOSELY","FOLLOWING TOO CLOSELY","211","S","LOWER WACKER DR","122",,,,,,,"2","NO INDICATION OF INJURY","0","0","0","0","0","2","0","20","1","5","41.8790688543","-87.6365051675","POINT (-87.636505167518 41.879068854336)"
"070f7ba88faa78021da3cf3c1cb69cf87de8383895ad330cbe65789c42c0a4e04702364de48255f929bd14eebcd30428317e19fd71f7314b20b9ed2c680d170a",,"2025-05-18T19:48:00.000","30","NO CONTROLS","NO CONTROLS","CLEAR","DARKNESS, LIGHTED ROAD","HEAD ON","NOT DIVIDED",,"STRAIGHT AND LEVEL","DRY","NO DEFECTS","ON SCENE","INJURY AND / OR TOW DUE TO CRASH",,,"Y","OVER $1,500","2025-05-18T19:49:00.000","DRIVING ON WRONG SIDE/WRONG WAY","NOT APPLICABLE","1203","W","ADDISON ST","1924",,,,,,,"2","NO INDICATION OF INJURY","0","0","0","0","0","3","0","19","1","5","41.9470363825","-87.6593104571","POINT (-87.659310457093 41.947036382462)"
"bf34ad30b4ec25c144155eb2e0e61b96f4da8cb3347a089a51a6ee1a5859d2250d77924253cbea095cf201c834ed90ac8002d69cb9a1237d4563bc9915ca8ff9",,"2025-05-18T19:48:00.000","30","NO CONTROLS","NO CONTROLS","CLEAR","DAYLIGHT","PARKED MOTOR VEHICLE","ALLEY",,"STRAIGHT AND LEVEL","DRY","NO DEFECTS","NOT ON SCENE (DESK REPORT)","NO INJURY / DRIVE AWAY",,,,"$501 - $1,500","2025-05-18T21:10:00.000","UNABLE TO DETERMINE","NOT APPLICABLE","3515","W","78TH ST","835",,,,,,,"2","NO INDICATION OF INJURY","0","0","0","0","0","1","0","19","1","5","41.7513938173","-87.7103978355","POINT (-87.710397835516 41.751393817347)"
"76e583d43409c57a9e51bd2c198f1ed58f14b463d27f017d138c50328b7a8ee8d19aadd34b2fca8c6edab8adf49a9b72fb4ad1931b6d0fd6d0808d99285cea7c","Y","2025-05-18T19:40:00.000","30","NO CONTROLS","NO CONTROLS","CLEAR","DAYLIGHT","PARKED MOTOR VEHICLE","NOT DIVIDED",,"STRAIGHT AND LEVEL","DRY","NO DEFECTS","ON SCENE","NO INJURY / DRIVE AWAY",,,"Y","OVER $1,500","2025-05-18T19:42:00.000","UNABLE TO DETERMINE","UNABLE TO DETERMINE","6947","W","HIGGINS AVE","1613",,,,,,,"2","NO INDICATION OF INJURY","0","0","0","0","0","1","0","19","1","5","41.9798212318","-87.8015170596","POINT (-87.801517059636 41.979821231757)"
"533b948c15b861c11453a68f4fcc0d43aa34fdf0777dd3962026250d8e53dfffda2a8e6ca74001a951595f0e794de42c0325b11d8591dd90e74929899e9ffa6b",,"2025-05-18T19:32:00.000","30","TRAFFIC SIGNAL","FUNCTIONING PROPERLY","CLEAR","DARKNESS, LIGHTED ROAD","TURNING","DIVIDED - W/MEDIAN BARRIER",,"STRAIGHT AND LEVEL","DRY","NO DEFECTS","NOT ON SCENE (DESK REPORT)","NO INJURY / DRIVE AWAY","Y",,,"OVER $1,500","2025-05-19T22:48:00.000","IMPROPER TURNING/NO SIGNAL","DISREGARDING TRAFFIC SIGNALS","200","E","CERMAK RD","132",,,,,,,"2","NO INDICATION OF INJURY","0","0","0","0","0","2","0","19","1","5","41.8529978327","-87.6221944794","POINT (-87.622194479362 41.852997832724)"
"f165b9caf6ce9bd2bb45e6c470db548ecdf0c2a70976cdfc7ae77260df706f8e3a9e50bc08f0ce58ffafa918a7740b6efaa79784dd8781add20ba048429f2030",,"2025-05-18T19:31:00.000","30","TRAFFIC SIGNAL","FUNCTIONING PROPERLY","CLEAR","DAYLIGHT","TURNING","FOUR WAY",,"STRAIGHT AND LEVEL","DRY","NO DEFECTS","NOT ON SCENE (DESK REPORT)","NO INJURY / DRIVE AWAY","Y",,,"OVER $1,500","2025-05-18T20:09:00.000","UNABLE TO DETERMINE","NOT APPLICABLE","4258","S","DREXEL BLVD","214",,,,,,,"2","NO INDICATION OF INJURY","0","0","0","0","0","4","0","19","1","5","41.8168925343","-87.6046874137","POINT (-87.604687413698 41.816892534284)"
"b227daad53b648a5a48c56c765c2ad953c9ae866235d9dc09328aa5235e905a72b2fc6e922872bbac6bf1b1ec9e470856b14db172ce73f1fcd613fbc28525d57",,"2025-05-18T19:30:00.000","30","TRAFFIC SIGNAL","FUNCTIONING PROPERLY","CLEAR","DAYLIGHT","REAR END","NOT DIVIDED",,"STRAIGHT AND LEVEL","DRY","NO DEFECTS","NOT ON SCENE (DESK REPORT)","NO INJURY / DRIVE AWAY",,,,"$500 OR LESS","2025-05-18T20:00:00.000","OPERATING VEHICLE IN ERRATIC, RECKLESS, CARELESS, NEGLIGENT OR AGGRESSIVE MANNER","UNABLE TO DETERMINE","10300","S","STATE ST","512",,,,,,,"2","NO INDICATION OF INJURY","0","0","0","0","0","2","0","19","1","5","41.7071165792","-87.6236676203","POINT (-87.6236676203 41.707116579239)"
"3d9352d64ac27d2b6ea895b74f329928fb326489be740ea112666bcab2431bdb5eded3944ad1982af8643aa1bdcc647bb9b38f6840fff2972509a375f74d6d9b",,"2025-05-18T19:15:00.000","30","NO CONTROLS","NO CONTROLS","UNKNOWN","UNKNOWN","REAR END","NOT DIVIDED",,"STRAIGHT AND LEVEL","UNKNOWN","UNKNOWN","NOT ON SCENE (DESK REPORT)","NO INJURY / DRIVE AWAY",,,,"OVER $1,500","2025-05-19T20:00:00.000","UNABLE TO DETERMINE","NOT APPLICABLE","3033","W","DIVERSEY AVE","1411",,,,,,,"2","NO INDICATION OF INJURY","0","0","0","0","0","3","0","19","1","5","41.9319408197","-87.7038903595","POINT (-87.70389035951 41.931940819689)"
"52fc0aede53471a634ae68eb64961170deb859d17bdac454554b2f60acc3784f47eb293f9d215977a6111d06ff6927476c31210d642b30bf3d9a536acb3ffa1e",,"2025-05-18T19:15:00.000","30","STOP SIGN/FLASHER","FUNCTIONING PROPERLY","UNKNOWN","UNKNOWN","SIDESWIPE SAME DIRECTION","DIVIDED - W/MEDIAN (NOT RAISED)",,"STRAIGHT AND LEVEL","UNKNOWN","UNKNOWN","NOT ON SCENE (DESK REPORT)","NO INJURY / DRIVE AWAY",,,"Y","$501 - $1,500","2025-05-18T20:19:00.000","UNABLE TO DETERMINE","UNABLE TO DETERMINE","1410","S","SPECIAL OLYMPICS DR","132",,,,,,,"2","NO INDICATION OF INJURY","0","0","0","0","0","2","0","19","1","5",,,
"5df7b06cf674162952f890076ef7361865025252daa937c0978200b40c8928cb96000ef5ca007409db524f2ac44e06186c92a9ebdf6e956d7d807d8fa0c26178","Y","2025-05-18T18:57:00.000","30","NO CONTROLS","NO CONTROLS","CLEAR","DAYLIGHT","SIDESWIPE SAME DIRECTION","T-INTERSECTION",,"STRAIGHT AND LEVEL","DRY","NO DEFECTS","ON SCENE","INJURY AND / OR TOW DUE TO CRASH","Y",,,"OVER $1,500","2025-05-18T18:58:00.000","FAILING TO YIELD RIGHT-OF-WAY","FAILING TO YIELD RIGHT-OF-WAY","441","E","87TH ST","632",,,,,,,"2","NO INDICATION OF INJURY","0","0","0","0","0","2","0","18","1","5","41.7364173791","-87.6128623983","POINT (-87.61286239829 41.736417379055)"
"9c6cbb3fdcbb35af458d96c92630e0e839babf1464c5960d8fcd3bc337c2755d91c195aa2e651a75fc0b22d9dc60c5538a236b5b3fa818aed1baddfce4a76ce2",,"2025-05-18T18:49:00.000","30","NO CONTROLS","NO CONTROLS","CLEAR","DAYLIGHT","SIDESWIPE SAME DIRECTION","CENTER TURN LANE",,"STRAIGHT AND LEVEL","DRY","NO DEFECTS","ON SCENE","NO INJURY / DRIVE AWAY",,,"Y","OVER $1,500","2025-05-18T18:49:00.000","IMPROPER OVERTAKING/PASSING","NOT APPLICABLE","328","W","87TH ST","622",,,,,,,"2","NO INDICATION OF INJURY","0","0","0","0","0","2","0","18","1","5","41.7360828008","-87.6326850985","POINT (-87.632685098516 41.736082800816)"
"a6114a1fcd9ad4b6ca435b630b07b0fe995b0093d631bf88e45cba47ecb87505ecae07429e8d07efe4ee837a5e9e5c4c5d5591ca10168cb5395f6888b3b8f6dd",,"2025-05-18T18:45:00.000","30","TRAFFIC SIGNAL","FUNCTIONING PROPERLY","CLEAR","DAYLIGHT","TURNING","DIVIDED - W/MEDIAN (NOT RAISED)",,"STRAIGHT AND LEVEL","DRY","NO DEFECTS","NOT ON SCENE (DESK REPORT)","NO INJURY / DRIVE AWAY","Y",,,"OVER $1,500","2025-05-19T08:45:00.000","UNABLE TO DETERMINE","UNABLE TO DETERMINE","7900","S","STATE ST","623",,,,,,,"2","NO INDICATION OF INJURY","0","0","0","0","0","2","0","18","1","5","41.7509181383","-87.6246901225","POINT (-87.624690122516 41.750918138315)"
"b446a20f4f4ca7fc885a7c6e6604d0589ad0bb6be1d2f8926bc4a061266618dcec4a1fb1d8d8d7402d324ab3df00acdbedfe3f03816d7eae97a5af3dfb5fc944",,"2025-05-18T18:45:00.000","30","NO CONTROLS","NO CONTROLS","CLEAR","DAYLIGHT","HEAD ON","NOT DIVIDED",,"STRAIGHT AND LEVEL","DRY","NO DEFECTS","ON SCENE","INJURY AND / OR TOW DUE TO CRASH",,,,"OVER $1,500","2025-05-18T18:49:00.000","UNABLE TO DETERMINE","UNABLE TO DETERMINE","13000","S","AVENUE N","433",,,,,,,"2","NONINCAPACITATING INJURY","1","0","0","1","0","1","0","18","1","5","41.6590177989","-87.5388358776","POINT (-87.53883587758 41.659017798889)"
"44a2c9e518ad1c623a24d012a41851b49e47da0a3c77844d2ef7c9f29ad238b1e74fc828df8badd4fc81b79f3e198a5ec565907b9a469b60b8639d75adeee9eb",,"2025-05-18T18:44:00.000","25","NO CONTROLS","NO CONTROLS","CLEAR","DAYLIGHT","SIDESWIPE SAME DIRECTION","NOT DIVIDED",,"STRAIGHT AND LEVEL","DRY","NO DEFECTS","NOT ON SCENE (DESK REPORT)","NO INJURY / DRIVE AWAY",,,,"$501 - $1,500","2025-05-18T19:10:00.000","UNABLE TO DETERMINE","UNABLE TO DETERMINE","7861","S","STATE ST","623",,,,,,,"2","NO INDICATION OF INJURY","0","0","0","0","0","2","0","18","1","5","41.7510095803","-87.6244014161","POINT (-87.624401416141 41.75100958029)"
"01b6a7fa53511e28171cf29b0327138c09d073158fded652dacc0b10b877c7ed12a885b95f27ea464dd588857ae334d16d54bcb8c53b83a470d8689b05b17ce9",,"2025-05-18T18:30:00.000","30","NO CONTROLS","NO CONTROLS","CLEAR","DAYLIGHT","SIDESWIPE SAME DIRECTION","NOT DIVIDED",,"STRAIGHT AND LEVEL","DRY","NO DEFECTS","NOT ON SCENE (DESK REPORT)","INJURY AND / OR TOW DUE TO CRASH",,,,"OVER $1,500","2025-05-18T19:20:00.000","UNABLE TO DETERMINE","NOT APPLICABLE","2543","N","MILWAUKEE AVE","1414",,,,,,,"2","NO INDICATION OF INJURY","0","0","0","0","0","2","0","18","1","5","41.9276308604","-87.7048217285","POINT (-87.704821728452 41.927630860425)"
"13eb3e4b781ed5b0fa47fb55b7852796d3a964e18c333c326393b7f5e905ef75f1660cadca0f5540135b1b6ebd74fb092710ccdf5013cebd80b3ae774d239745",,"2025-05-18T18:30:00.000","10","NO CONTROLS","NO CONTROLS","CLEAR","DAWN","PARKED MOTOR VEHICLE","PARKING LOT",,"STRAIGHT AND LEVEL","DRY","NO DEFECTS","NOT ON SCENE (DESK REPORT)","NO INJURY / DRIVE AWAY",,,,"$501 - $1,500","2025-05-18T19:49:00.000","UNABLE TO DETERMINE","NOT APPLICABLE","2627","N","ELSTON AVE","1432",,,,,,,"2","NO INDICATION OF INJURY","0","0","0","0","0","1","0","18","1","5","41.929489274","-87.6836878249","POINT (-87.683687824894 41.929489273995)"
"c6c73134ad72d2a0aa581856531f46832e373db11cf25f90bc5b8ac51fb9def9403981c91a097199c388473fcf4ed8be5af060b6cf432dbc4f32b826cab721fe",,"2025-05-18T18:30:00.000","30","NO CONTROLS","NO CONTROLS","UNKNOWN","DAYLIGHT","PARKED MOTOR VEHICLE","ONE-WAY",,"STRAIGHT AND LEVEL","UNKNOWN","UNKNOWN","NOT ON SCENE (DESK REPORT)","NO INJURY / DRIVE AWAY",,,"Y","OVER $1,500","2025-05-19T18:20:00.000","UNABLE TO DETERMINE","UNABLE TO DETERMINE","1150","W","CONGRESS PKWY","1232",,,,,,,"2","NO INDICATION OF INJURY","0","0","0","0","0","6","0","18","1","5","41.875459153","-87.6565380671","POINT (-87.656538067116 41.875459153029)"
"02407617a7e2f6ab5c89cc10a7cb2ad5fca3b4eaa2c3e2520dfe73303d2d4bc7239d09233bb066933f7a3eca4900f1a67264825299670b33a6cd0056e2f18670",,"2025-05-18T18:26:00.000","5","NO CONTROLS","NO CONTROLS","CLEAR","DAYLIGHT","PARKED MOTOR VEHICLE","PARKING LOT",,"STRAIGHT AND LEVEL","DRY","NO DEFECTS","ON SCENE","NO INJURY / DRIVE AWAY",,,"Y","OVER $1,500","2025-05-18T18:26:00.000","DRIVING SKILLS/KNOWLEDGE/EXPERIENCE","DRIVING SKILLS/KNOWLEDGE/EXPERIENCE","8258","S","DR MARTIN LUTHER KING JR DR","631",,,,,,,"2","NO INDICATION OF INJURY","0","0","0","0","0","1","0","18","1","5","41.7438929587","-87.6149039828","POINT (-87.614903982803 41.743892958693)"