"crash_record_id","crash_date_est_i","crash_date","posted_speed_limit","traffic_control_device","device_condition","weather_condition","lighting_condition","first_crash_type","trafficway_type","lane_cnt","alignment","roadway_surface_cond","road_defect","report_type","crash_type","intersection_related_i","private_property_i","hit_and_run_i","damage","date_police_notified","prim_contributory_cause","sec_contributory_cause","street_no","street_direction","street_name","beat_of_occurrence","photos_taken_i","statements_taken_i","dooring_i","work_zone_i","work_zone_type","workers_present_i","num_units","most_severe_injury","injuries_total","injuries_fatal","injuries_incapacitating","injuries_non_incapacitating","injuries_reported_not_evident","injuries_no_indication","injuries_unknown","crash_hour","crash_day_of_week","crash_month","latitude","longitude","location"
"50cc3069e4eabc05462dea1d243ac68c6ad15d1e4c88b080668a34594364378ceabeb9ae97c7a9338d7eb76d070542887611e92bb99e7680ceb9a007ad339614",,"2025-05-18T18:25:00.000","30","NO CONTROLS","NO CONTROLS","CLEAR","DARKNESS, LIGHTED ROAD","TURNING","NOT DIVIDED",,"STRAIGHT AND LEVEL","UNKNOWN","UNKNOWN","NOT ON SCENE (DESK REPORT)","NO INJURY / DRIVE AWAY",,,,"OVER $1,500","2025-05-18T21:11:00.000","UNABLE TO DETERMINE","UNABLE TO DETERMINE","625","W","WRIGHTWOOD AVE","1935",,,,,,,"2","NO INDICATION OF INJURY","0","0","0","0","0","2","0","18","1","5","41.9292966512","-87.6438537428","POINT (-87.643853742809 41.929296651216)"
"60721acd39ff7a281a2d4e544762e4d1cb4653a91cee39cb772d2cc47d8ef5ed92e42fbc952f6eb38230ecfaf9d487d3b8083372c73880d63ae957ba1fcc0969",,"2025-05-18T18:09:00.000","30","NO CONTROLS","NO CONTROLS","CLEAR","DAYLIGHT","ANGLE","ALLEY",,"STRAIGHT AND LEVEL","DRY","NO DEFECTS","ON SCENE","INJURY AND / OR TOW DUE TO CRASH",,,,"OVER $1,500","2025-05-18T18:09:00.000","FAILING TO YIELD RIGHT-OF-WAY","NOT APPLICABLE","4700","N","WESTERN AVE","1911",,,,,,,"2","REPORTED, NOT EVIDENT","1","0","0","0","1","1","0","18","1","5","41.966848451","-87.6889984037","POINT (-87.688998403679 41.966848450952)"
"3961b8771cdc5b39ee965f2ec6f59ef1c09cc227751c0266ea09f0aba705fd427e40b792c3d8cca3726e2fec083c7a5a573f0308bb231c99e8b35b3ac18640d8",,"2025-05-18T18:06:00.000","30","NO CONTROLS","NO CONTROLS","CLEAR","DAYLIGHT","PARKED MOTOR VEHICLE","ONE-WAY",,"STRAIGHT AND LEVEL","DRY","NO DEFECTS","ON SCENE","NO INJURY / DRIVE AWAY",,,"Y","OVER $1,500","2025-05-18T18:19:00.000","UNABLE TO DETERMINE","NOT APPLICABLE","4929","W","BLOOMINGDALE AVE","2533","N","N",,,,,"4","NO INDICATION OF INJURY","0","0","0","0","0","1","0","18","1","5","41.9131159105","-87.7504167326","POINT (-87.750416732559 41.913115910513)"
"41ebbb95be4a97a8fb02b0b9fe45ffa2ebefc78826727f3f3fb5a267b38fa7cd7be5c0c2a25855f20e3c024f6aef199d96a8c14810835cd6435113ae43bcb30a",,"2025-05-18T18:00:00.000","30","NO CONTROLS","NO CONTROLS","CLEAR","DAYLIGHT","REAR END","NOT DIVIDED",,"STRAIGHT AND LEVEL","DRY","NO DEFECTS","NOT ON SCENE (DESK REPORT)","NO INJURY / DRIVE AWAY",,,,"OVER $1,500","2025-05-18T18:02:00.000","FOLLOWING TOO CLOSELY","UNABLE TO DETERMINE","5400","N","CICERO AVE","1621",,,,,,,"2","NO INDICATION OF INJURY","0","0","0","0","0","2","0","18","1","5","41.9800658337","-87.7482915431","POINT (-87.748291543133 41.980065833743)"
"4c433d8145ee5e70a71b47bef64429ae4ee00ca94d7d5323ac3ea5e089dfe16531c9b0e4ca29eb76986f56a2b8553d9d12331136214fa2ae0b4b92a6f89f054a",,"2025-05-18T18:00:00.000","30","NO CONTROLS","NO CONTROLS","CLEAR","DAYLIGHT","REAR END","NOT DIVIDED",,"STRAIGHT AND LEVEL","DRY","NO DEFECTS","NOT ON SCENE (DESK REPORT)","NO INJURY / DRIVE AWAY",,,,"OVER $1,500","2025-05-18T18:30:00.000","UNABLE TO DETERMINE","NOT APPLICABLE","4185","N","ELSTON AVE","1723",,,,,,,"2","NO INDICATION OF INJURY","0","0","0","0","0","3","0","18","1","5","41.9570001523","-87.7237784994","POINT (-87.723778499431 41.957000152349)"
"27733d8ac421399465b9f9c045d16b84aa0f7635817d8ec9f281680b33709def52f21ca7aa55679774d705883ff1714791b6ed3f6f26f1433c5f1778de680a95",,"2025-05-18T17:52:00.000","30","NO CONTROLS","NO CONTROLS","CLEAR","DAYLIGHT","REAR END","NOT DIVIDED",,"STRAIGHT AND LEVEL","DRY","NO DEFECTS","ON SCENE","INJURY AND / OR TOW DUE TO CRASH",,,,"$501 - $1,500","2025-05-18T17:53:00.000","FAILING TO REDUCE SPEED TO AVOID CRASH","NOT APPLICABLE","5820","N","SHERIDAN RD","2022",,,,,,,"2","NONINCAPACITATING INJURY","1","0","0","1","0","3","0","17","1","5","41.9879843006","-87.6554700664","POINT (-87.655470066377 41.987984300646)"
"1c8f9d699a2b023a88a6be1780672b2f82d5b5502339453ab8cea65097d27031cb67f486ebbbc949719975a4256c9ea4c4aa0401acb1032327ab7aed93511b61",,"2025-05-18T17:50:00.000","30","NO CONTROLS","NO CONTROLS","CLEAR","DAYLIGHT","SIDESWIPE SAME DIRECTION","NOT DIVIDED",,"STRAIGHT AND LEVEL","DRY","NO DEFECTS","ON SCENE","NO INJURY / DRIVE AWAY",,,"Y","OVER $1,500","2025-05-18T17:53:00.000","FAILING TO YIELD RIGHT-OF-WAY","DRIVING SKILLS/KNOWLEDGE/EXPERIENCE","1422","W","DIVISION ST","1433",,,,,,,"2","NO INDICATION OF INJURY","0","0","0","0","0","2","0","17","1","5","41.9035019607","-87.6636070369","POINT (-87.663607036881 41.903501960748)"
"23b00047de7ae0751f871b7b4ba8dfff891d13e6c3ad8ed5ea740356c7327600d39d2877f65939f4ec1febe5e82eca09456f91c2088b2230be35bb092e8ff30b",,"2025-05-18T17:50:00.000","30","TRAFFIC SIGNAL","FUNCTIONING PROPERLY","CLEAR","DAYLIGHT","TURNING","CENTER TURN LANE",,"STRAIGHT AND LEVEL","DRY","NO DEFECTS","ON SCENE","NO INJURY / DRIVE AWAY","Y",,,"OVER $1,500","2025-05-18T17:53:00.000","IMPROPER TURNING/NO SIGNAL","FAILING TO YIELD RIGHT-OF-WAY","298","S","KEDZIE AVE","1124",,,,,,,"2","NO INDICATION OF INJURY","0","0","0","0","0","2","0","17","1","5","41.8773757213","-87.7061634995","POINT (-87.706163499456 41.877375721286)"
"47f9cb70a24521cafa1e9ab0fcd05761eed866c869ca129d37faecacb64b8152aab5c07f51f4cb65976e57bee15d872e9a4495f1801dab903296cf4b40ece21d",,"2025-05-18T17:50:00.000","30","NO CONTROLS","NO CONTROLS","CLEAR","DAYLIGHT","REAR END","NOT DIVIDED",,"STRAIGHT AND LEVEL","DRY","NO DEFECTS","NOT ON SCENE (DESK REPORT)","NO INJURY / DRIVE AWAY",,,,"OVER $1,500","2025-05-18T19:15:00.000","FOLLOWING TOO CLOSELY","NOT APPLICABLE","2500","N","DAMEN AVE","1432",,,,,,,"2","NO INDICATION OF INJURY","0","0","0","0","0","2","0","17","1","5","41.9272335698","-87.6782495439","POINT (-87.678249543892 41.927233569799)"
"5234ab2e942d10375b18bc68103b8831d72288dbe21237898155990a936d2c3500ec3d64001f74bcace248a036f070b61cdcc617e01f38bce1912f5e7ba441c6",,"2025-05-18T17:50:00.000","30","TRAFFIC SIGNAL","FUNCTIONING PROPERLY","CLEAR","DAYLIGHT","SIDESWIPE SAME DIRECTION","NOT DIVIDED",,"STRAIGHT AND LEVEL","DRY","NO DEFECTS","ON SCENE","NO INJURY / DRIVE AWAY",,,"Y","$500 OR LESS","2025-05-18T18:35:00.000","UNABLE TO DETERMINE","UNABLE TO DETERMINE","5451","S","HARLEM AVE","811",,,,,,,"2","NO INDICATION OF INJURY","0","0","0","0","0","2","0","17","1","5","41.7924009571","-87.8013971249","POINT (-87.801397124902 41.792400957074)"
"82497a21c7ee3f3aabd1db9431993455f06bb4137d358fb903877c29149afb86fd6873411b320702955e189567cc7468bc856ff95b6008e65e4ca81856b3df53",,"2025-05-18T17:47:00.000","30","NO CONTROLS","NO CONTROLS","CLEAR","DAYLIGHT","SIDESWIPE SAME DIRECTION","ONE-WAY",,"STRAIGHT AND LEVEL","DRY","NO DEFECTS","ON SCENE","NO INJURY / DRIVE AWAY",,,,"OVER $1,500","2025-05-18T17:52:00.000","FAILING TO YIELD RIGHT-OF-WAY","NOT APPLICABLE","55","W","CHESTNUT ST","1832",,,,,,,"2","NO INDICATION OF INJURY","0","0","0","0","0","3","0","17","1","5","41.8978697368","-87.6303807625","POINT (-87.630380762521 41.897869736836)"
"2160d4754c94206cc53de25535df7d2f35c02275b3414d2dfc15ad5d2abd840e8d493062385cf8d608d035d37f465cb024432e83d5c2e6a4f7b84de4f49c56b6",,"2025-05-18T17:46:00.000","30","PEDESTRIAN CROSSING SIGN","FUNCTIONING PROPERLY","CLEAR","DAYLIGHT","PEDESTRIAN","FOUR WAY",,"STRAIGHT AND LEVEL","DRY","NO DEFECTS","NOT ON SCENE (DESK REPORT)","INJURY AND / OR TOW DUE TO CRASH",,,,"OVER $1,500","2025-05-18T17:49:00.000","FAILING TO REDUCE SPEED TO AVOID CRASH","NOT APPLICABLE","3512","W","LAWRENCE AVE","1712",,,,,,,"4","NONINCAPACITATING INJURY","3","0","0","3","0","1","0","17","1","5","41.9684802314","-87.7164226323","POINT (-87.716422632346 41.968480231376)"
"53d7bef0db16caf93de2d99a22248307cf2db7f37c37547a1a51298bff368edba447ba5b19dd9308c7d3fe41041000f719d80a83349f21bb6eba9bd185025e42",,"2025-05-18T17:40:00.000","30","UNKNOWN","UNKNOWN","UNKNOWN","UNKNOWN","TURNING","NOT DIVIDED",,"STRAIGHT AND LEVEL","UNKNOWN","UNKNOWN","NOT ON SCENE (DESK REPORT)","NO INJURY / DRIVE AWAY","Y",,,"$500 OR LESS","2025-05-18T19:03:00.000","UNABLE TO DETERMINE","UNABLE TO DETERMINE","5935","N","CLARK ST","2013",,,,,,,"2","NO INDICATION OF INJURY","0","0","0","0","0","2","0","17","1","5","41.989468978","-87.6698241627","POINT (-87.669824162717 41.989468977964)"
"9642f1d8d7c49209308ea9e0bf060b59181d636394ac990a34b010a6865fbda526b8ce0c4ee8833e7b14c545392d3366a512d3902bc4fc3e9a5e61cbf75924e2",,"2025-05-18T17:40:00.000","30","NO CONTROLS","NO CONTROLS","CLEAR","DAYLIGHT","FIXED OBJECT","NOT DIVIDED",,"STRAIGHT AND LEVEL","DRY","UNKNOWN","ON SCENE","INJURY AND / OR TOW DUE TO CRASH",,,,"OVER $1,500","2025-05-18T17:45:00.000","UNABLE TO DETERMINE","NOT APPLICABLE","1110","N","CENTRAL AVE","1511",,,,,,,"1","REPORTED, NOT EVIDENT","1","0","0","0","1","0","0","17","1","5","41.9006364431","-87.7657476959","POINT (-87.765747695882 41.900636443071)"
"3ee030453276aade9dc9046fbe27adaf32aaf91f2c33b8f39a5a14154da5226f39668acc1c289774e06391c60520676b3829a6b26a76a72a23e56e985944e142",,"2025-05-18T17:36:00.000","30","NO CONTROLS","NO CONTROLS","CLEAR","DAYLIGHT","REAR END","NOT DIVIDED",,"STRAIGHT AND LEVEL","DRY","NO DEFECTS","ON SCENE","INJURY AND / OR TOW DUE TO CRASH",,,,"OVER $1,500","2025-05-18T17:36:00.000","FAILING TO REDUCE SPEED TO AVOID CRASH","FAILING TO REDUCE SPEED TO AVOID CRASH","700","W","71ST ST","732",,,,,,,"2","REPORTED, NOT EVIDENT","1","0","0","0","1","1","0","17","1","5","41.765351085","-87.6420097871","POINT (-87.642009787084 41.765351084989)"
"3702e970051afafce2fb069d773fc064c075461620f6ab044f73777f2555937852d68af14aebfd4fc167823095084122e69051509c450b782d02b181d02c3a0f",,"2025-05-18T17:30:00.000","30","NO CONTROLS","NO CONTROLS","CLEAR","DAYLIGHT","OTHER OBJECT","PARKING LOT",,"STRAIGHT AND LEVEL","DRY","NO DEFECTS","ON SCENE","INJURY AND / OR TOW DUE TO CRASH",,,"Y","OVER $1,500","2025-05-18T17:35:00.000","IMPROPER BACKING","NOT APPLICABLE","345","N","CENTRAL AVE","1523",,,,,,,"2","NONINCAPACITATING INJURY","1","0","0","1","0","1","0","17","1","5","41.8870876819","-87.7649572507","POINT (-87.764957250728 41.887087681902)"
"fd3be0f877b9e15dbc36eaba79f27925caec9255b9cc8cfadc49f8c6178d41d6bb4045189313487d9338a40595a550823e02e9bca029804cea50d0f55cb1cf7b",,"2025-05-18T17:23:00.000","30","NO CONTROLS","NO CONTROLS","CLEAR","DAYLIGHT","REAR END","NOT DIVIDED",,"STRAIGHT AND LEVEL","DRY","NO DEFECTS","ON SCENE","INJURY AND / OR TOW DUE TO CRASH",,,,"OVER $1,500","2025-05-18T17:30:00.000","FOLLOWING TOO CLOSELY","NOT APPLICABLE","9400","S","COTTAGE GROVE AVE","633",,,,,,,"2","NONINCAPACITATING INJURY","3","0","0","3","0","0","0","17","1","5","41.7240672098","-87.604664604","POINT (-87.604664604014 41.724067209811)"
"8df37fff333985a5c1aed8858b9c9b1d6a3431ab9a8983eb2eb544e34e182037b6e6d403f40392527573e92b9c1c8df86ec802a996c6a37ba52f96326c18165e","Y","2025-05-18T17:22:00.000","20","TRAFFIC SIGNAL","FUNCTIONING PROPERLY","CLEAR","DAYLIGHT","TURNING","T-INTERSECTION",,"STRAIGHT AND LEVEL","DRY","NO DEFECTS","ON SCENE","NO INJURY / DRIVE AWAY","Y",,,"OVER $1,500","2025-05-18T17:26:00.000","FAILING TO YIELD RIGHT-OF-WAY","UNABLE TO DETERMINE","4700","W","MARQUETTE RD","833",,,,,,,"2","NO INDICATION OF INJURY","0","0","0","0","0","3","0","17","1","5","41.7712748211","-87.739676508","POINT (-87.739676508031 41.771274821137)"
"7a276b6c1a8eeb1624ccbfac792d383db5d5d4b4c04d318df87aaa82e76cd5af6a86c5f34ae19a4b86779da264f9b4f3b8ae8906067ba0c679000d6e5470b756",,"2025-05-18T17:20:00.000","30","TRAFFIC SIGNAL","UNKNOWN","CLEAR","DAYLIGHT","REAR END","NOT DIVIDED",,"STRAIGHT AND LEVEL","DRY","NO DEFECTS","NOT ON SCENE (DESK REPORT)","NO INJURY / DRIVE AWAY","Y",,"Y","$501 - $1,500","2025-05-18T17:49:00.000","NOT APPLICABLE","NOT APPLICABLE","345","N","CENTRAL AVE","1523",,,,,,,"2","NO INDICATION OF INJURY","0","0","0","0","0","3","0","17","1","5","41.8870876819","-87.7649572507","POINT (-87.764957250728 41.887087681902)"
"8576ef78e0ba50b537b9fc13be92b80ce83e7546a2516ef97a25736202d5908d38b0a42b8cdd12aca187c600afe22530406434e00b9dbcfc32278f671d1406a5",,"2025-05-18T17:11:00.000","30","UNKNOWN","UNKNOWN","RAIN","DAYLIGHT","TURNING","NOT DIVIDED",,"STRAIGHT AND LEVEL","UNKNOWN","UNKNOWN","NOT ON SCENE (DESK REPORT)","INJURY AND / OR TOW DUE TO CRASH",,,,"$501 - $1,500","2025-05-19T13:29:00.000","UNABLE TO DETERMINE","UNABLE TO DETERMINE","9901","S","LAFAYETTE AVE","511",,,,,,,"2","NONINCAPACITATING INJURY","1","0","0","1","0","2","0","17","1","5","41.7143391978","-87.6247303233","POINT (-87.6247303233 41.714339197781)"
"c584bf095e20e8a146bf6784df96cf949dd5a82b1db583159aa6fa288b1af7f04a4960cc674457b6f0c2b34a003abf9fed4b38b893b9310440e838a393d4abc2",,"2025-05-18T17:11:00.000","30","UNKNOWN","UNKNOWN","CLEAR","DAYLIGHT","SIDESWIPE SAME DIRECTION","NOT DIVIDED",,"STRAIGHT AND LEVEL","UNKNOWN","UNKNOWN","NOT ON SCENE (DESK REPORT)","NO INJURY / DRIVE AWAY",,,,"OVER $1,500","2025-05-18T18:10:00.000","UNABLE TO DETERMINE","UNABLE TO DETERMINE","425","N","DEARBORN ST","1831",,,,,,,"2","NO INDICATION OF INJURY","0","0","0","0","0","2","0","17","1","5","41.8900021618","-87.6294588014","POINT (-87.629458801354 41.890002161811)"
"c4f77e7df9b907d549f4930db34a4574615536dde851810865ec74142a2db86f4341e068b0a75b394bd53a3adb2ac5035b59a0759e8c50acbfd7236ffdfbc659",,"2025-05-18T17:06:00.000","30","TRAFFIC SIGNAL","FUNCTIONING PROPERLY","CLEAR","DAYLIGHT","TURNING","NOT DIVIDED",,"STRAIGHT AND LEVEL","DRY","NO DEFECTS","ON SCENE","NO INJURY / DRIVE AWAY","Y",,,"OVER $1,500","2025-05-18T17:06:00.000","IMPROPER LANE USAGE","DRIVING SKILLS/KNOWLEDGE/EXPERIENCE","5900","S","WESTERN AVE","824",,,,,,,"2","NO INDICATION OF INJURY","0","0","0","0","0","3","0","17","1","5","41.7864371748","-87.6839752465","POINT (-87.683975246481 41.786437174774)"
"3056eac7320be032f747a1e0dc0bd639e948e28bea75ca62a02a38cfcd618ba01405891d80588eb4ffb9e37f5e1ebd22ccbfaadac29265bae87450c9dfa75f65","Y","2025-05-18T17:00:00.000","20","TRAFFIC SIGNAL","FUNCTIONING PROPERLY","CLEAR","DAYLIGHT","ANGLE","NOT DIVIDED",,"STRAIGHT AND LEVEL","DRY","NO DEFECTS","ON SCENE","INJURY AND / OR TOW DUE TO CRASH","Y",,,"OVER $1,500","2025-05-18T17:18:00.000","UNABLE TO DETERMINE","DISREGARDING OTHER TRAFFIC SIGNS","801","E","83RD ST","632",,,,,,,"2","NONINCAPACITATING INJURY","1","0","0","1","0","2","0","17","1","5","41.743860854","-87.6049683995","POINT (-87.604968399527 41.743860854042)"
"92712035c6410469b1b1e808cd410e27ca2a536711644583d94734bc51e191e999f7f500d4929e56f402c4f35423dfbfd028005954eec8c9206d54e158c7cc57","Y","2025-05-18T16:57:00.000","30","TRAFFIC SIGNAL","FUNCTIONING PROPERLY","CLEAR","DAYLIGHT","REAR END","NOT DIVIDED",,"STRAIGHT AND LEVEL","DRY","NO DEFECTS","NOT ON SCENE (DESK REPORT)","NO INJURY / DRIVE AWAY","Y",,,"OVER $1,500","2025-05-18T18:10:00.000","DRIVING SKILLS/KNOWLEDGE/EXPERIENCE","FOLLOWING TOO CLOSELY","200","E","ILLINOIS ST","1834",,,,,,,"2","NO INDICATION OF INJURY","0","0","0","0","0","2","0","16","1","5","41.8910698573","-87.6226193997","POINT (-87.622619399716 41.891069857341)"
"b6d93a7301dca362baca907adf0e1100ec0caf9688111d8d974b1cfaee9e36fb5366fef4234d325ce6004633e51fd876378dd9be5def2b2bbd432a6e336fe1f7",,"2025-05-18T16:54:00.000","30","TRAFFIC SIGNAL","FUNCTIONING PROPERLY","CLEAR","DAYLIGHT","TURNING","DIVIDED - W/MEDIAN BARRIER",,"STRAIGHT AND LEVEL","DRY","NO DEFECTS","ON SCENE","INJURY AND / OR TOW DUE TO CRASH","Y",,,"OVER $1,500","2025-05-18T17:10:00.000","UNABLE TO DETERMINE","UNABLE TO DETERMINE","5500","S","PRINCETON AVE","711",,,,,,,"2","NO INDICATION OF INJURY","0","0","0","0","0","2","0","16","1","5","41.7940818811","-87.6331347033","POINT (-87.633134703265 41.794081881074)"
"69011ded88e6d4ea17351376def66b5302f0c7d8a0b5eddc6bddfd57985d74592fb341dae3dec492f26558074f64a44b4fcd77375faccf05f850869a889257f3",,"2025-05-18T16:48:00.000","30","TRAFFIC SIGNAL","FUNCTIONING PROPERLY","CLEAR","DAYLIGHT","PEDESTRIAN","NOT DIVIDED",,"STRAIGHT AND LEVEL","DRY","NO DEFECTS","ON SCENE","INJURY AND / OR TOW DUE TO CRASH",,,,"OVER $1,500","2025-05-18T16:49:00.000","UNABLE TO DETERMINE","UNABLE TO DETERMINE","6600","S","COTTAGE GROVE AVE","321",,,,,,,"2","NONINCAPACITATING INJURY","1","0","0","1","0","1","0","16","1","5","41.7748670018","-87.6059532761","POINT (-87.605953276101 41.774867001838)"
"21ba7a8d6e779b8c909836b1a274d883703d2cd360b9e1977245b9ece4470c326917a53699704480236743ff39a2e94271772fc0d38a8ac483df51289d09c5c2",,"2025-05-18T16:45:00.000","30","STOP SIGN/FLASHER","FUNCTIONING PROPERLY","CLEAR","DAYLIGHT","ANGLE","FOUR WAY",,"STRAIGHT AND LEVEL","DRY","NO DEFECTS","ON SCENE","INJURY AND / OR TOW DUE TO CRASH","Y",,,"OVER $1,500","2025-05-18T16:49:00.000","DISREGARDING STOP SIGN","NOT APPLICABLE","2700","S","KEDZIE AVE","1032",,,,,,,"2","NO INDICATION OF INJURY","0","0","0","0","0","3","0","16","1","5","41.8426025264","-87.7051278107","POINT (-87.705127810739 41.842602526365)"
"6c3635e6209d9fee06444b4733241092f5df453bab451ecd94ab0eb97ca826df5861bb5f9faca59464b22205f29b455419544da80cb9a6f845d3ab9fd7db8306",,"2025-05-18T16:43:00.000","30","NO CONTROLS","NO CONTROLS","CLEAR","DAYLIGHT","REAR END","NOT DIVIDED",,"STRAIGHT AND LEVEL","DRY","NO DEFECTS","NOT ON SCENE (DESK REPORT)","NO INJURY / DRIVE AWAY",,,,"OVER $1,500","2025-05-18T17:15:00.000","FOLLOWING TOO CLOSELY","NOT APPLICABLE","200","E","71ST ST","322",,,,,,,"2","NO INDICATION OF INJURY","0","0","0","0","0","2","0","16","1","5","41.7657235563","-87.6200202371","POINT (-87.62002023706 41.765723556348)"
"0dd3322bb8d901ed0eea64a4bf806b2f884ccc2b001e9e658fa58ee380511cb55fdecf5f08f578b1a591f88c9aff2f99343283bc5e749a2c651807e4a1609077",,"2025-05-18T16:30:00.000","45","NO CONTROLS","NO CONTROLS","CLEAR","DAYLIGHT","FIXED OBJECT","RAMP",,"STRAIGHT AND LEVEL","DRY","SHOULDER DEFECT","ON SCENE","INJURY AND / OR TOW DUE TO CRASH",,,,"OVER $1,500","2025-05-18T16:31:00.000","IMPROPER LANE USAGE","NOT APPLICABLE","5599","N","MANNHEIM RD","1654",,,,,,,"1","NO INDICATION OF INJURY","0","0","0","0","0","2","0","16","1","5","41.9808559332","-87.8786426245","POINT (-87.878642624466 41.980855933167)"
"10129a67ce1b6449cf30df51eb95cabd3f1257dd29a029a4fb5ba3392652cb14e38dfb9034b73e9747f6aa45fd3f9b1fa2047450d6614614b0e1e5a026d1cca9",,"2025-05-18T16:30:00.000","15","NO CONTROLS","NO CONTROLS","CLEAR","DAYLIGHT","FIXED OBJECT","OTHER",,"STRAIGHT AND LEVEL","DRY","NO DEFECTS","ON SCENE","NO INJURY / DRIVE AWAY",,,,"OVER $1,500","2025-05-18T16:48:00.000","DRIVING SKILLS/KNOWLEDGE/EXPERIENCE","NOT APPLICABLE","9858","S","UNIVERSITY AVE","511",,,,,,,"1","NO INDICATION OF INJURY","0","0","0","0","0","1","0","16","1","5","41.7151240373","-87.5959176602","POINT (-87.595917660244 41.715124037321)"
"aec75e8adf026c076c081c014de931b3173170ec302c66a24be9a3b3234467a407ad739336b8986a87d8ed67bcb5d62bc795dfbe20e71a5c7b183a7a35502786",,"2025-05-18T16:30:00.000","30","NO CONTROLS","NO CONTROLS","UNKNOWN","DAYLIGHT","SIDESWIPE SAME DIRECTION","DIVIDED - W/MEDIAN BARRIER",,"CURVE, LEVEL","DRY","UNKNOWN","NOT ON SCENE (DESK REPORT)","NO INJURY / DRIVE AWAY",,,,"OVER $1,500","2025-05-19T18:20:00.000","IMPROPER LANE USAGE","FAILING TO REDUCE SPEED TO AVOID CRASH","61","W","LA SALLE DR","1814",,,,,,,"2","NO INDICATION OF INJURY","0","0","0","0","0","2","0","16","1","5","41.9132446928","-87.6313743997","POINT (-87.631374399663 41.913244692809)"
"13992cfa0006933f5c561248f169e4e231a538ba7d514cb400df331a81d4f58b7895f72ae4fc5f1c719634641ca828b2808af8e4ba4426677fe0512477dadada",,"2025-05-18T16:27:00.000","30","TRAFFIC SIGNAL","UNKNOWN","CLEAR","DAYLIGHT","ANGLE","FOUR WAY",,"STRAIGHT AND LEVEL","DRY","NO DEFECTS","ON SCENE","INJURY AND / OR TOW DUE TO CRASH",,,,"OVER $1,500","2025-05-18T16:37:00.000","UNABLE TO DETERMINE","UNABLE TO DETERMINE","6298","S","ST LAWRENCE AVE","313",,,,,,,"2","NONINCAPACITATING INJURY","2","0","0","2","0","0","0","16","1","5","41.7804141852","-87.6109508498","POINT (-87.61095084978 41.780414185206)"
"f9fe6416f5b1b14800c6a2923ba6562d38644e8116efac002bba0e309cad2267d579418190323c7fb87332952ef08b3c4ebed548782a8d3bc0b1957accda26fe",,"2025-05-18T16:14:00.000","30","NO CONTROLS","NO CONTROLS","CLEAR","DAYLIGHT","SIDESWIPE SAME DIRECTION","ONE-WAY",,"STRAIGHT AND LEVEL","DRY","NO DEFECTS","ON SCENE","NO INJURY / DRIVE AWAY",,,,"OVER $1,500","2025-05-18T16:53:00.000","UNABLE TO DETERMINE","NOT APPLICABLE","1953","W","MELROSE ST","1922",,,,,,,"3","NO INDICATION OF INJURY","0","0","0","0","0","5","0","16","1","5","41.9403801901","-87.6780315397","POINT (-87.678031539679 41.940380190118)"
"6c63ac2226e1f412bfcf5bfc2c00bd8ed221265d560337bd25f65bbe5636da151cf825af64bcc5c6791f0623eeabad14d0c60cc86e281f5de41c0f6487767e2c","Y","2025-05-18T16:10:00.000","30","NO CONTROLS","NO CONTROLS","CLEAR","DAYLIGHT","ANGLE","FOUR WAY",,"STRAIGHT AND LEVEL","DRY","NO DEFECTS","NOT ON SCENE (DESK REPORT)","NO INJURY / DRIVE AWAY","Y",,"Y","$501 - $1,500","2025-05-18T16:50:00.000","UNABLE TO DETERMINE","UNABLE TO DETERMINE","438","E","110TH PL","513",,,,,,,"2","NO INDICATION OF INJURY","0","0","0","0","0","2","0","16","1","5","41.693331423","-87.611890358","POINT (-87.611890357952 41.693331423049)"
"74f88d29c4aeb6dcaad285e19abe49c7aae1cae5e9639d7424dcdbe6e192cd15138a40156e03828a87f6f25bc0f792eb9a9faef2132791e1cb84f57015d33c42","Y","2025-05-18T16:06:00.000","35","NO CONTROLS","NO CONTROLS","CLEAR","DAYLIGHT","FIXED OBJECT","DIVIDED - W/MEDIAN (NOT RAISED)",,"STRAIGHT AND LEVEL","DRY","NO DEFECTS","ON SCENE","NO INJURY / DRIVE AWAY","Y",,,"OVER $1,500","2025-05-18T16:07:00.000","VISION OBSCURED (SIGNS, TREE LIMBS, BUILDINGS, ETC.)","UNABLE TO DETERMINE","5357","N","EAST RIVER RD","1614",,,,,,,"1","NO INDICATION OF INJURY","0","0","0","0","0","1","0","16","1","5","41.9766848675","-87.8463229222","POINT (-87.846322922215 41.976684867474)"