"crash_record_id","crash_date_est_i","crash_date","posted_speed_limit","traffic_control_device","device_condition","weather_condition","lighting_condition","first_crash_type","trafficway_type","lane_cnt","alignment","roadway_surface_cond","road_defect","report_type","crash_type","intersection_related_i","private_property_i","hit_and_run_i","damage","date_police_notified","prim_contributory_cause","sec_contributory_cause","street_no","street_direction","street_name","beat_of_occurrence","photos_taken_i","statements_taken_i","dooring_i","work_zone_i","work_zone_type","workers_present_i","num_units","most_severe_injury","injuries_total","injuries_fatal","injuries_incapacitating","injuries_non_incapacitating","injuries_reported_not_evident","injuries_no_indication","injuries_unknown","crash_hour","crash_day_of_week","crash_month","latitude","longitude","location"
"2b425d953ff71be7cdb760c00d0359bcaefdddd4c132b167f24a9347650cb2e6b296d3fd4b691d70ba139ebf7ee179125d8b880fb7db004e324930befe2ebcf5",,"2025-05-18T16:01:00.000","25","NO CONTROLS","NO CONTROLS","CLEAR","DAYLIGHT","PARKED MOTOR VEHICLE","ONE-WAY",,"STRAIGHT AND LEVEL","DRY","NO DEFECTS","ON SCENE","INJURY AND / OR TOW DUE TO CRASH",,,,"OVER $1,500","2025-05-18T16:01:00.000","DRIVING SKILLS/KNOWLEDGE/EXPERIENCE","DRIVING SKILLS/KNOWLEDGE/EXPERIENCE","2431","S","RIDGEWAY AVE","1013",,,,,,,"2","NO INDICATION OF INJURY","0","0","0","0","0","1","0","16","1","5","41.8470650774","-87.7183796096","POINT (-87.718379609611 41.847065077351)"
"5e866fef30c9e27860c74ebc9be5c728cd16f06e693727b4eb28e134acc79d2b1d87e67bad9ccd51e7d7a2b511a5441c14b4a1fe49661c16e6fbc2cbd09bdbd6",,"2025-05-18T16:00:00.000","30","UNKNOWN","UNKNOWN","UNKNOWN","UNKNOWN","PARKED MOTOR VEHICLE","ONE-WAY",,"STRAIGHT AND LEVEL","UNKNOWN","UNKNOWN","NOT ON SCENE (DESK REPORT)","NO INJURY / DRIVE AWAY",,,"Y","$501 - $1,500","2025-05-18T17:00:00.000","UNABLE TO DETERMINE","NOT APPLICABLE","7036","N","DAMEN AVE","2424",,,,,,,"2","NO INDICATION OF INJURY","0","0","0","0","0","1","0","16","1","5","42.0100318037","-87.6803289389","POINT (-87.680328938865 42.010031803704)"
"754645a6133570f2724fd1091054dbd237294a695af9bafc29faa9ce4f273465c8ce33a2ef126ecefd44953a35585c7ac359a786a1e3a7de14ed6dc46d1f5b37","Y","2025-05-18T16:00:00.000","30","STOP SIGN/FLASHER","FUNCTIONING PROPERLY","CLEAR","DAYLIGHT","PARKED MOTOR VEHICLE","NOT DIVIDED",,"STRAIGHT AND LEVEL","DRY","NO DEFECTS","ON SCENE","NO INJURY / DRIVE AWAY",,,"Y","OVER $1,500","2025-05-18T16:48:00.000","NOT APPLICABLE","NOT APPLICABLE","5154","W","FULTON ST","1532",,,,,,,"2","NO INDICATION OF INJURY","0","0","0","0","0","1","0","16","1","5","41.8857527154","-87.7550449187","POINT (-87.755044918693 41.88575271538)"
"ac6ba6865832a6ed7f8306fd91b1519be607eb6cce510be99a702e9d840e026a317d5a3d7fdcf77a5e599d55aa5ed139d90a012ef4cf3622ac29093a49bc1eb2",,"2025-05-18T16:00:00.000","30","NO CONTROLS","NO CONTROLS","CLEAR","DAYLIGHT","SIDESWIPE SAME DIRECTION","NOT DIVIDED",,"STRAIGHT AND LEVEL","DRY","NO DEFECTS","NOT ON SCENE (DESK REPORT)","NO INJURY / DRIVE AWAY",,,"Y","OVER $1,500","2025-05-19T22:00:00.000","IMPROPER OVERTAKING/PASSING","IMPROPER OVERTAKING/PASSING","7606","W","TOUHY AVE","1611",,,,,,,"2","NO INDICATION OF INJURY","0","0","0","0","0","4","0","16","1","5","42.0115581416","-87.8167182299","POINT (-87.816718229907 42.011558141579)"
"fddc2f25ab7b06df66dcc55fd09aac5a5bdb2692a1a4638b92f52fcd7d9cc12735f610614e10978a33c717b46008e41437e4091c6938b51c86b92636083bb463",,"2025-05-18T15:56:00.000","35","TRAFFIC SIGNAL","UNKNOWN","CLEAR","DAYLIGHT","TURNING","FOUR WAY",,"STRAIGHT AND LEVEL","DRY","UNKNOWN","NOT ON SCENE (DESK REPORT)","NO INJURY / DRIVE AWAY","Y",,,"OVER $1,500","2025-05-18T16:20:00.000","UNABLE TO DETERMINE","UNABLE TO DETERMINE","2326","N","NARRAGANSETT AVE","2512",,,,,,,"2","NO INDICATION OF INJURY","0","0","0","0","0","2","0","15","1","5","41.9225896552","-87.7855570351","POINT (-87.785557035127 41.92258965516)"
"68191dbd2cde6913766be13bcd534060a90f954d185293d62f7e0f0731c72903960d67d76df38fb81dcb36508d9ffbcd16f8463263e46357dbd7054e18dfceae",,"2025-05-18T15:55:00.000","30","NO CONTROLS","NO CONTROLS","CLEAR","DAYLIGHT","TURNING","FOUR WAY",,"STRAIGHT AND LEVEL","DRY","NO DEFECTS","ON SCENE","NO INJURY / DRIVE AWAY","Y",,,"OVER $1,500","2025-05-18T16:01:00.000","IMPROPER TURNING/NO SIGNAL","NOT APPLICABLE","1859","W","115TH ST","2212",,,,,,,"2","NO INDICATION OF INJURY","0","0","0","0","0","5","0","15","1","5","41.6845950732","-87.667647541","POINT (-87.667647541049 41.684595073171)"
"62c7d1121767996dda960e47983a8fa705f20b0c6b1c1259a0a08185d90faf0ff8e1efabe9d8feb005ae882fbaed0cd72539bfcb719dc158e144ff31681a0664",,"2025-05-18T15:48:00.000","30","NO CONTROLS","NO CONTROLS","CLEAR","DAYLIGHT","PARKED MOTOR VEHICLE","ONE-WAY",,"STRAIGHT AND LEVEL","DRY","NO DEFECTS","ON SCENE","NO INJURY / DRIVE AWAY",,,,"$501 - $1,500","2025-05-18T15:48:00.000","DRIVING SKILLS/KNOWLEDGE/EXPERIENCE","UNABLE TO DETERMINE","60","E","GRAND AVE","1834",,,,,,,"2","NO INDICATION OF INJURY","0","0","0","0","0","1","0","15","1","5","41.8918143653","-87.6256852646","POINT (-87.625685264584 41.891814365281)"
"e6920731f4772c156235fe2a88206212e1f825d0bee23d5839f6aa2f62c9d5642695452eb20358f5fa9a9e1e5defbcfe12083304c33c872fc1c28de749c231f0",,"2025-05-18T15:42:00.000","30","NO CONTROLS","NO CONTROLS","CLEAR","DAYLIGHT","SIDESWIPE SAME DIRECTION","DIVIDED - W/MEDIAN (NOT RAISED)",,"STRAIGHT AND LEVEL","DRY","NO DEFECTS","NOT ON SCENE (DESK REPORT)","NO INJURY / DRIVE AWAY",,,,"OVER $1,500","2025-05-18T23:40:00.000","IMPROPER OVERTAKING/PASSING","NOT APPLICABLE","5389","S","HARLEM AVE","811",,,,,,,"2","NO INDICATION OF INJURY","0","0","0","0","0","2","0","15","1","5","41.7939666809","-87.8014433212","POINT (-87.801443321237 41.79396668089)"
"04c0914bbfc8047ec26be6a84fd293436b1b980072310169b6cbc4b5ceb365d099f50276c5be5873c3d246ec43dfa18bfb2273a59e2a3b02ae8d9d0f209d9cb9",,"2025-05-18T15:30:00.000","15","NO CONTROLS","NO CONTROLS","CLEAR","DAYLIGHT","TURNING","PARKING LOT",,"STRAIGHT AND LEVEL","DRY","NO DEFECTS","ON SCENE","NO INJURY / DRIVE AWAY",,,"Y","$501 - $1,500","2025-05-18T15:37:00.000","IMPROPER OVERTAKING/PASSING","UNABLE TO DETERMINE","524","W","OHARE ST","1654",,,,,,,"2","NO INDICATION OF INJURY","0","0","0","0","0","2","0","15","1","5",,,
"9a00ebd467936b8538fc0205cee64059a465f121fe16d89787057ac471ad6d0a53b6ac8ae925ff9c348e9a412cbd04a33c905a75d9d47f372d644d2e5d1725f5","Y","2025-05-18T15:30:00.000","25","NO CONTROLS","NO CONTROLS","CLEAR","DAYLIGHT","PARKED MOTOR VEHICLE","NOT DIVIDED",,"STRAIGHT AND LEVEL","DRY","NO DEFECTS","NOT ON SCENE (DESK REPORT)","NO INJURY / DRIVE AWAY",,,"Y","OVER $1,500","2025-05-19T08:00:00.000","UNABLE TO DETERMINE","NOT APPLICABLE","6319","N","OAKLEY AVE","2413",,,,,,,"2","NO INDICATION OF INJURY","0","0","0","0","0","1","0","15","1","5","41.9965547704","-87.6872556674","POINT (-87.687255667362 41.996554770406)"
"9869bcacac937dd6156edc1b627035b32edcaa4092ea53f2161f1134f5c1a38171002e0017a1928e6c5a6c7a5d5bf57039d9b2b4724f067dbd4e335e1b72a351",,"2025-05-18T15:23:00.000","30","STOP SIGN/FLASHER","FUNCTIONING PROPERLY","CLEAR","DAYLIGHT","ANGLE","FOUR WAY",,"STRAIGHT AND LEVEL","DRY","NO DEFECTS","ON SCENE","INJURY AND / OR TOW DUE TO CRASH","Y",,"Y","OVER $1,500","2025-05-18T15:23:00.000","FAILING TO YIELD RIGHT-OF-WAY","NOT APPLICABLE","341","S","KOSTNER AVE","1131",,,,,,,"2","NO INDICATION OF INJURY","0","0","0","0","0","4","0","15","1","5","41.8757401016","-87.7351587741","POINT (-87.73515877409 41.875740101562)"
"18769f47fc70726766fe9b0bdad1921416078723a6bb1e3b401496669b2bf5e1912ecf31acca198f041f4b088fe5aa25cceb3ed2511fe6f7661da6987aafa990",,"2025-05-18T15:20:00.000","30","NO CONTROLS","NO CONTROLS","CLEAR","DAYLIGHT","REAR END","NOT DIVIDED",,"STRAIGHT AND LEVEL","DRY","NO DEFECTS","NOT ON SCENE (DESK REPORT)","NO INJURY / DRIVE AWAY",,,,"OVER $1,500","2025-05-18T17:00:00.000","FOLLOWING TOO CLOSELY","UNABLE TO DETERMINE","5530","W","DIVERSEY AVE","2514",,,,,,,"2","NO INDICATION OF INJURY","0","0","0","0","0","2","0","15","1","5","41.9314033031","-87.7650819282","POINT (-87.765081928153 41.931403303053)"
"874de64b9a6ad3d3bbd8d09808aaf5ab02b6f2b302f2479f62a034eef4cfbbcb1876b10ea2d484a9e2589f6d14a56a936f273318e1f1d0cb135fe7d527f07b3c","Y","2025-05-18T15:20:00.000","20","NO CONTROLS","NO CONTROLS","CLEAR","DAYLIGHT","PARKED MOTOR VEHICLE","ONE-WAY",,"STRAIGHT AND LEVEL","DRY","NO DEFECTS","ON SCENE","NO INJURY / DRIVE AWAY",,,,"$501 - $1,500","2025-05-18T16:40:00.000","FAILING TO REDUCE SPEED TO AVOID CRASH","IMPROPER TURNING/NO SIGNAL","6004","W","BERENICE AVE","1633",,,,,,,"2","NO INDICATION OF INJURY","0","0","0","0","0","1","0","15","1","5","41.9504187184","-87.7769538515","POINT (-87.776953851498 41.950418718407)"
"521557d51a1c9b4f9c3c6de1b98ec598f302e74d479081de9cbb604ef36982950ca26e59c828960e291921e1ad8e205188511c5e71e3bdddedc964067be36992",,"2025-05-18T15:19:00.000","30","TRAFFIC SIGNAL","FUNCTIONING PROPERLY","CLEAR","DAYLIGHT","REAR END","DIVIDED - W/MEDIAN (NOT RAISED)",,"STRAIGHT AND LEVEL","DRY","NO DEFECTS","NOT ON SCENE (DESK REPORT)","NO INJURY / DRIVE AWAY",,,,"OVER $1,500","2025-05-18T16:15:00.000","FOLLOWING TOO CLOSELY","NOT APPLICABLE","1931","N","WESTERN AVE","1434",,,,,,,"2","NO INDICATION OF INJURY","0","0","0","0","0","2","0","15","1","5","41.9166322373","-87.6872376471","POINT (-87.687237647133 41.916632237324)"
"d146dc6e47f0dc82e036534b27184935234f6edb8304e85697398730914ee08f2dab262ee8bba5b95ff0689e5e43c1f7568f75eb195f78fb9c105c8e64814e7e",,"2025-05-18T15:15:00.000","30","NO CONTROLS","NO CONTROLS","CLEAR","DAYLIGHT","REAR END","NOT DIVIDED",,"STRAIGHT AND LEVEL","DRY","NO DEFECTS","ON SCENE","NO INJURY / DRIVE AWAY",,,,"OVER $1,500","2025-05-18T15:32:00.000","DISTRACTION - FROM INSIDE VEHICLE","FOLLOWING TOO CLOSELY","5831","W","DIVISION ST","1511",,,,,,,"2","NO INDICATION OF INJURY","0","0","0","0","0","2","0","15","1","5","41.901944135","-87.7716599828","POINT (-87.77165998276 41.901944135047)"
"98bf446b623640924ad8b301cc7bea19e00161ca3acafacb52ed50e2a3b947fe9b6adf49b20a5716c50b9cd48910db548227122da02a0331e2659af73a6231a6",,"2025-05-18T15:10:00.000","30","NO CONTROLS","NO CONTROLS","CLEAR","DAYLIGHT","OTHER OBJECT","NOT DIVIDED",,"STRAIGHT AND LEVEL","DRY","NO DEFECTS","NOT ON SCENE (DESK REPORT)","NO INJURY / DRIVE AWAY",,,,"OVER $1,500","2025-05-18T16:29:00.000","UNABLE TO DETERMINE","UNABLE TO DETERMINE","2600","N","CANNON DR","1935","Y",,,,,,"2","NO INDICATION OF INJURY","0","0","0","0","0","1","0","15","1","5","41.9296787235","-87.6362399158","POINT (-87.636239915773 41.929678723477)"
"113203914d0bcb4cf869380200eb962be47ba8648970f3be1f8aa9ddf3f1b777c5ef6cc8ee62d54a05f6335026373b69ba601938a91c6e4698844c8a8f549e11",,"2025-05-18T15:07:00.000","25","STOP SIGN/FLASHER","FUNCTIONING PROPERLY","CLEAR","DAYLIGHT","REAR TO FRONT","ONE-WAY",,"STRAIGHT AND LEVEL","DRY","NO DEFECTS","ON SCENE","NO INJURY / DRIVE AWAY",,,"Y","OVER $1,500","2025-05-18T15:07:00.000","UNABLE TO DETERMINE","UNABLE TO DETERMINE","2601","S","HARDING AVE","1031",,,,,,,"2","NO INDICATION OF INJURY","0","0","0","0","0","3","0","15","1","5","41.8441795396","-87.723182367","POINT (-87.723182367048 41.844179539581)"
"db181329938c35dc013277dccfc9657e178e61385191c80d3def1af5377bc69f8c8c4002bba7429026ae7a97c2633dcb5a7953915e68752e1c72c2e7e98f5805",,"2025-05-18T14:56:00.000","25","STOP SIGN/FLASHER","NO CONTROLS","CLEAR","DAYLIGHT","ANGLE","FOUR WAY",,"STRAIGHT AND LEVEL","DRY","NO DEFECTS","ON SCENE","INJURY AND / OR TOW DUE TO CRASH",,,"Y","OVER $1,500","2025-05-18T15:52:00.000","DISREGARDING STOP SIGN","NOT APPLICABLE","6300","S","CHAMPLAIN AVE","312",,,,,,,"2","NO INDICATION OF INJURY","0","0","0","0","0","2","0","14","1","5","41.7802542842","-87.6097245446","POINT (-87.609724544565 41.780254284186)"
"1dca1d5de67519f7d7c885e1284ef48e25fef2ed0b3213f0478fdeb619d49bb916c0756093a3ad41518a7024f621160f8fbc9fb5ecd92ad1517b48fec1af4e25",,"2025-05-18T14:53:00.000","30","NO CONTROLS","NO CONTROLS","CLEAR","DAYLIGHT","TURNING","DIVIDED - W/MEDIAN BARRIER",,"STRAIGHT AND LEVEL","DRY","NO DEFECTS","NOT ON SCENE (DESK REPORT)","NO INJURY / DRIVE AWAY",,,"Y","OVER $1,500","2025-05-18T15:24:00.000","IMPROPER TURNING/NO SIGNAL","NOT APPLICABLE","1640","W","ROOSEVELT RD","1231",,,,,,,"2","NO INDICATION OF INJURY","0","0","0","0","0","3","0","14","1","5","41.8669693588","-87.6680735475","POINT (-87.668073547523 41.866969358832)"
"45ae0bd85ccd206152fad93ea251ec1b4c726f4aad063e313dcb585b8ab7993b37b6945b5641439021f462f38f83ba981d629ab1c3ad5c9ac586cde4c987c518",,"2025-05-18T14:50:00.000","30","NO CONTROLS","UNKNOWN","CLEAR","DAYLIGHT","SIDESWIPE SAME DIRECTION","DIVIDED - W/MEDIAN (NOT RAISED)",,"STRAIGHT AND LEVEL","DRY","NO DEFECTS","ON SCENE","NO INJURY / DRIVE AWAY",,,,"OVER $1,500","2025-05-18T14:50:00.000","FAILING TO YIELD RIGHT-OF-WAY","NOT APPLICABLE","3975","N","WESTERN AVE","1921",,"Y",,,,,"2","NO INDICATION OF INJURY","0","0","0","0","0","3","0","14","1","5","41.9539685095","-87.6883179953","POINT (-87.688317995326 41.953968509538)"
"52ed721f191528ea4570c28a3ff367f3ad9d93e20d21af4dc41682c1b8507eff4f85f43354cd6b5729a3d60ff1cfe19447b908c04a885f4bd8a088b73f034fa7",,"2025-05-18T14:45:00.000","30","STOP SIGN/FLASHER","FUNCTIONING PROPERLY","CLEAR","DAYLIGHT","REAR END","FOUR WAY",,"STRAIGHT AND LEVEL","DRY","NO DEFECTS","ON SCENE","NO INJURY / DRIVE AWAY","N",,,"OVER $1,500","2025-05-18T14:51:00.000","FAILING TO YIELD RIGHT-OF-WAY","NOT APPLICABLE","3142","W","DIVISION ST","1423",,"Y",,,,,"2","NO INDICATION OF INJURY","0","0","0","0","0","2","0","14","1","5","41.9029493047","-87.7060806327","POINT (-87.70608063272 41.902949304708)"
"5ab3069eb20b663b78a5f80bc03848bc27d3e957fb003c2a33d54c0e18ce94bb75f2e87842e7833acb98b9c64d4094b99e745d70e52751b1a9f7d165037020ea","Y","2025-05-18T14:45:00.000","30","NO CONTROLS","NO CONTROLS","CLEAR","DAYLIGHT","PARKED MOTOR VEHICLE","NOT DIVIDED",,"STRAIGHT AND LEVEL","DRY","NO DEFECTS","NOT ON SCENE (DESK REPORT)","NO INJURY / DRIVE AWAY",,,"Y","OVER $1,500","2025-05-18T15:10:00.000","UNABLE TO DETERMINE","NOT APPLICABLE","6725","N","SHERIDAN RD","2432",,,,,,,"2","NO INDICATION OF INJURY","0","0","0","0","0","1","0","14","1","5","42.0042731399","-87.6606922976","POINT (-87.660692297591 42.004273139905)"
"c70adef14bef9e89135b12212d714ac17b28806365b6246728f6e0191ccc637ea84e2a31a8f73dec11f7438e46d0eb897a7dae7acd4508ea1dec78a4429b0fb0",,"2025-05-18T14:39:00.000","25","STOP SIGN/FLASHER","NO CONTROLS","CLEAR","DAYLIGHT","TURNING","NOT DIVIDED",,"STRAIGHT AND LEVEL","DRY","NO DEFECTS","ON SCENE","NO INJURY / DRIVE AWAY",,,,"OVER $1,500","2025-05-18T15:19:00.000","UNABLE TO DETERMINE","UNABLE TO DETERMINE","1399","W","CONGRESS PKWY","1231",,,,,,,"2","NO INDICATION OF INJURY","0","0","0","0","0","2","0","14","1","5","41.8751527892","-87.6617147886","POINT (-87.661714788596 41.875152789169)"
"58d2bfcb264a7964d923a6351be8d7d2fd97cb32d6021f6bdc3a592bdc116f1ded06be2446473ba768eb9d60a1816a3002cee84b1ba6af39faa59fe19ee89b74",,"2025-05-18T14:35:00.000","30","TRAFFIC SIGNAL","FUNCTIONING PROPERLY","CLEAR","DAYLIGHT","REAR END","ONE-WAY",,"STRAIGHT AND LEVEL","DRY","UNKNOWN","ON SCENE","INJURY AND / OR TOW DUE TO CRASH",,,,"OVER $1,500","2025-05-18T15:21:00.000","FOLLOWING TOO CLOSELY","FAILING TO REDUCE SPEED TO AVOID CRASH","3556","W","CONGRESS PKWY","1133",,,,,,,"2","NO INDICATION OF INJURY","0","0","0","0","0","4","0","14","1","5","41.8745958311","-87.7151093309","POINT (-87.715109330911 41.8745958311)"
"c0f18d885a9c17a155e4bc4aaea5894833d42457fef8ae99e5ab2e9ac035f80ec71472ccf1ca4a2b44d363d67a651b199ab07ab17cedb40591df3bccb8e91e07",,"2025-05-18T14:35:00.000","30","UNKNOWN","UNKNOWN","CLEAR","DAYLIGHT","REAR END","FIVE POINT, OR MORE",,"STRAIGHT AND LEVEL","DRY","UNKNOWN","ON SCENE","NO INJURY / DRIVE AWAY",,,"Y","OVER $1,500","2025-05-18T14:46:00.000","IMPROPER OVERTAKING/PASSING","IMPROPER OVERTAKING/PASSING","3620","W","IRVING PARK RD","1723",,,,,,,"2","NO INDICATION OF INJURY","0","0","0","0","0","2","0","14","1","5","41.9538540489","-87.7187666891","POINT (-87.718766689111 41.953854048898)"
"d6dea9d6021d7dfe8ee654d8a377d3180d1d19ff520dce42ac52e42ea34df0a2cbfb9a90c0fe8c11adaf5c313ec340e239d3e8ce0a7a293d3cd2a1e6a165325c",,"2025-05-18T14:35:00.000","30","STOP SIGN/FLASHER","FUNCTIONING PROPERLY","CLEAR","DAYLIGHT","PEDALCYCLIST","NOT DIVIDED",,"STRAIGHT AND LEVEL","DRY","NO DEFECTS","NOT ON SCENE (DESK REPORT)","NO INJURY / DRIVE AWAY","N",,,"OVER $1,500","2025-05-18T15:50:00.000","UNABLE TO DETERMINE","NOT APPLICABLE","2338","N","KEDZIE BLVD","1413",,,,,,,"2","NO INDICATION OF INJURY","0","0","0","0","0","3","0","14","1","5","41.9240807269","-87.7073471584","POINT (-87.707347158436 41.924080726871)"
"31add0135d942312155b7b796496b17af6e5d9949cf2b537307bfef9004ba62ab861eac77fee937987b137bcf2df3338deb75914f47f12215fe7330f91b0e905",,"2025-05-18T14:30:00.000","10","NO CONTROLS","NO CONTROLS","CLEAR","DAYLIGHT","PARKED MOTOR VEHICLE","PARKING LOT",,"STRAIGHT AND LEVEL","DRY","NO DEFECTS","NOT ON SCENE (DESK REPORT)","NO INJURY / DRIVE AWAY",,"Y","Y","$501 - $1,500","2025-05-18T16:08:00.000","NOT APPLICABLE","NOT APPLICABLE","4437","S","CICERO AVE","815",,,,,,,"2","NO INDICATION OF INJURY","0","0","0","0","0","2","0","14","1","5","41.8119896","-87.7431282484","POINT (-87.743128248354 41.811989599987)"
"544012c0f0e3b8a08f3fa1d53ced8a9a2b0eb43a2d12990b1ed87a4a3dd3f3b76b9088c0f1fd3d7b5a809a1aa298748113500b95429c131c1b811a62b7a89e8d",,"2025-05-18T14:30:00.000","30","UNKNOWN","UNKNOWN","CLEAR","DAYLIGHT","SIDESWIPE SAME DIRECTION","NOT DIVIDED",,"STRAIGHT AND LEVEL","UNKNOWN","UNKNOWN","NOT ON SCENE (DESK REPORT)","NO INJURY / DRIVE AWAY",,,,"OVER $1,500","2025-05-18T15:00:00.000","UNABLE TO DETERMINE","UNABLE TO DETERMINE","1317","W","NORTH AVE","1433",,,,,,,"2","NO INDICATION OF INJURY","0","0","0","0","0","2","0","14","1","5","41.9106110842","-87.6612099755","POINT (-87.66120997547 41.910611084233)"
"7f4f744385b765eefd92ce3591186f84c99a78c933b95b3c55f280fe6d43c8f95e5d192eedd2bdd3ce199e51fd39ab9f97cbe0bab82dc071f0037f628b939750",,"2025-05-18T14:30:00.000","30","NO CONTROLS","NO CONTROLS","CLEAR","DAYLIGHT","PARKED MOTOR VEHICLE","ONE-WAY",,"STRAIGHT AND LEVEL","DRY","NO DEFECTS","NOT ON SCENE (DESK REPORT)","NO INJURY / DRIVE AWAY",,,"Y","OVER $1,500","2025-05-18T15:30:00.000","UNABLE TO DETERMINE","NOT APPLICABLE","1007","N","WINCHESTER AVE","1212",,,,,,,"2","NO INDICATION OF INJURY","0","0","0","0","0","1","0","14","1","5","41.8998343569","-87.6757910717","POINT (-87.675791071749 41.899834356925)"
"ef5f014a75b23f72a08f990c8115c6941fafc01f0c0fcae949451bcb456125f2284fb421e8d45aa82421bb96dba730afbb76a134dc2fd082b1fb03d333e13ea5",,"2025-05-18T14:30:00.000","20","STOP SIGN/FLASHER","FUNCTIONING PROPERLY","CLEAR","DAYLIGHT","ANGLE","NOT DIVIDED",,"STRAIGHT AND LEVEL","DRY","NO DEFECTS","ON SCENE","INJURY AND / OR TOW DUE TO CRASH","Y",,,"$501 - $1,500","2025-05-18T15:05:00.000","DISREGARDING STOP SIGN","DISREGARDING STOP SIGN","9001","S","COMMERCIAL AVE","424",,,,"N",,,"2","NO INDICATION OF INJURY","0","0","0","0","0","2","0","14","1","5","41.7318121444","-87.5511487689","POINT (-87.551148768851 41.731812144445)"
"fbd735daa359828120311135ffea9b60909f78a3e896d48d05a7d6016a9a11f9fc68f5a531ae23fba8bc9e0ba4bb36316b78bbede695eff91f4648787689cb34",,"2025-05-18T14:30:00.000","10","NO CONTROLS","NO CONTROLS","CLEAR","DAYLIGHT","SIDESWIPE SAME DIRECTION","PARKING LOT",,"STRAIGHT AND LEVEL","DRY","NO DEFECTS","NOT ON SCENE (DESK REPORT)","NO INJURY / DRIVE AWAY",,"Y",,"$500 OR LESS","2025-05-18T14:30:00.000","FAILING TO YIELD RIGHT-OF-WAY","UNABLE TO DETERMINE","2112","W","PETERSON AVE","2413",,,,,,,"2","NO INDICATION OF INJURY","0","0","0","0","0","2","0","14","1","5","41.990729218","-87.6829794536","POINT (-87.682979453599 41.990729217961)"
"fe468c22c8b8ba1a8e66d907c48627c332b062bddc44e377d87ef408338fe4593a725eaa1f217bc5dd4f214ad04d7c805f5c597d36dba89f19f0e2a54c4c691c",,"2025-05-18T14:28:00.000","30","NO CONTROLS","NO CONTROLS","CLEAR","DAYLIGHT","SIDESWIPE SAME DIRECTION","DIVIDED - W/MEDIAN BARRIER",,"STRAIGHT AND LEVEL","DRY","NO DEFECTS","ON SCENE","NO INJURY / DRIVE AWAY",,,"Y","OVER $1,500","2025-05-18T14:48:00.000","UNABLE TO DETERMINE","NOT APPLICABLE","1125","W","95TH ST","2213",,,,,,,"2","NO INDICATION OF INJURY","0","0","0","0","0","2","0","14","1","5","41.7212452779","-87.6516715035","POINT (-87.651671503532 41.721245277903)"
"786d11ea2c8b7d5c65bc471cb5eaa6ff713b6a26481479d1e8fc056013aa90e6e58557ddddcfe40e1a197104bdc6254b34603f6bd0a127b5d0205660871de27f",,"2025-05-18T14:25:00.000","30","NO CONTROLS","NO CONTROLS","CLEAR","DAYLIGHT","REAR TO FRONT","PARKING LOT",,"STRAIGHT AND LEVEL","DRY","NO DEFECTS","NOT ON SCENE (DESK REPORT)","NO INJURY / DRIVE AWAY",,,,"OVER $1,500","2025-05-18T14:46:00.000","NOT APPLICABLE","NOT APPLICABLE","4936","W","NORTH AVE","2533",,,,,,,"2","NO INDICATION OF INJURY","0","0","0","0","0","2","0","14","1","5","41.9096772757","-87.7506460785","POINT (-87.750646078529 41.90967727573)"
"35c823399642776cc0ea94ea4cad7d1fdb4090345c318c634509b813d2d10a893641ccbdb6e4ce46f94cd7cea20e5cba353baf6afe9d58ae0cc9567811d67105",,"2025-05-18T14:20:00.000","30","STOP SIGN/FLASHER","FUNCTIONING PROPERLY","CLEAR","DAYLIGHT","ANGLE","FOUR WAY",,"STRAIGHT AND LEVEL","DRY","NO DEFECTS","NOT ON SCENE (DESK REPORT)","NO INJURY / DRIVE AWAY","Y",,,"OVER $1,500","2025-05-18T14:55:00.000","UNABLE TO DETERMINE","NOT APPLICABLE","5799","S","MICHIGAN AVE","232",,,,,,,"2","NO INDICATION OF INJURY","0","0","0","0","0","3","0","14","1","5","41.7893345398","-87.6221838409","POINT (-87.622183840892 41.789334539763)"
"77e24f44935de2daa7b7968a6e273deddcdf6e995025ee6854f2c628682c5ce60caee5f280c7e92179d561cfd280702ce6018739f51b9591384807521263a5a3",,"2025-05-18T14:20:00.000","30","UNKNOWN","UNKNOWN","CLEAR","DAYLIGHT","PEDESTRIAN","OTHER",,"STRAIGHT AND LEVEL","UNKNOWN","UNKNOWN","ON SCENE","INJURY AND / OR TOW DUE TO CRASH","N",,,"OVER $1,500","2025-05-18T16:36:00.000","DRIVING SKILLS/KNOWLEDGE/EXPERIENCE","UNABLE TO DETERMINE","1599","N","CLYBOURN AVE","1822",,"N",,,,,"2","NONINCAPACITATING INJURY","2","0","0","2","0","0","0","14","1","5","41.9109347402","-87.6493370134","POINT (-87.649337013437 41.910934740184)"