"crash_record_id","crash_date_est_i","crash_date","posted_speed_limit","traffic_control_device","device_condition","weather_condition","lighting_condition","first_crash_type","trafficway_type","lane_cnt","alignment","roadway_surface_cond","road_defect","report_type","crash_type","intersection_related_i","private_property_i","hit_and_run_i","damage","date_police_notified","prim_contributory_cause","sec_contributory_cause","street_no","street_direction","street_name","beat_of_occurrence","photos_taken_i","statements_taken_i","dooring_i","work_zone_i","work_zone_type","workers_present_i","num_units","most_severe_injury","injuries_total","injuries_fatal","injuries_incapacitating","injuries_non_incapacitating","injuries_reported_not_evident","injuries_no_indication","injuries_unknown","crash_hour","crash_day_of_week","crash_month","latitude","longitude","location"
"bda64c38a243ad5979bc098c6a354ee54f48a655abe9ea6afa9a37f2a66e6b87a22c9ee37011dfe0b465eaea030616fe331d55b147d8396cdf0cc0a6d8a3d679",,"2025-05-18T14:20:00.000","30","UNKNOWN","UNKNOWN","UNKNOWN","UNKNOWN","TURNING","NOT DIVIDED",,"STRAIGHT AND LEVEL","UNKNOWN","UNKNOWN","NOT ON SCENE (DESK REPORT)","NO INJURY / DRIVE AWAY","Y",,,"$500 OR LESS","2025-05-18T14:59:00.000","UNABLE TO DETERMINE","UNABLE TO DETERMINE","5923","N","SHERIDAN RD","2022",,,,,,,"2","NO INDICATION OF INJURY","0","0","0","0","0","2","0","14","1","5","41.9898900201","-87.6552311493","POINT (-87.655231149276 41.989890020138)"
"d123c05bb13eaa206548682a82da2752d0778fc46e3b357ab6a2bf03a80224545d8939d3632bb9907137f926cd9d8a57caaafee79a02478561b2dec2124d2a5e",,"2025-05-18T14:18:00.000","35","STOP SIGN/FLASHER","NO CONTROLS","CLEAR","DAYLIGHT","ANGLE","NOT DIVIDED",,"STRAIGHT AND LEVEL","DRY","UNKNOWN","NOT ON SCENE (DESK REPORT)","NO INJURY / DRIVE AWAY","Y",,,"OVER $1,500","2025-05-18T15:00:00.000","UNABLE TO DETERMINE","UNABLE TO DETERMINE","1099","N","LAWLER AVE","1531",,,,,,,"2","NO INDICATION OF INJURY","0","0","0","0","0","2","0","14","1","5","41.9003653908","-87.7519054975","POINT (-87.751905497471 41.90036539085)"
"1194057ea7c0257cfd0ebb93fdfed5ab6c145fb576e45d8d2e8ac1ce2e35981fe47e7da8f290292c5b41ee5c1b6785a52d63db36df4ca844310ff6d29db02a57",,"2025-05-18T14:17:00.000","30","NO CONTROLS","NO CONTROLS","CLEAR","DAYLIGHT","TURNING","NOT DIVIDED",,"STRAIGHT AND LEVEL","DRY","NO DEFECTS","NOT ON SCENE (DESK REPORT)","NO INJURY / DRIVE AWAY","Y",,,"OVER $1,500","2025-05-18T20:00:00.000","FAILING TO YIELD RIGHT-OF-WAY","NOT APPLICABLE","3500","N","ASHLAND AVE","1922",,,,,,,"2","NO INDICATION OF INJURY","0","0","0","0","0","2","0","14","1","5","41.945255189","-87.6689638185","POINT (-87.668963818529 41.945255189047)"
"3285b32444dead2d69029783db6929247a6de5bbf0eb2ba37ecda94e3dff2f8608e1b264e305120e525be86612e5b32515c9e682454e1b47059b409c16f987ad",,"2025-05-18T14:00:00.000","30","NO CONTROLS","NO CONTROLS","CLEAR","DAYLIGHT","SIDESWIPE SAME DIRECTION","NOT DIVIDED",,"STRAIGHT AND LEVEL","DRY","UNKNOWN","NOT ON SCENE (DESK REPORT)","INJURY AND / OR TOW DUE TO CRASH",,,,"OVER $1,500","2025-05-18T16:30:00.000","DISTRACTION - OTHER ELECTRONIC DEVICE (NAVIGATION DEVICE, DVD PLAYER, ETC.)","IMPROPER LANE USAGE","1200","E","63RD ST","314",,,,,,,"2","REPORTED, NOT EVIDENT","1","0","0","0","1","2","0","14","1","5","41.7806327049","-87.5961277896","POINT (-87.59612778965 41.780632704942)"
"36c95260eceb19e35728b46f46ed9c476bf325bf1e38950f6e98ca61c64548ac8ac0f9e81ba79b5b6163db0bc6dad48e35f1ee2238c4e9757f1df701104bd67d",,"2025-05-18T14:00:00.000","30","UNKNOWN","UNKNOWN","CLEAR","DAYLIGHT","PEDALCYCLIST","NOT DIVIDED",,"STRAIGHT AND LEVEL","DRY","UNKNOWN","ON SCENE","INJURY AND / OR TOW DUE TO CRASH",,,,"OVER $1,500","2025-05-18T17:00:00.000","NOT APPLICABLE","NOT APPLICABLE","2313","N","KEDZIE BLVD","1414",,,"N",,,,"2","NONINCAPACITATING INJURY","1","0","0","1","0","1","0","14","1","5","41.923362679","-87.7070275023","POINT (-87.707027502268 41.923362678961)"
"b90e8e62700871f7834774754dd860e9e4ae60040f90f11c01f3ca59c33f03ab56e670648b71ae79f7e481be149b530f63e56aa5eee3dd92af66940481564217",,"2025-05-18T14:00:00.000","30","NO CONTROLS","NO CONTROLS","CLEAR","DAYLIGHT","TURNING","NOT DIVIDED",,"STRAIGHT AND LEVEL","UNKNOWN","UNKNOWN","NOT ON SCENE (DESK REPORT)","NO INJURY / DRIVE AWAY",,,,"OVER $1,500","2025-05-18T14:40:00.000","DRIVING SKILLS/KNOWLEDGE/EXPERIENCE","NOT APPLICABLE","5939","S","WESTERN AVE","825",,,,,,,"2","NO INDICATION OF INJURY","0","0","0","0","0","3","0","14","1","5","41.785418131","-87.6836591183","POINT (-87.683659118318 41.785418131037)"
"d376bea9b3e98bb351db3ac97e3866ebf4b9039986062d118339893082df7c9d3a6711658904a28eb000f08f19b569b1e8d2e93cae152b11b69a0c79eb58063c",,"2025-05-18T14:00:00.000","30","NO CONTROLS","NO CONTROLS","CLEAR","DAYLIGHT","TURNING","DIVIDED - W/MEDIAN (NOT RAISED)",,"STRAIGHT AND LEVEL","DRY","NO DEFECTS","NOT ON SCENE (DESK REPORT)","NO INJURY / DRIVE AWAY",,,,"$501 - $1,500","2025-05-18T15:15:00.000","FAILING TO YIELD RIGHT-OF-WAY","IMPROPER TURNING/NO SIGNAL","5985","S","WESTERN AVE","825",,,,,,,"2","NO INDICATION OF INJURY","0","0","0","0","0","3","0","14","1","5","41.784824498","-87.6836474996","POINT (-87.683647499581 41.784824497992)"
"72fa3b7c7dca8adc1ca51533bacd35beae563047e6a81f1a24578b44dd379be56bfd28236b99678dd8da187d2bf98ddda3bbf0f5f73a4090b19453e1512c85a4",,"2025-05-18T13:50:00.000","30","STOP SIGN/FLASHER","FUNCTIONING PROPERLY","CLEAR","DAYLIGHT","ANGLE","FOUR WAY",,"STRAIGHT AND LEVEL","DRY","NO DEFECTS","ON SCENE","INJURY AND / OR TOW DUE TO CRASH","Y",,,"OVER $1,500","2025-05-18T13:50:00.000","FAILING TO YIELD RIGHT-OF-WAY","NOT APPLICABLE","4426","W","BELMONT AVE","1731",,,,,,,"2","NONINCAPACITATING INJURY","1","0","0","1","0","2","0","13","1","5","41.9390559781","-87.7382067821","POINT (-87.738206782055 41.939055978069)"
"677a9eadab8550634d7b2e291cdf8cf7ed885a476d47b0cdce424c13b21c6327573b6529842e5eb1393f136c3bd19421607b670d0c17b543b21cb5d70235664f",,"2025-05-18T13:45:00.000","30","NO CONTROLS","NO CONTROLS","CLEAR","DAYLIGHT","FIXED OBJECT","ONE-WAY",,"STRAIGHT AND LEVEL","DRY","RUT, HOLES","NOT ON SCENE (DESK REPORT)","NO INJURY / DRIVE AWAY",,,,"OVER $1,500","2025-05-18T14:00:00.000","ROAD ENGINEERING/SURFACE/MARKING DEFECTS","UNABLE TO DETERMINE","4730","S","FEDERAL ST","224",,,,,,,"1","NO INDICATION OF INJURY","0","0","0","0","0","1","0","13","1","5","41.8082320183","-87.6287185017","POINT (-87.628718501705 41.80823201825)"
"709a02e24b1d5033a0e52de87f271424b9f4f96229b01c6eb714853944b8b631cb071942c7383e039111659ced6738e32c24a4497b111aebf5b1f0455847f5cf",,"2025-05-18T13:45:00.000","30","NO CONTROLS","NO CONTROLS","CLEAR","DAYLIGHT","REAR TO SIDE","PARKING LOT",,"STRAIGHT AND LEVEL","DRY","NO DEFECTS","NOT ON SCENE (DESK REPORT)","NO INJURY / DRIVE AWAY",,,,"OVER $1,500","2025-05-18T15:45:00.000","VISION OBSCURED (SIGNS, TREE LIMBS, BUILDINGS, ETC.)","NOT APPLICABLE","6420","W","FULLERTON AVE","2512",,,,,,,"2","NO INDICATION OF INJURY","0","0","0","0","0","2","0","13","1","5","41.9237817967","-87.7862536744","POINT (-87.786253674433 41.92378179667)"
"eaa3468719106540997be4ceeb7d9304d346627a9b6cec8b4f9975947500ea824336b2fecfcc5385c3763188bf31b9eb5f5453be4958fb4d0a324241595b45aa",,"2025-05-18T13:40:00.000","30","NO CONTROLS","NO CONTROLS","CLEAR","DAYLIGHT","REAR END","NOT DIVIDED",,"STRAIGHT AND LEVEL","DRY","NO DEFECTS","NOT ON SCENE (DESK REPORT)","INJURY AND / OR TOW DUE TO CRASH",,,,"OVER $1,500","2025-05-18T14:23:00.000","FOLLOWING TOO CLOSELY","NOT APPLICABLE","5800","S","PULASKI RD","813",,,,,,,"2","NONINCAPACITATING INJURY","1","0","0","1","0","1","0","13","1","5","41.7877089622","-87.7231546648","POINT (-87.723154664842 41.787708962187)"
"12f038a43ba8ce6cec4920eb8ee57ae804ce7ae58155357e9d351a657f2da5594b7d5f8a3336404eb968432b62f814056d6d0a064ceee1d9118e21f4460618ce",,"2025-05-18T13:39:00.000","30","STOP SIGN/FLASHER","FUNCTIONING PROPERLY","CLEAR","DAYLIGHT","PEDALCYCLIST","NOT DIVIDED",,"STRAIGHT AND LEVEL","DRY","NO DEFECTS","ON SCENE","INJURY AND / OR TOW DUE TO CRASH","Y",,,"$501 - $1,500","2025-05-18T13:40:00.000","FAILING TO YIELD RIGHT-OF-WAY","FAILING TO REDUCE SPEED TO AVOID CRASH","4901","W","DIVERSEY AVE","2521",,,,,,,"2","NONINCAPACITATING INJURY","1","0","0","1","0","2","0","13","1","5","41.9313885576","-87.7491755268","POINT (-87.749175526786 41.931388557612)"
"03be5dac0cfbcd8734dcbe82f4c6467979cbc2ea3a252698e8a30167f760ecf3ec7a4f78829c279666ccb9128105f064f6327a5ea28efe7f6f6e2c4ce95ca758",,"2025-05-18T13:35:00.000","30","TRAFFIC SIGNAL","FUNCTIONING PROPERLY","CLEAR","DAYLIGHT","FIXED OBJECT","NOT DIVIDED",,"STRAIGHT AND LEVEL","DRY","NO DEFECTS","NOT ON SCENE (DESK REPORT)","NO INJURY / DRIVE AWAY",,,,"$501 - $1,500","2025-05-19T10:30:00.000","UNABLE TO DETERMINE","UNABLE TO DETERMINE","301","S","COLUMBUS DR","114",,,,,,,"1","NO INDICATION OF INJURY","0","0","0","0","0","1","0","13","1","5","41.8782699191","-87.620528612","POINT (-87.620528612011 41.87826991907)"
"e441b82e9bd83007bf43487a0df636f33c42cae9f4f4b71da611a214b6fab78c9a99401ad08667f9a5b5aa1861a004751f556749cb480e181bed90c673b3db00",,"2025-05-18T13:10:00.000","30","NO CONTROLS","NO CONTROLS","CLEAR","DAYLIGHT","SIDESWIPE SAME DIRECTION","NOT DIVIDED",,"STRAIGHT AND LEVEL","DRY","NO DEFECTS","NOT ON SCENE (DESK REPORT)","NO INJURY / DRIVE AWAY",,,"Y","OVER $1,500","2025-05-18T18:14:00.000","IMPROPER OVERTAKING/PASSING","IMPROPER OVERTAKING/PASSING","1647","N","LA SALLE DR","1814",,,,,,,"2","NO INDICATION OF INJURY","0","0","0","0","0","2","0","13","1","5","41.9125032395","-87.6330119329","POINT (-87.633011932875 41.912503239452)"
"d9d93e8877be91596e850d4ddc7a3f0eebf19764664bf95542b5e3847f240ce31b8749a1fa04ca74935552982e449a95b3d0479afe9543d05386d886976d48f1",,"2025-05-18T13:05:00.000","30","NO CONTROLS","NO CONTROLS","CLEAR","DAYLIGHT","PARKED MOTOR VEHICLE","NOT DIVIDED",,"STRAIGHT AND LEVEL","DRY","NO DEFECTS","ON SCENE","NO INJURY / DRIVE AWAY",,,,"$501 - $1,500","2025-05-18T14:54:00.000","FAILING TO YIELD RIGHT-OF-WAY","NOT APPLICABLE","3021","N","KOSTNER AVE","2523",,,,,,,"2","NO INDICATION OF INJURY","0","0","0","0","0","2","0","13","1","5","41.9359857039","-87.7367912732","POINT (-87.736791273187 41.935985703889)"
"784426712c47d1c83c8f2de3b73b028ca5d65200096f22fc85f61533a0753adb60fb0a287404d5699c0d53df7174bb2e82206829d96b7d4111b8c660c6de3ee3",,"2025-05-18T13:00:00.000","35","NO CONTROLS","NO CONTROLS","CLEAR","DAYLIGHT","SIDESWIPE SAME DIRECTION","DIVIDED - W/MEDIAN (NOT RAISED)",,"STRAIGHT AND LEVEL","DRY","NO DEFECTS","NOT ON SCENE (DESK REPORT)","NO INJURY / DRIVE AWAY",,,,"$500 OR LESS","2025-05-18T16:27:00.000","UNABLE TO DETERMINE","UNABLE TO DETERMINE","6001","N","CLARK ST","2433",,,,,,,"2","NO INDICATION OF INJURY","0","0","0","0","0","4","0","13","1","5","41.9908457233","-87.6698787824","POINT (-87.669878782439 41.990845723305)"
"f38de42814f32a2f8f6a4c5d9de70e047ab9c726badea54fb3479fb548a48fc62162d3670839e041b19b0d3073d7f7053276b9dff613f49c5075bf8522e300f9",,"2025-05-18T13:00:00.000","30","STOP SIGN/FLASHER","FUNCTIONING PROPERLY","CLEAR","DAYLIGHT","PARKED MOTOR VEHICLE","NOT DIVIDED",,"STRAIGHT AND LEVEL","DRY","NO DEFECTS","ON SCENE","NO INJURY / DRIVE AWAY",,,,"$501 - $1,500","2025-05-18T13:03:00.000","UNABLE TO DETERMINE","FAILING TO REDUCE SPEED TO AVOID CRASH","3651","W","85TH ST","834",,,,,,,"2","NO INDICATION OF INJURY","0","0","0","0","0","1","0","13","1","5","41.7385346512","-87.7141449348","POINT (-87.714144934793 41.738534651245)"
"55f2f5143b1237034d92e941b477882e36ec2253acfc322068a3f851ef59e789eccaa2f35a240328435d9ffbd7b27a652aac7fee4f4ba5352395c012b650eb86",,"2025-05-18T12:55:00.000","45","NO CONTROLS","NO CONTROLS","CLEAR","DAYLIGHT","REAR END","DIVIDED - W/MEDIAN BARRIER",,"STRAIGHT AND LEVEL","DRY","NO DEFECTS","ON SCENE","INJURY AND / OR TOW DUE TO CRASH",,,,"OVER $1,500","2025-05-18T12:57:00.000","UNABLE TO DETERMINE","UNABLE TO DETERMINE","4658","S","LAKE SHORE DR SB","222",,,,,,,"3","REPORTED, NOT EVIDENT","1","0","0","0","1","2","0","12","1","5","41.8108282806","-87.5895354104","POINT (-87.58953541043 41.810828280637)"
"373e4ca1e8018f043bf5912408473a089b07af70eb181cfc91d224577931b1a1a571c52294e725169e88b4d82a63a03a7fce051fe4a4bd4db0056f91be94dc80",,"2025-05-18T12:54:00.000","30","TRAFFIC SIGNAL","FUNCTIONING PROPERLY","CLEAR","DAYLIGHT","TURNING","CENTER TURN LANE",,"STRAIGHT AND LEVEL","DRY","NO DEFECTS","ON SCENE","NO INJURY / DRIVE AWAY",,,,"OVER $1,500","2025-05-18T12:54:00.000","IMPROPER TURNING/NO SIGNAL","IMPROPER TURNING/NO SIGNAL","1645","N","WESTERN AVE","1434",,,,,,,"2","NO INDICATION OF INJURY","0","0","0","0","0","4","0","12","1","5","41.9115706093","-87.6871065394","POINT (-87.687106539414 41.911570609305)"
"882030b36bc9b2beb68aa66e8413c393ab3bcbc689949c85a2c13089467233b4caac69de8ed50c6d78fd09db4c6dfef574906501cc13f5ff5288e4d4a25b43d0","Y","2025-05-18T12:50:00.000","25","NO CONTROLS","NO CONTROLS","CLEAR","DAYLIGHT","PARKED MOTOR VEHICLE","DIVIDED - W/MEDIAN (NOT RAISED)",,"STRAIGHT AND LEVEL","DRY","UNKNOWN","ON SCENE","NO INJURY / DRIVE AWAY",,,"Y","$500 OR LESS","2025-05-18T14:37:00.000","NOT APPLICABLE","NOT APPLICABLE","725","W","MONTROSE AVE","1915",,,,,,,"2","NO INDICATION OF INJURY","0","0","0","0","0","1","0","12","1","5","41.9617548035","-87.648543725","POINT (-87.648543724977 41.961754803528)"
"1742b3b3391f3e8910217325ff2c99a388cc24ae2613027fb2c19b91003c7b9e94098cf446dd84416ffb82f9b62511801cda603c37ca145b20b541f840a24d62",,"2025-05-18T12:45:00.000","30","TRAFFIC SIGNAL","FUNCTIONING PROPERLY","CLEAR","DAYLIGHT","SIDESWIPE OPPOSITE DIRECTION","FOUR WAY",,"STRAIGHT AND LEVEL","DRY","NO DEFECTS","NOT ON SCENE (DESK REPORT)","NO INJURY / DRIVE AWAY",,,,"OVER $1,500","2025-05-18T13:30:00.000","UNABLE TO DETERMINE","NOT APPLICABLE","79","N","HOMAN BLVD","1123",,,,,,,"2","NO INDICATION OF INJURY","0","0","0","0","0","2","0","12","1","5","41.8826982186","-87.7109127375","POINT (-87.710912737474 41.882698218633)"
"6ecf51f1c9713043a5bfd43e2bf22bb01033628cc50f43fbe05f1d2a07554e8d509dd642ec8cf0213adb8d13e124f3e0f8ba3e0cd063667fc64b2ca186245803",,"2025-05-18T12:45:00.000","30","NO CONTROLS","NO CONTROLS","CLEAR","DAYLIGHT","REAR TO SIDE","NOT DIVIDED",,"STRAIGHT AND LEVEL","UNKNOWN","UNKNOWN","NOT ON SCENE (DESK REPORT)","NO INJURY / DRIVE AWAY",,,,"OVER $1,500","2025-05-19T09:45:00.000","UNABLE TO DETERMINE","UNABLE TO DETERMINE","3701","N","RACINE AVE","1923",,,,,,,"2","NO INDICATION OF INJURY","0","0","0","0","0","4","0","12","1","5","41.9490521226","-87.6590666932","POINT (-87.659066693205 41.949052122587)"
"0e71b24f63161916e5efa64ab5ab921e46b95528d62532f44b1fb8ef2819fac83f3588ebb6cb3109e92a8cb5784c8372ac66fcd0e2eb21f0cb1766397beac2ec",,"2025-05-18T12:40:00.000","30","NO CONTROLS","NO CONTROLS","CLEAR","DAYLIGHT","PARKED MOTOR VEHICLE","NOT DIVIDED",,"STRAIGHT AND LEVEL","DRY","NO DEFECTS","ON SCENE","NO INJURY / DRIVE AWAY",,,,"OVER $1,500","2025-05-18T12:55:00.000","DRIVING SKILLS/KNOWLEDGE/EXPERIENCE","UNABLE TO DETERMINE","2568","N","MILWAUKEE AVE","1414",,,,,,,"2","NO INDICATION OF INJURY","0","0","0","0","0","1","0","12","1","5","41.9279089071","-87.7057394213","POINT (-87.705739421333 41.927908907092)"
"9e6605aead2c61baf0b895a1aee6742b5bb297bbd8f978e9eda77a4d7a7b12e42de21956996e225409dfc0fdc9f6fbbd7c2550bdc3493d8057b203efec3985ed",,"2025-05-18T12:40:00.000","30","NO CONTROLS","NO CONTROLS","CLEAR","DAYLIGHT","SIDESWIPE SAME DIRECTION","NOT DIVIDED",,"STRAIGHT AND LEVEL","DRY","NO DEFECTS","NOT ON SCENE (DESK REPORT)","NO INJURY / DRIVE AWAY",,,"Y","OVER $1,500","2025-05-18T14:30:00.000","UNABLE TO DETERMINE","UNABLE TO DETERMINE","1210","W","78TH ST","612",,,,,,,"2","NO INDICATION OF INJURY","0","0","0","0","0","4","0","12","1","5","41.7524203758","-87.6542500982","POINT (-87.654250098169 41.752420375798)"
"6a646fc3502cee71924e190cad21e0929b052c059dcb1d893d959a64ba15620ed55a2294451a2bf5ee671b784614091d2a5e09d5a1646784b51e411d35ba47b6",,"2025-05-18T12:36:00.000","30","NO CONTROLS","NO CONTROLS","CLEAR","DAYLIGHT","TURNING","NOT DIVIDED",,"STRAIGHT AND LEVEL","DRY","NO DEFECTS","NOT ON SCENE (DESK REPORT)","NO INJURY / DRIVE AWAY",,,,"OVER $1,500","2025-05-18T14:54:00.000","IMPROPER TURNING/NO SIGNAL","NOT APPLICABLE","5501","S","HARLEM AVE","811",,,,,,,"2","NO INDICATION OF INJURY","0","0","0","0","0","3","0","12","1","5","41.7918520654","-87.8013777989","POINT (-87.801377798929 41.79185206544)"
"a89ba8545d2a64cf59d6d952ab89838f1ca483758d8ae539e1baa7599dd924d97faf01ed2b6833a6d89d9213539b4bb67c87b98f16d4c555cdf86f969d2eebf1",,"2025-05-18T12:33:00.000","30","STOP SIGN/FLASHER","FUNCTIONING PROPERLY","CLEAR","DAYLIGHT","REAR TO FRONT","NOT DIVIDED",,"STRAIGHT AND LEVEL","DRY","NO DEFECTS","NOT ON SCENE (DESK REPORT)","NO INJURY / DRIVE AWAY","Y",,"Y","$501 - $1,500","2025-05-18T15:36:00.000","IMPROPER BACKING","NOT APPLICABLE","2400","W","BALMORAL AVE","2011",,,,,,,"2","NO INDICATION OF INJURY","0","0","0","0","0","3","0","12","1","5","41.9796335932","-87.6893592059","POINT (-87.689359205893 41.97963359316)"
"873bd2dd3473678813e5782dac5a972cfa1eb4032fad7e786ea1e6e94b681418f6eaace806980700019bc5b041f21605547dc7bc0817983cd2c7e3a6e9d45bd6",,"2025-05-18T12:30:00.000","30","STOP SIGN/FLASHER","FUNCTIONING PROPERLY","CLEAR","DAYLIGHT","REAR END","NOT DIVIDED",,"STRAIGHT AND LEVEL","DRY","NO DEFECTS","NOT ON SCENE (DESK REPORT)","INJURY AND / OR TOW DUE TO CRASH",,,"Y","OVER $1,500","2025-05-18T13:30:00.000","FOLLOWING TOO CLOSELY","NOT APPLICABLE","1600","E","130TH ST","434",,,,,,,"2","REPORTED, NOT EVIDENT","1","0","0","0","1","1","0","12","1","5","41.6604228106","-87.5863917935","POINT (-87.586391793459 41.660422810648)"
"0c61b769f2baadd281e599bcf51d695bb1965309f05ef90c632e6f2bcbbcd3300ce6fe8afe2960a681ac92aca759c0c24b706a5fcdc9f27ccfd6be9a69ab5ce8",,"2025-05-18T12:25:00.000","30","NO CONTROLS","NO CONTROLS","CLEAR","DAYLIGHT","REAR END","DIVIDED - W/MEDIAN (NOT RAISED)",,"STRAIGHT AND LEVEL","DRY","NO DEFECTS","ON SCENE","NO INJURY / DRIVE AWAY",,,,"OVER $1,500","2025-05-18T12:30:00.000","FOLLOWING TOO CLOSELY","NOT APPLICABLE","1658","W","LAWRENCE AVE","2032",,,,,,,"2","NO INDICATION OF INJURY","0","0","0","0","0","3","0","12","1","5","41.9689736413","-87.6709436353","POINT (-87.670943635318 41.968973641303)"
"c24921d93bec694bced41a9c02ae391a44a3b59c7049c2aa322de93e70f4d089b68ca2d4a855d06e750e49b6a85ba5f5a977b5647b520da3cdfd806291aa53d2",,"2025-05-18T12:20:00.000","15","NO CONTROLS","NO CONTROLS","CLEAR","DAYLIGHT","REAR TO SIDE","PARKING LOT",,"STRAIGHT AND LEVEL","UNKNOWN","UNKNOWN","NOT ON SCENE (DESK REPORT)","NO INJURY / DRIVE AWAY",,"Y",,"OVER $1,500","2025-05-18T13:05:00.000","DRIVING SKILLS/KNOWLEDGE/EXPERIENCE","NOT APPLICABLE","4433","S","PULASKI RD","821",,,,,,,"2","NO INDICATION OF INJURY","0","0","0","0","0","3","0","12","1","5","41.8123747103","-87.7236084038","POINT (-87.723608403774 41.812374710327)"
"57483c1111456a92fc8b019bcf83775bb30094a453df464a03cd5e7f752551ee6c427b533fe8b20ffdff3ccb469cb09d7ecbe351cb16d78fb9768c29621605fa",,"2025-05-18T12:15:00.000","35","NO CONTROLS","NO CONTROLS","CLEAR","DAYLIGHT","REAR END","NOT DIVIDED",,"STRAIGHT AND LEVEL","UNKNOWN","UNKNOWN","NOT ON SCENE (DESK REPORT)","NO INJURY / DRIVE AWAY",,,,"OVER $1,500","2025-05-18T14:15:00.000","UNABLE TO DETERMINE","UNABLE TO DETERMINE","1920","N","PULASKI RD","2534",,,,,,,"2","NO INDICATION OF INJURY","0","0","0","0","0","2","0","12","1","5","41.915999224","-87.7266726699","POINT (-87.726672669937 41.915999223977)"
"01653d73ca0974329b20f41db1f2fce4267e91bd95e66457f9a0c20762cf8800e6bfed89c35f5bd123b3d71066d156c8ca0fafd26576cd790c6efab9dc448868",,"2025-05-18T12:09:00.000","30","NO CONTROLS","NO CONTROLS","CLEAR","DAYLIGHT","SIDESWIPE SAME DIRECTION","DIVIDED - W/MEDIAN (NOT RAISED)",,"STRAIGHT AND LEVEL","DRY","NO DEFECTS","ON SCENE","INJURY AND / OR TOW DUE TO CRASH",,,,"OVER $1,500","2025-05-18T12:26:00.000","IMPROPER OVERTAKING/PASSING","UNABLE TO DETERMINE","2336","W","DIVERSEY AVE","1432",,,,,,,"3","NO INDICATION OF INJURY","0","0","0","0","0","2","0","12","1","5","41.9322904268","-87.6869379561","POINT (-87.686937956093 41.93229042684)"
"291d94c0bd156622ee83ad8d0e43db1db33b01d3a28e6c63f1c9f9aac25fe6f20a5df18d620d7132d03a5e4f6aa8513295c11d2e676d2ba6cdcc65c7a0c5172d",,"2025-05-18T12:02:00.000","30","NO CONTROLS","NO CONTROLS","CLOUDY/OVERCAST","DAYLIGHT","SIDESWIPE SAME DIRECTION","NOT DIVIDED",,"STRAIGHT AND LEVEL","DRY","NO DEFECTS","NOT ON SCENE (DESK REPORT)","NO INJURY / DRIVE AWAY",,,"Y","$501 - $1,500","2025-05-18T12:40:00.000","IMPROPER OVERTAKING/PASSING","IMPROPER LANE USAGE","11542","S","VINCENNES AVE","2212",,,,,,,"2","NO INDICATION OF INJURY","0","0","0","0","0","4","0","12","1","5","41.6835954243","-87.6685070245","POINT (-87.668507024511 41.683595424339)"
"6d9c9dcdc005e9429bbe0ae7514286c7bfa615de45e9cceebf5b4bde2a4596fafc3c76d8f3c7cad45df72027851bb897ebe1b1bec580e393ec718b7253f67ebd",,"2025-05-18T12:00:00.000","30","NO CONTROLS","NO CONTROLS","CLEAR","DARKNESS, LIGHTED ROAD","REAR END","DIVIDED - W/MEDIAN (NOT RAISED)",,"STRAIGHT AND LEVEL","DRY","NO DEFECTS","NOT ON SCENE (DESK REPORT)","NO INJURY / DRIVE AWAY","Y",,,"$501 - $1,500","2025-05-19T10:15:00.000","FOLLOWING TOO CLOSELY","NOT APPLICABLE","9554","S","HALSTED ST","2223",,,,,,,"2","NO INDICATION OF INJURY","0","0","0","0","0","2","0","12","1","5","41.719898458","-87.6433185653","POINT (-87.643318565306 41.719898457977)"
"9076818c5cf0288c1efb98b781d88a2c1d93e07ba4525fbd6c4631949a99bcc4ffa32bb74ba7bb780c3fb5d06dd7af450408c697728eabe750af680cbb97805d",,"2025-05-18T12:00:00.000","30","NO CONTROLS","NO CONTROLS","CLEAR","DAYLIGHT","SIDESWIPE SAME DIRECTION","DIVIDED - W/MEDIAN (NOT RAISED)",,"STRAIGHT AND LEVEL","DRY","UNKNOWN","NOT ON SCENE (DESK REPORT)","INJURY AND / OR TOW DUE TO CRASH",,,,"OVER $1,500","2025-05-19T11:00:00.000","UNABLE TO DETERMINE","NOT APPLICABLE","7452","S","YATES BLVD","334",,,,,,,"2","REPORTED, NOT EVIDENT","3","0","0","0","3","2","0","12","1","5","41.7592458937","-87.5665250107","POINT (-87.56652501071 41.759245893745)"