"crash_record_id","crash_date_est_i","crash_date","posted_speed_limit","traffic_control_device","device_condition","weather_condition","lighting_condition","first_crash_type","trafficway_type","lane_cnt","alignment","roadway_surface_cond","road_defect","report_type","crash_type","intersection_related_i","private_property_i","hit_and_run_i","damage","date_police_notified","prim_contributory_cause","sec_contributory_cause","street_no","street_direction","street_name","beat_of_occurrence","photos_taken_i","statements_taken_i","dooring_i","work_zone_i","work_zone_type","workers_present_i","num_units","most_severe_injury","injuries_total","injuries_fatal","injuries_incapacitating","injuries_non_incapacitating","injuries_reported_not_evident","injuries_no_indication","injuries_unknown","crash_hour","crash_day_of_week","crash_month","latitude","longitude","location"
"5006beb7beb866cddfc9853634ce02726c47a342fff7ec3a69f350a013403a82e0803928a4a3061a5c4b39a1bd8c0df688492b6a20ae34cff59f10ba7efb18eb",,"2025-05-18T11:51:00.000","35","TRAFFIC SIGNAL","FUNCTIONING PROPERLY","CLEAR","DAYLIGHT","REAR END","DIVIDED - W/MEDIAN (NOT RAISED)",,"STRAIGHT AND LEVEL","DRY","NO DEFECTS","ON SCENE","NO INJURY / DRIVE AWAY","Y",,"Y","$501 - $1,500","2025-05-18T11:58:00.000","UNABLE TO DETERMINE","NOT APPLICABLE","4401","W","DIVISION ST","1111",,,,,,,"2","NO INDICATION OF INJURY","0","0","0","0","0","2","0","11","1","5","41.9023999816","-87.7362637847","POINT (-87.736263784708 41.902399981646)"
"e824ed4f3b9333927aa79dc237d547febf46fd6a31b231acea87323d4cb03cfc7bb0a5930509c53dbacbae96f4f12f6521b51e72c5a5f098dafb6ba404334869",,"2025-05-18T11:50:00.000","30","TRAFFIC SIGNAL","FUNCTIONING PROPERLY","CLOUDY/OVERCAST","DAYLIGHT","PARKED MOTOR VEHICLE","NOT DIVIDED",,"STRAIGHT AND LEVEL","DRY","NO DEFECTS","NOT ON SCENE (DESK REPORT)","NO INJURY / DRIVE AWAY",,,,"$501 - $1,500","2025-05-18T11:50:00.000","PHYSICAL CONDITION OF DRIVER","NOT APPLICABLE","100","W","OAK ST","1824",,,,,,,"2","NO INDICATION OF INJURY","0","0","0","0","0","1","0","11","1","5","41.9006613386","-87.631427622","POINT (-87.631427621996 41.900661338588)"
"1aa06049ed8db7e9dd4f01500d9f61f1392756a0938547b83f848b460d8fb1434335756acfdc10cc851d6407dc46e35c16658c41f3ffa7d186267dc1f731f691",,"2025-05-18T11:48:00.000","30","NO CONTROLS","NO CONTROLS","CLEAR","DAYLIGHT","PARKED MOTOR VEHICLE","NOT DIVIDED",,"STRAIGHT AND LEVEL","DRY","NO DEFECTS","ON SCENE","INJURY AND / OR TOW DUE TO CRASH",,,"Y","$501 - $1,500","2025-05-18T11:50:00.000","UNABLE TO DETERMINE","UNABLE TO DETERMINE","7229","S","MORGAN ST","733",,"N",,,,,"3","NONINCAPACITATING INJURY","1","0","0","1","0","1","0","11","1","5","41.762429258","-87.6490491335","POINT (-87.649049133504 41.762429257959)"
"24dfaad0a72ed9556c55a435675b1c9b0fc49c85ebd82ff1db25cd2e6345e420bb2a408f24441a88bc7d46e6f7ee1c37d8857ce2a376d8082d5bc0bfeae49a64",,"2025-05-18T11:45:00.000","30","NO CONTROLS","NO CONTROLS","CLEAR","DAYLIGHT","REAR END","NOT DIVIDED",,"STRAIGHT AND LEVEL","DRY","NO DEFECTS","NOT ON SCENE (DESK REPORT)","NO INJURY / DRIVE AWAY",,,,"$501 - $1,500","2025-05-19T14:55:00.000","IMPROPER OVERTAKING/PASSING","IMPROPER OVERTAKING/PASSING","5643","N","HARLEM AVE","1612",,,,,,,"2","NO INDICATION OF INJURY","0","0","0","0","0","2","0","11","1","5","41.9840044778","-87.8067827157","POINT (-87.806782715731 41.984004477791)"
"59495e262822f0fe0bbba61fe225da8fd8673f8bf0e718eb8c541dc3c8fc66408da83255e40cc4f77529b4e9f12da6976044dfd7eebae3cb7353643c52fa6e70",,"2025-05-18T11:41:00.000","30","NO CONTROLS","NO CONTROLS","CLEAR","DAYLIGHT","SIDESWIPE SAME DIRECTION","NOT DIVIDED",,"STRAIGHT AND LEVEL","DRY","NO DEFECTS","NOT ON SCENE (DESK REPORT)","NO INJURY / DRIVE AWAY",,,,"OVER $1,500","2025-05-18T12:07:00.000","IMPROPER OVERTAKING/PASSING","NOT APPLICABLE","2026","S","CLARK ST","131",,,,,,,"2","NO INDICATION OF INJURY","0","0","0","0","0","2","0","11","1","5","41.8545508013","-87.6302897164","POINT (-87.630289716366 41.854550801342)"
"60d2896c3b5c8de53c89428577c7bdda863db04114b5ecab2f89f74635bb1f99ab3349725a7a575cbbf66e74964b4fb587bf5a08a7f6ec76c247928abe1e598f",,"2025-05-18T11:40:00.000","30","NO CONTROLS","NO CONTROLS","CLEAR","DAYLIGHT","SIDESWIPE SAME DIRECTION","NOT DIVIDED",,"STRAIGHT AND LEVEL","DRY","NO DEFECTS","NOT ON SCENE (DESK REPORT)","NO INJURY / DRIVE AWAY",,,"Y","OVER $1,500","2025-05-18T12:10:00.000","IMPROPER LANE USAGE","NOT APPLICABLE","1900","S","CLARK ST","131",,,,,,,"2","NO INDICATION OF INJURY","0","0","0","0","0","2","0","11","1","5","41.8565257243","-87.630342886","POINT (-87.630342885975 41.856525724267)"
"f108146af41f1bad67a81cae42c69c405bbe5d797fda9b34979aaae7b7905670d9df45500188d64636811a061298ba5988a4c551bd738047064326d46bc07cf1",,"2025-05-18T11:30:00.000","30","TRAFFIC SIGNAL","FUNCTIONING PROPERLY","CLEAR","DAYLIGHT","REAR END","T-INTERSECTION",,"STRAIGHT AND LEVEL","DRY","UNKNOWN","NOT ON SCENE (DESK REPORT)","INJURY AND / OR TOW DUE TO CRASH","Y",,,"OVER $1,500","2025-05-18T15:50:00.000","FAILING TO REDUCE SPEED TO AVOID CRASH","NOT APPLICABLE","1827","E","79TH ST","414",,,,,,,"2","REPORTED, NOT EVIDENT","1","0","0","0","1","1","0","11","1","5","41.751448031","-87.579848249","POINT (-87.579848248977 41.751448030976)"
"f7a17b779201ed2273da946dd602d88506e89e01d84457bafbc49da808d571ad8b42e0d2860d87ff8d392ae841868063a61b9145dba2f509fa5a6b3d82b6d0f3",,"2025-05-18T11:30:00.000","30","TRAFFIC SIGNAL","FUNCTIONING PROPERLY","CLEAR","DAYLIGHT","FIXED OBJECT","DIVIDED - W/MEDIAN (NOT RAISED)",,"STRAIGHT AND LEVEL","UNKNOWN","UNKNOWN","ON SCENE","INJURY AND / OR TOW DUE TO CRASH",,,,"OVER $1,500","2025-05-18T11:52:00.000","PHYSICAL CONDITION OF DRIVER","PHYSICAL CONDITION OF DRIVER","9500","S","COMMERCIAL AVE","431",,,,,,,"1","NONINCAPACITATING INJURY","1","0","0","1","0","0","0","11","1","5","41.7226729025","-87.5512219798","POINT (-87.551221979784 41.722672902536)"
"f7f87f4ac4fadb1f02064881746d1e1cc2fccd44c7e5f8e5537593a337ab43add54991e9fbab9184622396fa5d6b7beae506cdd82ed34316ac67aa6e2fe2e1f7",,"2025-05-18T11:20:00.000","10","NO CONTROLS","NO CONTROLS","CLEAR","DAYLIGHT","TURNING","ALLEY",,"STRAIGHT AND LEVEL","DRY","UNKNOWN","NOT ON SCENE (DESK REPORT)","NO INJURY / DRIVE AWAY",,,,"OVER $1,500","2025-05-18T12:40:00.000","UNABLE TO DETERMINE","UNABLE TO DETERMINE","2949","W","63RD ST","823",,,,,,,"2","NO INDICATION OF INJURY","0","0","0","0","0","2","0","11","1","5","41.7789421208","-87.6977804979","POINT (-87.697780497871 41.778942120768)"
"5b3bacdbf3d5265bbd7280e7f62b3efb75cc87798727965f58df44e1c274aa354bb2d8cc146d1284a2945b8f6099a7cd9545cf8928eece45d1fdc8b0f7eaf0ab",,"2025-05-18T11:19:00.000","30","TRAFFIC SIGNAL","FUNCTIONING PROPERLY","CLEAR","DAYLIGHT","TURNING","CENTER TURN LANE",,"STRAIGHT AND LEVEL","DRY","NO DEFECTS","ON SCENE","INJURY AND / OR TOW DUE TO CRASH","Y",,,"OVER $1,500","2025-05-18T11:21:00.000","FAILING TO YIELD RIGHT-OF-WAY","UNABLE TO DETERMINE","4400","N","CUMBERLAND AVE","1614",,,,,,,"2","NO INDICATION OF INJURY","0","0","0","0","0","2","0","11","1","5","41.959386457","-87.8368459205","POINT (-87.836845920456 41.959386456978)"
"46074c2b10630739cf95cd043ad977cb62c3d397b8470c091a93e10786a3ed1e311c93bc16b9e9efabcd6ef01cb37f1d26ae4f0be17ad392d65bf39232c4fbe5",,"2025-05-18T11:15:00.000","30","NO CONTROLS","NO CONTROLS","CLEAR","DAYLIGHT","PARKED MOTOR VEHICLE","ONE-WAY",,"STRAIGHT AND LEVEL","DRY","NO DEFECTS","ON SCENE","NO INJURY / DRIVE AWAY",,,,"$501 - $1,500","2025-05-18T11:15:00.000","UNABLE TO DETERMINE","UNABLE TO DETERMINE","132","W","104TH ST","512",,,,,,,"2","NO INDICATION OF INJURY","0","0","0","0","0","1","0","11","1","5","41.7054033196","-87.6271907926","POINT (-87.627190792559 41.705403319613)"
"02bee466fbab5ff9111750e1d2a342507efc999e553feaaa2475785d0ff4d80c5bcd161ed8abace60d564b514ed8d77f4c1d45a3a808ab28b709da4584e5ff13",,"2025-05-18T11:12:00.000","30","NO CONTROLS","NO CONTROLS","CLOUDY/OVERCAST","DAYLIGHT","ANGLE","NOT DIVIDED",,"STRAIGHT AND LEVEL","DRY","NO DEFECTS","ON SCENE","INJURY AND / OR TOW DUE TO CRASH",,,,"OVER $1,500","2025-05-18T11:13:00.000","IMPROPER OVERTAKING/PASSING","IMPROPER TURNING/NO SIGNAL","3000","W","GRAND AVE","1211",,,,,,,"2","NONINCAPACITATING INJURY","2","0","0","1","1","0","0","11","1","5","41.8966610612","-87.7021775244","POINT (-87.702177524363 41.896661061228)"
"9f1d9375a2696d1c21599150f8097a018ca99c7c1fcfe11cbfe53502d0d98c58e038cbe3a63b8a9433ac32ac0433f1a1be3c2d46537da7803ab8ce559634c398",,"2025-05-18T11:05:00.000","35","UNKNOWN","UNKNOWN","CLEAR","DAYLIGHT","TURNING","NOT DIVIDED",,"STRAIGHT AND LEVEL","DRY","NO DEFECTS","NOT ON SCENE (DESK REPORT)","NO INJURY / DRIVE AWAY",,,,"OVER $1,500","2025-05-18T11:35:00.000","UNABLE TO DETERMINE","UNABLE TO DETERMINE","2500","N","WESTERN AVE","1431",,,,,,,"2","NO INDICATION OF INJURY","0","0","0","0","0","2","0","11","1","5","41.9267258501","-87.6878562871","POINT (-87.687856287102 41.926725850088)"
"a4c393f0458f4fa126f8a363ac7e17cf30d6346ca54b0d98af81d6985ce45a28a9823b55ff0a0c95de3d51755536abeafab3e91597ea63e5a7fe76e22d81a608",,"2025-05-18T11:02:00.000","20","NO CONTROLS","NO CONTROLS","CLEAR","DAYLIGHT","PEDALCYCLIST","NOT DIVIDED",,"STRAIGHT AND LEVEL","DRY","NO DEFECTS","NOT ON SCENE (DESK REPORT)","INJURY AND / OR TOW DUE TO CRASH",,,,"OVER $1,500","2025-05-18T11:30:00.000","UNABLE TO DETERMINE","UNABLE TO DETERMINE","5728","S","MOZART ST","824",,,"Y",,,,"2","REPORTED, NOT EVIDENT","1","0","0","0","1","1","0","11","1","5","41.7891437772","-87.6950391068","POINT (-87.695039106835 41.789143777219)"
"39c56fb3ef9545a47ebbec783445d0760fe7d66fd88fbf3470140e64762728fd54ece57ef2053b4a40d13d6035fcde0367a9914a5dc6451cbf58852145ffc38b",,"2025-05-18T11:00:00.000","15","NO CONTROLS","NO CONTROLS","CLEAR","DAYLIGHT","PARKED MOTOR VEHICLE","PARKING LOT",,"STRAIGHT AND LEVEL","DRY","NO DEFECTS","ON SCENE","NO INJURY / DRIVE AWAY",,,"Y","$501 - $1,500","2025-05-18T11:15:00.000","FAILING TO YIELD RIGHT-OF-WAY","NOT APPLICABLE","2020","N","SHEFFIELD AVE","1811",,,,,,,"2","NO INDICATION OF INJURY","0","0","0","0","0","1","0","11","1","5","41.9187570316","-87.6535381733","POINT (-87.653538173325 41.918757031634)"
"e928b10ba3c06e5a8b966ed30038cdadfd011a1d472e8114521546a9785a8843d7fce294896be7a1b15653b6e2d659a39973435037a760292df19fe5b98de260",,"2025-05-18T11:00:00.000","30","NO CONTROLS","NO CONTROLS","CLEAR","DAYLIGHT","REAR END","NOT DIVIDED",,"STRAIGHT AND LEVEL","DRY","NO DEFECTS","NOT ON SCENE (DESK REPORT)","NO INJURY / DRIVE AWAY",,,,"OVER $1,500","2025-05-18T12:30:00.000","UNABLE TO DETERMINE","UNABLE TO DETERMINE","4070","N","CLARK ST","1912",,,,,,,"3","NO INDICATION OF INJURY","0","0","0","0","0","2","0","11","1","5","41.9562503996","-87.6635729203","POINT (-87.663572920316 41.956250399624)"
"a678fb4e9b422d4b5575c4521b7318fa86707f4505c08a290c5b2ae0bbd34a02d2f07bf7246de01bbc216a5f40a8b2ae4f3c1fbb3940278bf4a3f1e16e78f082",,"2025-05-18T10:52:00.000","30","TRAFFIC SIGNAL","FUNCTIONING PROPERLY","CLEAR","DAYLIGHT","SIDESWIPE SAME DIRECTION","ONE-WAY",,"STRAIGHT AND LEVEL","DRY","NO DEFECTS","ON SCENE","NO INJURY / DRIVE AWAY",,,,"OVER $1,500","2025-05-18T11:11:00.000","IMPROPER LANE USAGE","NOT APPLICABLE","285","S","CLARK ST","113",,,,,,,"2","NO INDICATION OF INJURY","0","0","0","0","0","2","0","10","1","5","41.8781820851","-87.6306393088","POINT (-87.630639308832 41.87818208507)"
"8f0d9c5e1b0aafc2cca3bf29907197b8038cd9a00b86963dae2c9106f07d1a1db895d0948ce7e6e16ed200061c2082cadbbc9710c007c812af1c14931ff8ed1e",,"2025-05-18T10:47:00.000","30","TRAFFIC SIGNAL","FUNCTIONING PROPERLY","CLEAR","DAYLIGHT","PEDESTRIAN","FOUR WAY",,"STRAIGHT AND LEVEL","DRY","NO DEFECTS","ON SCENE","INJURY AND / OR TOW DUE TO CRASH","Y",,,"$500 OR LESS","2025-05-18T10:47:00.000","VISION OBSCURED (SIGNS, TREE LIMBS, BUILDINGS, ETC.)","NOT APPLICABLE","4400","W","MADISON ST","1113",,,,,,,"2","REPORTED, NOT EVIDENT","1","0","0","0","1","3","0","10","1","5","41.8807189579","-87.735600609","POINT (-87.735600609006 41.880718957876)"
"0d60699954176e370bdcfa8aeeafe1413a9ab997869da80a6397eb2bb839f5b592c8c01393ba47bf47e80f5f9f4abfc211f343f8b02179ac8f8a5afa1c3b1b4a",,"2025-05-18T10:35:00.000","30","STOP SIGN/FLASHER","NO CONTROLS","CLEAR","DAYLIGHT","REAR END","DIVIDED - W/MEDIAN (NOT RAISED)",,"STRAIGHT AND LEVEL","DRY","NO DEFECTS","NOT ON SCENE (DESK REPORT)","NO INJURY / DRIVE AWAY",,,,"OVER $1,500","2025-05-18T14:30:00.000","UNABLE TO DETERMINE","UNABLE TO DETERMINE","9301","S","COLFAX AVE","423",,,,,,,"2","NO INDICATION OF INJURY","0","0","0","0","0","2","0","10","1","5","41.7262127062","-87.560669873","POINT (-87.560669873002 41.726212706192)"
"7be6d4634857f9ed754179636274d6849c9313a980063000a4db2fc8bff7a37ca7aad8908160affce9a26c04e6dbdcd8b18bc85e343d97da651003cc5fb41fa8",,"2025-05-18T10:34:00.000","30","TRAFFIC SIGNAL","FUNCTIONING PROPERLY","CLEAR","DAYLIGHT","PEDESTRIAN","FOUR WAY",,"STRAIGHT AND LEVEL","DRY","NO DEFECTS","ON SCENE","INJURY AND / OR TOW DUE TO CRASH","Y",,"Y","OVER $1,500","2025-05-18T10:34:00.000","UNABLE TO DETERMINE","NOT APPLICABLE","3200","W","59TH ST","822",,,,,,,"3","REPORTED, NOT EVIDENT","2","0","0","0","2","1","0","10","1","5","41.7863573187","-87.7034123861","POINT (-87.70341238607 41.786357318651)"
"85c9178dc13469f8bbef3912d13a8ea5c13d43fce693db07e5b17bba9f766b7c9102bf38106b5e3a398b68b7f38932083714f748eea5b642e14aed7a44bc1f2d",,"2025-05-18T10:22:00.000","25","NO CONTROLS","NO CONTROLS","CLEAR","DAYLIGHT","ANGLE","NOT DIVIDED",,"STRAIGHT AND LEVEL","DRY","NO DEFECTS","ON SCENE","NO INJURY / DRIVE AWAY",,,,"$501 - $1,500","2025-05-18T10:47:00.000","IMPROPER BACKING","IMPROPER BACKING","1114","W","CARROLL AVE","1214",,"N",,,,,"2","NO INDICATION OF INJURY","0","0","0","0","0","2","0","10","1","5","41.8878319778","-87.6552068561","POINT (-87.655206856123 41.887831977798)"
"000bc0c75b604b142b1de7bb8e6c2f6391d370eb5ded9ecb9ce91059c6bbaa4777c97f9032503129547750dae8f1a809f1a48c9bc9b5fb2f924517018df56e1f",,"2025-05-18T10:15:00.000","30","NO CONTROLS","NO CONTROLS","CLEAR","DUSK","SIDESWIPE SAME DIRECTION","NOT DIVIDED",,"STRAIGHT AND LEVEL","DRY","NO DEFECTS","NOT ON SCENE (DESK REPORT)","NO INJURY / DRIVE AWAY",,,,"$501 - $1,500","2025-05-18T22:30:00.000","IMPROPER LANE USAGE","UNABLE TO DETERMINE","8101","S","STONY ISLAND AVE","411",,,,,,,"2","NO INDICATION OF INJURY","0","0","0","0","0","2","0","10","1","5","41.7477588544","-87.5853002355","POINT (-87.585300235514 41.747758854371)"
"986e25a45f2346c657663f7b87e9b0715577136b8566d4c0f47a130d84f5a8ec5370047c566afa5b8ccc2b4f615f6fb529495d8aefdd16148059b67ed5996d64",,"2025-05-18T10:15:00.000","10","NO CONTROLS","NO CONTROLS","CLEAR","DAYLIGHT","PARKED MOTOR VEHICLE","PARKING LOT",,"STRAIGHT AND LEVEL","DRY","NO DEFECTS","NOT ON SCENE (DESK REPORT)","NO INJURY / DRIVE AWAY",,,"Y","$501 - $1,500","2025-05-18T10:45:00.000","UNABLE TO DETERMINE","NOT APPLICABLE","4626","W","DIVERSEY AVE","2521",,,,,,,"2","NO INDICATION OF INJURY","0","0","0","0","0","1","0","10","1","5","41.9316889194","-87.7430169468","POINT (-87.743016946831 41.931688919351)"
"999dd5f24ed8550a1ea90d889955868b71a3c37ea79d2215973a80dfee4726a4a81c7f396277263fb443e99df4df7efca2a95f475abcf32eac7e3571ae33c2d8",,"2025-05-18T10:15:00.000","30","NO CONTROLS","NO CONTROLS","CLOUDY/OVERCAST","DAYLIGHT","PARKED MOTOR VEHICLE","DIVIDED - W/MEDIAN (NOT RAISED)",,"STRAIGHT AND LEVEL","DRY","NO DEFECTS","NOT ON SCENE (DESK REPORT)","NO INJURY / DRIVE AWAY",,,"Y","OVER $1,500","2025-05-18T12:56:00.000","FOLLOWING TOO CLOSELY","DRIVING SKILLS/KNOWLEDGE/EXPERIENCE","600","W","MADISON ST","121",,,,,,,"2","NO INDICATION OF INJURY","0","0","0","0","0","1","0","10","1","5","41.8819465715","-87.6427363689","POINT (-87.642736368861 41.881946571519)"
"5fb7fa5a6bfed6a370a8cc38a56a4e16b474df586af83155432380be0e03c785539ff6415cf487bc746f7f657590277bfedbc530462b885960460c95951533dc",,"2025-05-18T10:00:00.000","35","NO CONTROLS","NO CONTROLS","CLEAR","DAYLIGHT","PARKED MOTOR VEHICLE","ONE-WAY",,"STRAIGHT AND LEVEL","UNKNOWN","UNKNOWN","NOT ON SCENE (DESK REPORT)","NO INJURY / DRIVE AWAY",,,"Y","OVER $1,500","2025-05-18T13:30:00.000","UNABLE TO DETERMINE","UNABLE TO DETERMINE","5201","W","SCHUBERT AVE","2514",,,,,,,"2","NO INDICATION OF INJURY","0","0","0","0","0","1","0","10","1","5","41.9294768228","-87.7564717232","POINT (-87.756471723189 41.929476822815)"
"608c2e018a832628658f784789fa75045140c9147a72885d495e423de71310f437959ee86e08a3c109cadfb25ce6dcf17667086412ef18b99b2944aa9ac75dab",,"2025-05-18T10:00:00.000","30","NO CONTROLS","NO CONTROLS","CLEAR","DAYLIGHT","ANGLE","ONE-WAY",,"STRAIGHT AND LEVEL","DRY","NO DEFECTS","ON SCENE","INJURY AND / OR TOW DUE TO CRASH",,,,"OVER $1,500","2025-05-18T10:10:00.000","FAILING TO YIELD RIGHT-OF-WAY","NOT APPLICABLE","1945","W","WAVELAND AVE","1922",,,,,,,"2","NO INDICATION OF INJURY","0","0","0","0","0","3","0","10","1","5","41.9485854064","-87.6779537652","POINT (-87.677953765205 41.948585406363)"
"cc124398fa8e28653309fcd90d4e2e9968df37a6ddca6507013b5a20b42549e47d7e7089d3c3458baf8a2bb2ac39be7449c78c5f33a8d77521fc3cd2854a6ba7",,"2025-05-18T09:55:00.000","30","TRAFFIC SIGNAL","FUNCTIONING PROPERLY","CLEAR","DAYLIGHT","ANGLE","NOT DIVIDED",,"STRAIGHT AND LEVEL","DRY","NO DEFECTS","ON SCENE","INJURY AND / OR TOW DUE TO CRASH","Y",,"Y","OVER $1,500","2025-05-18T09:59:00.000","UNABLE TO DETERMINE","UNABLE TO DETERMINE","302","S","CENTRAL PARK BLVD","1133",,,,,,,"2","REPORTED, NOT EVIDENT","1","0","0","0","1","1","0","9","1","5","41.8770695209","-87.7159160951","POINT (-87.715916095103 41.877069520878)"
"9fc9e527589ce54528192e8f4d74cdaf2c088d655f3cff6baebbef7dc49a33c3c556b3e045d4010681f915421c6d31a0862e4cdbb88bd4c2731df120530419e6",,"2025-05-18T09:54:00.000","30","TRAFFIC SIGNAL","FUNCTIONING PROPERLY","CLEAR","DAYLIGHT","REAR END","NOT DIVIDED",,"STRAIGHT AND LEVEL","WET","UNKNOWN","NOT ON SCENE (DESK REPORT)","NO INJURY / DRIVE AWAY",,,,"OVER $1,500","2025-05-18T11:09:00.000","UNABLE TO DETERMINE","UNABLE TO DETERMINE","2411","W","55TH ST","824",,,,,,,"2","NO INDICATION OF INJURY","0","0","0","0","0","4","0","9","1","5","41.7937492489","-87.6845129983","POINT (-87.684512998301 41.793749248855)"
"512d6c77fea36f9b160a9a29cafde9293fb68bfa957f657fbd404e498e465aaea84f301a420a4d85bfe8c1cc5a0ded22f0863a3ac0c7a76a2c890afbeea2fccb",,"2025-05-18T09:45:00.000","25","TRAFFIC SIGNAL","FUNCTIONING PROPERLY","CLOUDY/OVERCAST","DAYLIGHT","PEDALCYCLIST","NOT DIVIDED",,"STRAIGHT AND LEVEL","DRY","NO DEFECTS","ON SCENE","INJURY AND / OR TOW DUE TO CRASH",,,,"$501 - $1,500","2025-05-18T09:48:00.000","UNABLE TO DETERMINE","UNABLE TO DETERMINE","6978","N","CLARK ST","2424",,,"Y",,,,"2","NONINCAPACITATING INJURY","1","0","0","1","0","1","0","9","1","5","42.0088564722","-87.674080374","POINT (-87.674080373962 42.008856472241)"
"75ccf684018d8cedc69ed4be876d226c42f3c85d42e6badb7733dd4b828683530f3c2e073a812d385dce0ec38240d15be4efe6f295d2f2a1c3005159247e1dec",,"2025-05-18T09:45:00.000","30","TRAFFIC SIGNAL","FUNCTIONING PROPERLY","CLEAR","DAYLIGHT","SIDESWIPE SAME DIRECTION","NOT DIVIDED",,"STRAIGHT AND LEVEL","DRY","NO DEFECTS","NOT ON SCENE (DESK REPORT)","NO INJURY / DRIVE AWAY",,,,"$501 - $1,500","2025-05-18T10:30:00.000","UNABLE TO DETERMINE","UNABLE TO DETERMINE","8301","S","COTTAGE GROVE AVE","632",,,,,,,"2","NO INDICATION OF INJURY","0","0","0","0","0","2","0","9","1","5","41.7438799131","-87.604883139","POINT (-87.604883138996 41.743879913061)"
"df94853790cb4a3d792334335e2c6583bbfa9e37b81cefc10b21d34387068ccb4f946eac4b8b273d524f9077835fa53b801c1b5f2341359594f40bd8829e63b4",,"2025-05-18T09:35:00.000","30","STOP SIGN/FLASHER","FUNCTIONING PROPERLY","CLEAR","DAYLIGHT","ANGLE","NOT DIVIDED",,"STRAIGHT AND LEVEL","DRY","NO DEFECTS","ON SCENE","INJURY AND / OR TOW DUE TO CRASH","Y",,,"OVER $1,500","2025-05-18T09:35:00.000","DISREGARDING STOP SIGN","NOT APPLICABLE","6233","W","BRYN MAWR AVE","1622",,,,,,,"2","NO INDICATION OF INJURY","0","0","0","0","0","3","0","9","1","5","41.9827921541","-87.7842510624","POINT (-87.784251062421 41.98279215407)"
"276087b1378902b1e9404b346533150b5936659e4c46808970cd9682045de03cb3c42a011cda6cc2aa78ea6cd4bb71d0187f4aeb0c52865908f50605bef5a10c","Y","2025-05-18T09:30:00.000","30","NO CONTROLS","NO CONTROLS","UNKNOWN","UNKNOWN","PARKED MOTOR VEHICLE","ONE-WAY",,"STRAIGHT AND LEVEL","UNKNOWN","NO DEFECTS","ON SCENE","NO INJURY / DRIVE AWAY",,,"Y","$500 OR LESS","2025-05-18T11:30:00.000","FAILING TO REDUCE SPEED TO AVOID CRASH","UNABLE TO DETERMINE","4551","W","WRIGHTWOOD AVE","2521",,,,,,,"2","NO INDICATION OF INJURY","0","0","0","0","0","1","0","9","1","5","41.9281557006","-87.7410827478","POINT (-87.741082747782 41.928155700611)"
"303e0ac34d75208526546597679d40dfca758e7bbac54e06b6123d21d4bb46af986a90cd2922707c68646aac0fa83f2f2e57c0a1e22fd9f0b2a23001e3357811",,"2025-05-18T09:20:00.000","30","NO CONTROLS","NO CONTROLS","CLEAR","DAYLIGHT","SIDESWIPE SAME DIRECTION","DIVIDED - W/MEDIAN (NOT RAISED)",,"STRAIGHT AND LEVEL","DRY","NO DEFECTS","NOT ON SCENE (DESK REPORT)","NO INJURY / DRIVE AWAY",,,,"OVER $1,500","2025-05-18T10:25:00.000","UNABLE TO DETERMINE","NOT APPLICABLE","2300","S","DR MARTIN LUTHER KING JR DR","132",,,,,,,"2","NO INDICATION OF INJURY","0","0","0","0","0","3","0","9","1","5","41.8511870637","-87.6191126112","POINT (-87.619112611242 41.851187063739)"
"3382120c7837d34039a3b980e00f3be2621eeda38dd635b7e4577b1f5adc1aa2fb59976da89ca5c1b1390570a30f3dc793c4678415c2037dd0dc5a0a5e416d24",,"2025-05-18T09:17:00.000","30","TRAFFIC SIGNAL","FUNCTIONING PROPERLY","CLEAR","DAYLIGHT","TURNING","ONE-WAY",,"STRAIGHT AND LEVEL","DRY","NO DEFECTS","NOT ON SCENE (DESK REPORT)","NO INJURY / DRIVE AWAY","Y",,,"OVER $1,500","2025-05-18T10:19:00.000","IMPROPER TURNING/NO SIGNAL","NOT APPLICABLE","600","N","MICHIGAN AVE","1834",,,,,,,"2","NO INDICATION OF INJURY","0","0","0","0","0","2","0","9","1","5","41.8925932255","-87.6243340479","POINT (-87.624334047949 41.892593225538)"
"aa73f04030689d2326af1d870b6d4b2e70da0f526d67ba530a04933e5cccbc277e7c53e462e4bc03d3f6774e0b9925ce3e5bc917b8a224994da79c33f6c7f295","Y","2025-05-18T09:00:00.000","30","NO CONTROLS","FUNCTIONING PROPERLY","UNKNOWN","UNKNOWN","PARKED MOTOR VEHICLE","NOT DIVIDED",,"STRAIGHT AND LEVEL","UNKNOWN","UNKNOWN","NOT ON SCENE (DESK REPORT)","NO INJURY / DRIVE AWAY",,,"Y","$501 - $1,500","2025-05-18T11:26:00.000","UNABLE TO DETERMINE","NOT APPLICABLE","6245","S","WASHTENAW AVE","825",,,,,,,"2","NO INDICATION OF INJURY","0","0","0","0","0","1","0","9","1","5","41.779642027","-87.6908253029","POINT (-87.690825302909 41.779642026951)"