"crash_record_id","crash_date_est_i","crash_date","posted_speed_limit","traffic_control_device","device_condition","weather_condition","lighting_condition","first_crash_type","trafficway_type","lane_cnt","alignment","roadway_surface_cond","road_defect","report_type","crash_type","intersection_related_i","private_property_i","hit_and_run_i","damage","date_police_notified","prim_contributory_cause","sec_contributory_cause","street_no","street_direction","street_name","beat_of_occurrence","photos_taken_i","statements_taken_i","dooring_i","work_zone_i","work_zone_type","workers_present_i","num_units","most_severe_injury","injuries_total","injuries_fatal","injuries_incapacitating","injuries_non_incapacitating","injuries_reported_not_evident","injuries_no_indication","injuries_unknown","crash_hour","crash_day_of_week","crash_month","latitude","longitude","location"
"c737e0fcf8d20a2b9dbeaac925714df540330805ebb8b7c91d0d03009fc4f11dbedc6df804c929d7ebd1da69f888f707798f785cd82051646e04a5cfc5a2ebc9","Y","2025-05-18T09:00:00.000","30","NO CONTROLS","NO CONTROLS","UNKNOWN","UNKNOWN","FIXED OBJECT","NOT DIVIDED",,"STRAIGHT AND LEVEL","UNKNOWN","NO DEFECTS","ON SCENE","NO INJURY / DRIVE AWAY",,,"Y","$501 - $1,500","2025-05-18T11:03:00.000","UNABLE TO DETERMINE","UNABLE TO DETERMINE","4702","S","DR MARTIN LUTHER KING JR DR","224",,,,,,,"1","NO INDICATION OF INJURY","0","0","0","0","0","1","0","9","1","5","41.8092343937","-87.6167315682","POINT (-87.61673156821 41.809234393733)"
"c3194012c5befe0f60ca48b5b215ff45d58960c1b32aee870eaf0618a397bf334ac332aabd5311136604f6709b132226f6b0aa75161dcf9224b6a829ee1df320",,"2025-05-18T08:45:00.000","35","TRAFFIC SIGNAL","FUNCTIONING PROPERLY","CLEAR","DAYLIGHT","REAR END","DIVIDED - W/MEDIAN (NOT RAISED)",,"STRAIGHT AND LEVEL","DRY","UNKNOWN","NOT ON SCENE (DESK REPORT)","NO INJURY / DRIVE AWAY",,,,"OVER $1,500","2025-05-18T11:26:00.000","UNABLE TO DETERMINE","NOT APPLICABLE","5147","N","NAGLE AVE","1622",,,,,,,"3","NO INDICATION OF INJURY","0","0","0","0","0","3","0","8","1","5","41.9752226864","-87.787735425","POINT (-87.787735424971 41.975222686405)"
"a04acc7116c1ac3668c4248b152994d180a786e3b22a36a05ae5cc8a8ac7708178a9ab4f4cb063de7e50875e81ea33393ffda7433a564a05b6ae3e5324867fa0",,"2025-05-18T08:39:00.000","35","TRAFFIC SIGNAL","FUNCTIONING PROPERLY","CLEAR","DAYLIGHT","REAR END","DIVIDED - W/MEDIAN (NOT RAISED)",,"STRAIGHT AND LEVEL","UNKNOWN","UNKNOWN","ON SCENE","INJURY AND / OR TOW DUE TO CRASH",,,"Y","OVER $1,500","2025-05-18T08:42:00.000","UNABLE TO DETERMINE","UNABLE TO DETERMINE","2745","N","HARLEM AVE","2512",,,,,,,"2","NO INDICATION OF INJURY","0","0","0","0","0","4","0","8","1","5","41.9303571347","-87.806330097","POINT (-87.806330097002 41.930357134746)"
"b80235ea7e3a3f583c4df42383261ba8a95d12558ad8953c13086f9447a6c52692b843a5640a0d553daa7509118a791e96216506be065212d7e52dde941db857",,"2025-05-18T08:00:00.000","30","NO CONTROLS","NO CONTROLS","CLOUDY/OVERCAST","DAYLIGHT","PARKED MOTOR VEHICLE","NOT DIVIDED",,"STRAIGHT AND LEVEL","DRY","NO DEFECTS","NOT ON SCENE (DESK REPORT)","INJURY AND / OR TOW DUE TO CRASH",,,"Y","OVER $1,500","2025-05-18T13:00:00.000","IMPROPER OVERTAKING/PASSING","UNABLE TO DETERMINE","5699","W","MONTROSE AVE","1624",,,,,,,"2","NO INDICATION OF INJURY","0","0","0","0","0","1","0","8","1","5","41.9603425317","-87.7696263942","POINT (-87.769626394222 41.960342531691)"
"6ac23ee44761509ad5ee5bc8df74039a6c936da3cedf2fbb0fd293ab158164a566403611e99ea223f3803e834938cabe9d3867e016506d9dc0a926423ffa8c64",,"2025-05-18T07:51:00.000","30","TRAFFIC SIGNAL","FUNCTIONING PROPERLY","CLEAR","DAYLIGHT","ANGLE","NOT DIVIDED",,"STRAIGHT AND LEVEL","DRY","NO DEFECTS","ON SCENE","INJURY AND / OR TOW DUE TO CRASH","Y",,,"OVER $1,500","2025-05-18T07:56:00.000","FAILING TO YIELD RIGHT-OF-WAY","NOT APPLICABLE","1600","S","HOMAN AVE","1021",,,,,,,"2","NONINCAPACITATING INJURY","3","0","0","3","0","0","0","7","1","5","41.8589309616","-87.7104768787","POINT (-87.710476878738 41.858930961623)"
"a848b180f8fd8c30641a635be273aacb7d7bdc54ded2e59a9fed7416ae9d05f76f6afe30d552f937d13ed99c979171f23f73b2e82b73407c5a0cf903e802b20b",,"2025-05-18T07:40:00.000","30","TRAFFIC SIGNAL","FUNCTIONING PROPERLY","CLEAR","DAYLIGHT","REAR END","FOUR WAY",,"STRAIGHT AND LEVEL","DRY","NO DEFECTS","ON SCENE","NO INJURY / DRIVE AWAY",,,"Y","$500 OR LESS","2025-05-18T07:43:00.000","FAILING TO REDUCE SPEED TO AVOID CRASH","UNABLE TO DETERMINE","1107","W","CHICAGO AVE","1215",,,,,,,"2","NO INDICATION OF INJURY","0","0","0","0","0","3","0","7","1","5","41.896154671","-87.6555835494","POINT (-87.655583549448 41.896154670967)"
"0e9284373ec3b5e3f12bfa0f73023e0455aad6d5fcb92dd35d5f97f0edcf125a8c1b250eb4894a77f6be6b6eb347d5b700e6ee76201eff1369bcfbe81ad99160",,"2025-05-18T07:30:00.000","30","TRAFFIC SIGNAL","FUNCTIONING PROPERLY","CLEAR","DAYLIGHT","REAR END","NOT DIVIDED",,"STRAIGHT AND LEVEL","UNKNOWN","UNKNOWN","NOT ON SCENE (DESK REPORT)","NO INJURY / DRIVE AWAY",,,"Y","$500 OR LESS","2025-05-19T16:59:00.000","UNABLE TO DETERMINE","NOT APPLICABLE","5401","W","DEVON AVE","1621",,,,,,,"2","NO INDICATION OF INJURY","0","0","0","0","0","2","0","7","1","5","41.9972178998","-87.7638594791","POINT (-87.7638594791 41.99721789977)"
"9e1ecbcf3df1ff5079ed437c34af2b35d8331194dec914b8fdc037df6625e84c431dd739c011d40c61309b2efac3d0a3bf9580e470a4403e98f163c3b8518577","Y","2025-05-18T07:00:00.000","20","NO CONTROLS","NO CONTROLS","CLEAR","DAYLIGHT","PARKED MOTOR VEHICLE","NOT DIVIDED",,"STRAIGHT AND LEVEL","DRY","NO DEFECTS","ON SCENE","NO INJURY / DRIVE AWAY",,,"Y","OVER $1,500","2025-05-18T13:19:00.000","UNABLE TO DETERMINE","UNABLE TO DETERMINE","2813","N","LOCKWOOD AVE","2514",,,,,,,"2","NO INDICATION OF INJURY","0","0","0","0","0","1","0","7","1","5","41.9317710483","-87.7587289924","POINT (-87.758728992443 41.9317710483)"
"39328f1ab472b3dc3e96593807c327a325ac3af836bc34bba8c82562fa807ce8f7e26bbebcb95e4017fed36df4dbe7b8df0bc10de92ebc3571ab1014562d01d0",,"2025-05-18T06:30:00.000","30","NO CONTROLS","NO CONTROLS","CLEAR","DAYLIGHT","SIDESWIPE SAME DIRECTION","DIVIDED - W/MEDIAN BARRIER",,"STRAIGHT AND LEVEL","DRY","UNKNOWN","ON SCENE","NO INJURY / DRIVE AWAY",,,,"OVER $1,500","2025-05-18T06:45:00.000","UNDER THE INFLUENCE OF ALCOHOL/DRUGS (USE WHEN ARREST IS EFFECTED)","UNDER THE INFLUENCE OF ALCOHOL/DRUGS (USE WHEN ARREST IS EFFECTED)","7900","S","PULASKI RD","834",,,,,,,"2","NO INDICATION OF INJURY","0","0","0","0","0","3","0","6","1","5","41.7493390001","-87.7220520909","POINT (-87.722052090915 41.749339000082)"
"b0dcabc2fd7988e8249fa96db0e8971b703194e3fb1436546499f40106ac4b202c8632cf79eeba6ba7a351d3222670a00c0412afab5cd553e3276580099cb63e","Y","2025-05-18T06:00:00.000","20","NO CONTROLS","NO CONTROLS","CLEAR","DARKNESS, LIGHTED ROAD","PARKED MOTOR VEHICLE","ONE-WAY",,"STRAIGHT AND LEVEL","DRY","NO DEFECTS","NOT ON SCENE (DESK REPORT)","NO INJURY / DRIVE AWAY",,,"Y","OVER $1,500","2025-05-19T06:47:00.000","UNABLE TO DETERMINE","UNABLE TO DETERMINE","5233","W","GLADYS AVE","1522",,,,,,,"2","NO INDICATION OF INJURY","0","0","0","0","0","1","0","6","1","5","41.8756295275","-87.756242369","POINT (-87.756242369001 41.875629527455)"
"0f931c54ba86c25bbbb76d9a57726fd8b240ea4b6f19d313c1ebece9394a90ae445e66be9d8a4f80425eae36ebcf146c63f54d9a2ef47205669e75914d78c480",,"2025-05-18T05:59:00.000","30","NO CONTROLS","NO CONTROLS","UNKNOWN","UNKNOWN","PARKED MOTOR VEHICLE","NOT DIVIDED",,"STRAIGHT AND LEVEL","UNKNOWN","UNKNOWN","NOT ON SCENE (DESK REPORT)","INJURY AND / OR TOW DUE TO CRASH",,,,"OVER $1,500","2025-05-18T10:17:00.000","UNABLE TO DETERMINE","NOT APPLICABLE","3636","W","MARQUETTE RD","833",,,,,,,"2","NO INDICATION OF INJURY","0","0","0","0","0","1","0","5","1","5","41.771610158","-87.7143949822","POINT (-87.714394982192 41.771610158002)"
"a5f3ea60288f090ec540018cd59159d332dc6b8ac435883dfd86919193fcde6f4bfa3efacfd4e587f2daa8a6d380d3e77ee73d6cfa769953a38e6d112776bc78",,"2025-05-18T05:59:00.000","30","TRAFFIC SIGNAL","FUNCTIONING PROPERLY","CLEAR","DAYLIGHT","ANGLE","FOUR WAY",,"STRAIGHT AND LEVEL","DRY","OTHER","ON SCENE","INJURY AND / OR TOW DUE TO CRASH","Y",,,"OVER $1,500","2025-05-18T07:00:00.000","DISREGARDING TRAFFIC SIGNALS","DRIVING SKILLS/KNOWLEDGE/EXPERIENCE","401","S","CANAL ST","121",,,,,,,"2","NO INDICATION OF INJURY","0","0","0","0","0","2","0","5","1","5","41.8766867586","-87.6395026937","POINT (-87.639502693729 41.8766867586)"
"4b6a4cc2c61ed5a9e59282eb0dfaf665e444846986ace9e4e9de3dd951f6f89974332e2ae9fe7d4d3fc7e9a37522278f2ed6d6aaaf706a2e0fd698c69ab87166",,"2025-05-18T05:25:00.000","30","TRAFFIC SIGNAL","FUNCTIONING PROPERLY","CLEAR","DAWN","ANGLE","FOUR WAY",,"STRAIGHT AND LEVEL","DRY","NO DEFECTS","ON SCENE","INJURY AND / OR TOW DUE TO CRASH","Y",,,"OVER $1,500","2025-05-18T05:25:00.000","DISREGARDING TRAFFIC SIGNALS","FAILING TO REDUCE SPEED TO AVOID CRASH","958","N","KEDZIE AVE","1121",,,,,,,"2","NO INDICATION OF INJURY","0","0","0","0","0","2","0","5","1","5","41.8991482835","-87.706819773","POINT (-87.706819772999 41.899148283494)"
"f36d9c775f9ff124a4a5d1fc39cf3b40d4518356c3908d01d1073eaf0c5bdca71d9da4f40b790270449cc7e772a417032ef903af11bd57451b3bc7e30dc2d617",,"2025-05-18T05:11:00.000","30","STOP SIGN/FLASHER","FUNCTIONING PROPERLY","CLEAR","DAYLIGHT","REAR TO FRONT","Y-INTERSECTION",,"STRAIGHT AND LEVEL","DRY","UNKNOWN","ON SCENE","NO INJURY / DRIVE AWAY","Y",,,"$500 OR LESS","2025-05-18T05:11:00.000","IMPROPER BACKING","NOT APPLICABLE","2643","W","ARMITAGE AVE","1421",,"Y",,,,,"2","NO INDICATION OF INJURY","0","0","0","0","0","4","0","5","1","5","41.9174087033","-87.694005425","POINT (-87.694005425018 41.91740870329)"
"64a0c4ad6e8cc9339051f3da252291e451531cc20459b931838e9fc8a2d6537b106c66a3095ce4f07da9cbcaa239fe918f5712a3d2fdc9ae7b7bf7869b638c3f",,"2025-05-18T04:30:00.000","30","TRAFFIC SIGNAL","FUNCTIONING PROPERLY","CLEAR","DARKNESS, LIGHTED ROAD","REAR END","NOT DIVIDED",,"STRAIGHT AND LEVEL","DRY","NO DEFECTS","NOT ON SCENE (DESK REPORT)","NO INJURY / DRIVE AWAY",,,"Y","OVER $1,500","2025-05-18T04:55:00.000","FAILING TO REDUCE SPEED TO AVOID CRASH","FOLLOWING TOO CLOSELY","1448","N","HALSTED ST","1822",,,,,,,"2","NO INDICATION OF INJURY","0","0","0","0","0","2","0","4","1","5","41.9078185939","-87.6483406845","POINT (-87.648340684489 41.907818593906)"
"c374224ffa6eb2c6b67905c6d2246ee415d87423d7fdd152259d96f48343e5f009001eb39d9c5492ec469863a1eea3b40058b4ec28668bb65bf8ccaed57b1ef3",,"2025-05-18T04:20:00.000","30","NO CONTROLS","NO CONTROLS","CLEAR","DARKNESS, LIGHTED ROAD","SIDESWIPE OPPOSITE DIRECTION","NOT DIVIDED",,"STRAIGHT AND LEVEL","DRY","NO DEFECTS","ON SCENE","INJURY AND / OR TOW DUE TO CRASH",,,"Y","OVER $1,500","2025-05-18T04:22:00.000","FAILING TO REDUCE SPEED TO AVOID CRASH","FAILING TO REDUCE SPEED TO AVOID CRASH","738","N","HOMAN AVE","1121",,,,,,,"3","NONINCAPACITATING INJURY","1","0","0","1","0","2","0","4","1","5","41.8948443042","-87.7115629653","POINT (-87.711562965277 41.894844304159)"
"fa6fa4b61dc7ed588e637b1ba0fbc104503a4ca2726e1fabf5b26076f65f473aabb66f5eee9444679341a9d66770c381df2f88b1f362bf2047b001ca2924a98e",,"2025-05-18T04:10:00.000","30","TRAFFIC SIGNAL","FUNCTIONING PROPERLY","CLEAR","DAWN","REAR END","FOUR WAY",,"STRAIGHT AND LEVEL","DRY","NO DEFECTS","ON SCENE","NO INJURY / DRIVE AWAY","Y",,,"$501 - $1,500","2025-05-18T04:22:00.000","FAILING TO REDUCE SPEED TO AVOID CRASH","IMPROPER LANE USAGE","5500","S","CICERO AVE","813","N","N",,,,,"2","NO INDICATION OF INJURY","0","0","0","0","0","3","0","4","1","5","41.7929108835","-87.742077343","POINT (-87.742077342959 41.792910883497)"
"0e30516f1811a8ea66b011a132733a8b119ea01d8ba31e5f8ad8e25dab335927c5e94e575a9f51a8c7ebd0bcea9723994be2ba34624e20faa3efad8b4ad07810",,"2025-05-18T04:09:00.000","30","NO CONTROLS","NO CONTROLS","CLEAR","DARKNESS, LIGHTED ROAD","SIDESWIPE SAME DIRECTION","NOT DIVIDED",,"STRAIGHT AND LEVEL","DRY","NO DEFECTS","ON SCENE","INJURY AND / OR TOW DUE TO CRASH",,,"N","OVER $1,500","2025-05-18T04:09:00.000","IMPROPER OVERTAKING/PASSING","UNABLE TO DETERMINE","539","N","LARAMIE AVE","1532",,,,,,,"6","INCAPACITATING INJURY","1","0","1","0","0","1","0","4","1","5","41.8904939345","-87.7552892142","POINT (-87.755289214188 41.89049393446)"
"b35ab665efb28982426081628141fb6c611fb3e2520fc01533338de5eccb93e1ee31b10123425aecc28b4bc14ab5334c5a7bf5ba58bba236cd19a398a2d79333",,"2025-05-18T04:05:00.000","35","NO CONTROLS","NO CONTROLS","CLEAR","DARKNESS, LIGHTED ROAD","PARKED MOTOR VEHICLE","NOT DIVIDED",,"STRAIGHT AND LEVEL","DRY","NO DEFECTS","ON SCENE","INJURY AND / OR TOW DUE TO CRASH",,,,"OVER $1,500","2025-05-18T04:19:00.000","PHYSICAL CONDITION OF DRIVER","NOT APPLICABLE","3045","W","71ST ST","831",,,,,,,"2","NO INDICATION OF INJURY","0","0","0","0","0","1","0","4","1","5","41.7643174282","-87.6997089823","POINT (-87.699708982272 41.764317428222)"
"1822cfb27a003899cd44cbe6bc4c0f35cf7ff8ef75796b85e39f533da609ad5a257f17d36d145a1ea9625749349845feac8832a257d7dbb1a4ddc32406792afb","Y","2025-05-18T04:02:00.000","35","STOP SIGN/FLASHER","FUNCTIONING PROPERLY","CLEAR","DARKNESS, LIGHTED ROAD","FIXED OBJECT","NOT DIVIDED",,"STRAIGHT AND LEVEL","DRY","NO DEFECTS","ON SCENE","INJURY AND / OR TOW DUE TO CRASH",,,,"OVER $1,500","2025-05-18T04:02:00.000","DISREGARDING STOP SIGN","OPERATING VEHICLE IN ERRATIC, RECKLESS, CARELESS, NEGLIGENT OR AGGRESSIVE MANNER","11759","S","JUSTINE ST","524",,,,,,,"1","NO INDICATION OF INJURY","0","0","0","0","0","4","0","4","1","5","41.6794726357","-87.6600818681","POINT (-87.660081868088 41.679472635721)"
"bca53a178d9bfd237609828b6f3f350c0d045baef9ed122960b7c28297489938544d7f516d4dd833c6e1a6292de64829f30e3f86daa9c92a88c306753965adc6","N","2025-05-18T03:50:00.000","30","TRAFFIC SIGNAL","FUNCTIONING PROPERLY","CLEAR","DARKNESS, LIGHTED ROAD","TURNING","UNKNOWN INTERSECTION TYPE",,"STRAIGHT AND LEVEL","DRY","NO DEFECTS","ON SCENE","INJURY AND / OR TOW DUE TO CRASH","Y",,"Y","OVER $1,500","2025-05-18T03:54:00.000","DISREGARDING TRAFFIC SIGNALS","FAILING TO REDUCE SPEED TO AVOID CRASH","3500","S","KEDZIE AVE","911",,,,,,,"2","NO INDICATION OF INJURY","0","0","0","0","0","2","0","3","1","5","41.8297749598","-87.7047535147","POINT (-87.704753514706 41.829774959784)"
"bebc9a9a6fad355a7cd831be50087fc08b37688b11367637ccf652f86ca8ce00a83a950a070644b9848e2cd9c448c70465a77aad6a5b8deff55d9bea675f78a9",,"2025-05-18T03:30:00.000","30","NO CONTROLS","NO CONTROLS","CLEAR","DARKNESS, LIGHTED ROAD","SIDESWIPE SAME DIRECTION","DIVIDED - W/MEDIAN (NOT RAISED)",,"STRAIGHT AND LEVEL","DRY","NO DEFECTS","NOT ON SCENE (DESK REPORT)","NO INJURY / DRIVE AWAY",,,"Y","OVER $1,500","2025-05-18T04:10:00.000","IMPROPER OVERTAKING/PASSING","UNABLE TO DETERMINE","3407","N","WESTERN AVE","1921",,,,,,,"2","NO INDICATION OF INJURY","0","0","0","0","0","2","0","3","1","5","41.9433597399","-87.6880108604","POINT (-87.688010860355 41.943359739933)"
"0922853edc3a54c464f7d9f450963c3fafaa1a58508989a77aad2121e66415e8d07a2ae858207afb483821bd7b688a171a4ba7d2e223e621581546475de6e161",,"2025-05-18T03:27:00.000","25","NO CONTROLS","NO CONTROLS","UNKNOWN","UNKNOWN","PARKED MOTOR VEHICLE","ONE-WAY",,"STRAIGHT AND LEVEL","UNKNOWN","NO DEFECTS","ON SCENE","NO INJURY / DRIVE AWAY",,,"Y","OVER $1,500","2025-05-18T10:07:00.000","IMPROPER LANE USAGE","FAILING TO REDUCE SPEED TO AVOID CRASH","916","N","LATROBE AVE","1524",,,,,,,"3","NO INDICATION OF INJURY","0","0","0","0","0","1","0","3","1","5","41.8972907168","-87.7570316087","POINT (-87.757031608748 41.897290716777)"
"d033082601a721db6027a69d51166ac901a747caef6de3a41d444c9360ca2b0ad784cc6e21df5305e62596a1ae2cf190f6408fcf96a57ae63286b6ad2aff0f05",,"2025-05-18T03:20:00.000","30","NO CONTROLS","NO CONTROLS","CLEAR","DARKNESS","PARKED MOTOR VEHICLE","NOT DIVIDED",,"STRAIGHT AND LEVEL","DRY","NO DEFECTS","ON SCENE","INJURY AND / OR TOW DUE TO CRASH",,,"Y","OVER $1,500","2025-05-18T05:50:00.000","UNABLE TO DETERMINE","NOT APPLICABLE","5601","W","HURON ST","1511",,,,,,,"2","NO INDICATION OF INJURY","0","0","0","0","0","1","0","3","1","5","41.8928151665","-87.7653805385","POINT (-87.765380538544 41.892815166523)"
"6ff447e8ecf6c7ed6d4e5fa8b7caa0ee9a6ec0de970a4828de726b8af81886efa4eb7fd16564ad6b1e3ab7708ec06159d8ea0992b5bdb91c6fdacf1be1f2532b",,"2025-05-18T03:11:00.000","15","NO CONTROLS","NO CONTROLS","CLEAR","DARKNESS, LIGHTED ROAD","PARKED MOTOR VEHICLE","PARKING LOT",,"STRAIGHT AND LEVEL","DRY","UNKNOWN","ON SCENE","NO INJURY / DRIVE AWAY",,"Y",,"OVER $1,500","2025-05-18T03:18:00.000","UNABLE TO DETERMINE","UNABLE TO DETERMINE","2722","N","CENTRAL AVE","2514",,,,,,,"2","NO INDICATION OF INJURY","0","0","0","0","0","1","0","3","1","5","41.9301406023","-87.7663527414","POINT (-87.766352741448 41.93014060228)"
"60d66e2f87cf5c5fa210f8ff1364153886eec69608ab64df09617990081dd2139e836812cb682edcb2f350cc7dc0bc2531df56826efd523401b9af14424fa3cb",,"2025-05-18T02:35:00.000","30","TRAFFIC SIGNAL","FUNCTIONING PROPERLY","CLEAR","DARKNESS, LIGHTED ROAD","TURNING","FOUR WAY",,"STRAIGHT AND LEVEL","DRY","NO DEFECTS","NOT ON SCENE (DESK REPORT)","NO INJURY / DRIVE AWAY","Y",,,"$501 - $1,500","2025-05-18T02:41:00.000","IMPROPER LANE USAGE","IMPROPER TURNING/NO SIGNAL","2135","S","STATE ST","131",,,,,,,"2","NO INDICATION OF INJURY","0","0","0","0","0","4","0","2","1","5","41.8531779968","-87.626946544","POINT (-87.626946544034 41.853177996793)"
"4402d44aa19d3fe4f15215073fda4f0d7014b51992d70a5ba0ee800366f89ddd009ee0c744dedd2decdf7425df6004f77cc6a083fea8c4d75da26f80191fa65e",,"2025-05-18T02:20:00.000","20","NO CONTROLS","NO CONTROLS","CLEAR","DARKNESS","PARKED MOTOR VEHICLE","NOT DIVIDED",,"STRAIGHT AND LEVEL","DRY","NO DEFECTS","NOT ON SCENE (DESK REPORT)","NO INJURY / DRIVE AWAY",,,,"OVER $1,500","2025-05-18T08:45:00.000","UNABLE TO DETERMINE","UNABLE TO DETERMINE","4738","S","LAVERGNE AVE","814",,,,,,,"2","NO INDICATION OF INJURY","0","0","0","0","0","1","0","2","1","5","41.806388275","-87.7481626906","POINT (-87.748162690567 41.806388275008)"
"f66555702f0ea68698fe42b9e1aad9a63678d7b284b89ea6fd7c4e88712ff00c1873a184e14a5712366d440f08d870cdd539f2f93550c36e39adac40d9333254",,"2025-05-18T02:02:00.000","30","NO CONTROLS","NO CONTROLS","CLEAR","DARKNESS, LIGHTED ROAD","PARKED MOTOR VEHICLE","NOT DIVIDED",,"STRAIGHT AND LEVEL","DRY","NO DEFECTS","ON SCENE","INJURY AND / OR TOW DUE TO CRASH",,,,"OVER $1,500","2025-05-18T02:03:00.000","FAILING TO REDUCE SPEED TO AVOID CRASH","UNABLE TO DETERMINE","7710","W","ADDISON ST","1631",,,,,,,"2","NONINCAPACITATING INJURY","1","0","0","1","0","0","0","2","1","5","41.9453173089","-87.8200823599","POINT (-87.820082359919 41.945317308868)"
"556cc9e12fac05cb43ac56dc540dbb1eea1736d5ecb86e8933bf913d426955d4d83f542bc9c7bb58f40c3e84d9a3dbe0bcab7e2953e124a185b2c7f9338efd11",,"2025-05-18T02:00:00.000","30","NO CONTROLS","NO CONTROLS","CLEAR","DAYLIGHT","PARKED MOTOR VEHICLE","NOT DIVIDED",,"STRAIGHT AND LEVEL","DRY","NO DEFECTS","NOT ON SCENE (DESK REPORT)","NO INJURY / DRIVE AWAY",,,"Y","OVER $1,500","2025-05-18T12:10:00.000","UNABLE TO DETERMINE","UNABLE TO DETERMINE","6147","W","55TH ST","811",,,,,,,"2","NO INDICATION OF INJURY","0","0","0","0","0","1","0","2","1","5","41.7923462933","-87.7763676669","POINT (-87.776367666949 41.792346293298)"
"bed024c5f2be053742b0b70e87bb1a03f0c135a099e5e14758d7832a6abbf5f7fc3b8f4c76cd4a9e0e06a07219b811e80359f09125ab72c8137e585b01db6b47",,"2025-05-18T02:00:00.000","30","UNKNOWN","UNKNOWN","UNKNOWN","UNKNOWN","PARKED MOTOR VEHICLE","NOT DIVIDED",,"STRAIGHT AND LEVEL","UNKNOWN","UNKNOWN","NOT ON SCENE (DESK REPORT)","NO INJURY / DRIVE AWAY",,,"Y","OVER $1,500","2025-05-18T09:15:00.000","UNABLE TO DETERMINE","UNABLE TO DETERMINE","2651","E","82ND ST","423",,,,,,,"2","NO INDICATION OF INJURY","0","0","0","0","0","1","0","2","1","5","41.7462617487","-87.5592577407","POINT (-87.559257740741 41.746261748676)"
"2ce0515f8bbfa7087f383853c24a350adf00178f9839bc7fc49c7baea8acbf2b2efd4cb0de4d85ca8bd8ad8ca98e54d16b0d6a9180b2756622673b6cd826a09f",,"2025-05-18T01:53:00.000","30","TRAFFIC SIGNAL","FUNCTIONING PROPERLY","CLEAR","DARKNESS, LIGHTED ROAD","REAR END","FOUR WAY",,"STRAIGHT AND LEVEL","DRY","NO DEFECTS","ON SCENE","INJURY AND / OR TOW DUE TO CRASH","Y",,,"OVER $1,500","2025-05-18T01:54:00.000","UNABLE TO DETERMINE","UNABLE TO DETERMINE","6441","N","CLARK ST","2432",,,,,,,"3","NO INDICATION OF INJURY","0","0","0","0","0","4","0","1","1","5","41.9992485711","-87.6708696541","POINT (-87.670869654063 41.999248571064)"
"8b5574762b95d3a472879e6f412e91207909ff27b733a6e55dc79240cc3ac8775a77fcb980b06a8d54a83161bc963e055105f0572286cef72cd5830fea0616c1",,"2025-05-18T01:50:00.000","30","UNKNOWN","UNKNOWN","UNKNOWN","UNKNOWN","PARKED MOTOR VEHICLE","UNKNOWN",,"STRAIGHT AND LEVEL","UNKNOWN","UNKNOWN","NOT ON SCENE (DESK REPORT)","NO INJURY / DRIVE AWAY",,,"Y","OVER $1,500","2025-05-18T02:59:00.000","UNABLE TO DETERMINE","NOT APPLICABLE","1428","N","KEDVALE AVE","2534",,,,,,,"2","NO INDICATION OF INJURY","0","0","0","0","0","1","0","1","1","5","41.9071102393","-87.7302541223","POINT (-87.73025412226 41.907110239287)"
"0ff27a19ccc59e46d0906794743367ed6a35d857097a0aeb342b217096ec81f6aafe5064c8dcd041f0be4339af2a805084d98d94694ef4bfcbf718a12cfb75b2",,"2025-05-18T01:10:00.000","40","TRAFFIC SIGNAL","FUNCTIONING PROPERLY","CLEAR","DARKNESS, LIGHTED ROAD","REAR END","DIVIDED - W/MEDIAN BARRIER",,"STRAIGHT AND LEVEL","DRY","NO DEFECTS","ON SCENE","INJURY AND / OR TOW DUE TO CRASH","Y",,,"OVER $1,500","2025-05-18T01:10:00.000","FOLLOWING TOO CLOSELY","FOLLOWING TOO CLOSELY","805","N","LAKE SHORE DR SB","1833",,,,,,,"2","NO INDICATION OF INJURY","0","0","0","0","0","2","0","1","1","5","41.8970249996","-87.6166393295","POINT (-87.616639329486 41.897024999568)"
"48fa29ff28caae2c2b08aad65ffb7d0cd1dd64e4ff76ef03c76b729404b6b1019303cd1a048902ed9f681c7257e197ce94f16e450ae577a29a2e51da88a3441d",,"2025-05-18T01:10:00.000","30","NO CONTROLS","OTHER","CLEAR","DARKNESS, LIGHTED ROAD","PARKED MOTOR VEHICLE","DIVIDED - W/MEDIAN (NOT RAISED)",,"STRAIGHT AND LEVEL","DRY","NO DEFECTS","ON SCENE","INJURY AND / OR TOW DUE TO CRASH",,,,"OVER $1,500","2025-05-18T01:10:00.000","FAILING TO REDUCE SPEED TO AVOID CRASH","DISTRACTION - FROM INSIDE VEHICLE","1527","W","91ST ST","2221",,,,,,,"3","NO INDICATION OF INJURY","0","0","0","0","0","2","0","1","1","5","41.7284245618","-87.6615683876","POINT (-87.661568387637 41.728424561794)"