"crash_record_id","crash_date_est_i","crash_date","posted_speed_limit","traffic_control_device","device_condition","weather_condition","lighting_condition","first_crash_type","trafficway_type","lane_cnt","alignment","roadway_surface_cond","road_defect","report_type","crash_type","intersection_related_i","private_property_i","hit_and_run_i","damage","date_police_notified","prim_contributory_cause","sec_contributory_cause","street_no","street_direction","street_name","beat_of_occurrence","photos_taken_i","statements_taken_i","dooring_i","work_zone_i","work_zone_type","workers_present_i","num_units","most_severe_injury","injuries_total","injuries_fatal","injuries_incapacitating","injuries_non_incapacitating","injuries_reported_not_evident","injuries_no_indication","injuries_unknown","crash_hour","crash_day_of_week","crash_month","latitude","longitude","location"
"e2b19d59d4561ab2824ae55b5d74e503e11f37faa2ef4c3eb84a0d752b973376a8523ca9817c58fd609131741011bc7032dcca13e7a49b5a7b4e5635e7e59ec6",,"2025-05-18T01:10:00.000","30","TRAFFIC SIGNAL","FUNCTIONING PROPERLY","CLEAR","DARKNESS, LIGHTED ROAD","SIDESWIPE SAME DIRECTION","FOUR WAY",,"STRAIGHT AND LEVEL","DRY","NO DEFECTS","NOT ON SCENE (DESK REPORT)","NO INJURY / DRIVE AWAY","Y",,"Y","OVER $1,500","2025-05-18T01:42:00.000","IMPROPER OVERTAKING/PASSING","OPERATING VEHICLE IN ERRATIC, RECKLESS, CARELESS, NEGLIGENT OR AGGRESSIVE MANNER","522","W","ROOSEVELT RD","124",,,,,,,"2","NO INDICATION OF INJURY","0","0","0","0","0","2","0","1","1","5","41.8673561822","-87.6402266406","POINT (-87.640226640564 41.867356182227)"
"da2c805f106e13cf53057135fa116528c23a4bce3eb158f331ceb30f959b4a41a81a946fa5b8b1bf123e2a9c667d08b512de097fa0e07fc1d39106cbaf6b71df",,"2025-05-18T00:52:00.000","20","NO CONTROLS","NO CONTROLS","CLEAR","DARKNESS, LIGHTED ROAD","PARKED MOTOR VEHICLE","ONE-WAY",,"STRAIGHT AND LEVEL","DRY","NO DEFECTS","ON SCENE","INJURY AND / OR TOW DUE TO CRASH",,,,"OVER $1,500","2025-05-18T01:03:00.000","UNABLE TO DETERMINE","NOT APPLICABLE","9532","S","LOWE AVE","2223",,,,,,,"2","NONINCAPACITATING INJURY","1","0","0","1","0","0","0","0","1","5","41.7205129932","-87.6396945319","POINT (-87.639694531945 41.720512993155)"
"5421b6cac951f2c7b06a9fe67b494d0e380b85a47dffeed420bc644c3a32c2c67f42d3d28d7ec2d32323f440b046f580736a8b1c82243ab2adc04353f54b635d",,"2025-05-18T00:05:00.000","40","TRAFFIC SIGNAL","FUNCTIONING PROPERLY","CLEAR","DARKNESS, LIGHTED ROAD","SIDESWIPE SAME DIRECTION","OTHER",,"STRAIGHT AND LEVEL","DRY","NO DEFECTS","NOT ON SCENE (DESK REPORT)","INJURY AND / OR TOW DUE TO CRASH",,,"Y","OVER $1,500","2025-05-18T02:20:00.000","IMPROPER OVERTAKING/PASSING","NOT APPLICABLE","105","S","LAKE SHORE DR NB","114",,,,,,,"2","REPORTED, NOT EVIDENT","1","0","0","0","1","1","0","0","1","5","41.8807655219","-87.6171036473","POINT (-87.617103647274 41.880765521889)"
"d7d4461a96d45dd4a5be92a86a2f8c0cad7b6cae1ecfa71d0018209e425ec071002bfa30d830209892f2c67323820a0b15502db91ff388365d4d4310995e33a6",,"2025-05-17T23:51:00.000","30","TRAFFIC SIGNAL","FUNCTIONING PROPERLY","CLEAR","DARKNESS","HEAD ON","DIVIDED - W/MEDIAN (NOT RAISED)",,"STRAIGHT AND LEVEL","DRY","NO DEFECTS","ON SCENE","INJURY AND / OR TOW DUE TO CRASH","Y",,,"OVER $1,500","2025-05-18T00:09:00.000","IMPROPER LANE USAGE","UNDER THE INFLUENCE OF ALCOHOL/DRUGS (USE WHEN ARREST IS EFFECTED)","2811","N","NARRAGANSETT AVE","2511",,,,,,,"2","NO INDICATION OF INJURY","0","0","0","0","0","2","0","23","7","5","41.9313805211","-87.7855541968","POINT (-87.785554196808 41.931380521135)"
"7a97e9af690d6e57c941a8adbb21e72ab42e1f11bd973a5c61470f4acca3aa9ea067fc35e86f4d84d2ed2a3f45748611b2f2a2fc98657ccccf80f21bad66efe4",,"2025-05-17T23:50:00.000","30","NO CONTROLS","NO CONTROLS","CLEAR","DARKNESS, LIGHTED ROAD","SIDESWIPE SAME DIRECTION","NOT DIVIDED",,"STRAIGHT AND LEVEL","DRY","NO DEFECTS","NOT ON SCENE (DESK REPORT)","NO INJURY / DRIVE AWAY",,,,"OVER $1,500","2025-05-18T00:54:00.000","UNABLE TO DETERMINE","NOT APPLICABLE","7673","S","CICERO AVE","833",,,,,,,"2","NO INDICATION OF INJURY","0","0","0","0","0","2","0","23","7","5","41.7528576477","-87.7413545279","POINT (-87.741354527939 41.752857647668)"
"94acb17136c38bc3af06bf2605813aa3c9111e86617d24777bc60e30de55beb000ba4fd7eea78e675346540cf883751f7adc2287809776424b856f44c57c2316",,"2025-05-17T23:40:00.000","30","UNKNOWN","UNKNOWN","CLEAR","DARKNESS, LIGHTED ROAD","ANGLE","FOUR WAY",,"STRAIGHT AND LEVEL","DRY","UNKNOWN","ON SCENE","INJURY AND / OR TOW DUE TO CRASH","Y",,,"OVER $1,500","2025-05-17T23:40:00.000","FAILING TO REDUCE SPEED TO AVOID CRASH","UNABLE TO DETERMINE","2207","S","PULASKI RD","1013",,,,,,,"3","NO INDICATION OF INJURY","0","0","0","0","0","4","0","23","7","5","41.8511131732","-87.7245989136","POINT (-87.724598913603 41.851113173171)"
"1591afedc229f4bcc282b25cf35e27cfec87099874c504b40bb0086cf9656940d04163232bd21fa820ffc8a5fae46f77b3b890a7218fdf0023223a28c863da16","Y","2025-05-17T23:30:00.000","30","NO CONTROLS","NO CONTROLS","CLEAR","DARKNESS, LIGHTED ROAD","PARKED MOTOR VEHICLE","ONE-WAY",,"STRAIGHT AND LEVEL","DRY","NO DEFECTS","NOT ON SCENE (DESK REPORT)","NO INJURY / DRIVE AWAY",,,"Y","OVER $1,500","2025-05-18T16:46:00.000","NOT APPLICABLE","NOT APPLICABLE","5000","W","QUINCY ST","1533",,,,,,,"2","NO INDICATION OF INJURY","0","0","0","0","0","1","0","23","7","5","41.8777459367","-87.7495244272","POINT (-87.749524427176 41.877745936678)"
"b82b0d83288fe29df5b59561e0f1fe94fb632d08a2ce5c53679d863ae60d79c16f7150d0b54abc7f8f45f09f097fa1943ac5db1fc8baa4c3a3965aacb8f9f58f",,"2025-05-17T23:21:00.000","30","NO CONTROLS","NO CONTROLS","CLEAR","DARKNESS","SIDESWIPE SAME DIRECTION","NOT DIVIDED",,"STRAIGHT AND LEVEL","DRY","UNKNOWN","ON SCENE","INJURY AND / OR TOW DUE TO CRASH",,,,"OVER $1,500","2025-05-17T23:52:00.000","UNABLE TO DETERMINE","UNABLE TO DETERMINE","1938","E","HAYES DR","331",,,,,,,"2","NO INDICATION OF INJURY","0","0","0","0","0","3","0","23","7","5","41.7803016143","-87.5781604939","POINT (-87.57816049385 41.780301614273)"
"c95f47902e683fff1739838f86810ed3429d27390ad733e761cc326d0ec3de13c27b2874a126a3104fe9b4f5cfae7eb120f426cedd018abc20b2f1c4a19e89a0",,"2025-05-17T23:00:00.000","30","NO CONTROLS","NO CONTROLS","CLEAR","DARKNESS, LIGHTED ROAD","PARKED MOTOR VEHICLE","NOT DIVIDED",,"STRAIGHT AND LEVEL","DRY","NO DEFECTS","NOT ON SCENE (DESK REPORT)","NO INJURY / DRIVE AWAY",,,,"OVER $1,500","2025-05-18T01:30:00.000","IMPROPER LANE USAGE","UNABLE TO DETERMINE","17","S","CLARK ST","112",,,,,,,"2","NO INDICATION OF INJURY","0","0","0","0","0","4","0","23","7","5","41.8815303705","-87.6307220446","POINT (-87.630722044615 41.881530370548)"
"c82511cac04b5ec73e1be11e9d875a380382869aa6e2ce942cd2ebeff48b29cda18d80f858bb60e04d076d12e38075120570769fdc78a045bb1ac10f6ce62010",,"2025-05-17T22:55:00.000","15","NO CONTROLS","NO CONTROLS","CLEAR","DARKNESS, LIGHTED ROAD","TURNING","NOT DIVIDED",,"STRAIGHT AND LEVEL","UNKNOWN","UNKNOWN","ON SCENE","INJURY AND / OR TOW DUE TO CRASH",,,"Y","OVER $1,500","2025-05-17T23:35:00.000","UNABLE TO DETERMINE","UNABLE TO DETERMINE","240","S","WOODWARD DR","1122",,,,,,,"2","NO INDICATION OF INJURY","0","0","0","0","0","2","0","22","7","5","41.8775583166","-87.7166289131","POINT (-87.716628913092 41.877558316643)"
"4df6545e404be84cbbf0061b280fb131f09949daba19f019f680d7ab920f739b6889b7720739721d5514dd6fb0cfa75f012ef64105fe55f962d060e0a674d49c",,"2025-05-17T22:45:00.000","30","TRAFFIC SIGNAL","UNKNOWN","CLEAR","DARKNESS, LIGHTED ROAD","SIDESWIPE SAME DIRECTION","DIVIDED - W/MEDIAN (NOT RAISED)",,"STRAIGHT AND LEVEL","DRY","NO DEFECTS","ON SCENE","INJURY AND / OR TOW DUE TO CRASH",,,,"$501 - $1,500","2025-05-18T01:17:00.000","IMPROPER OVERTAKING/PASSING","NOT APPLICABLE","100","W","87TH ST","622",,,,,,,"2","NO INDICATION OF INJURY","0","0","0","0","0","2","0","22","7","5","41.7363738203","-87.6272315646","POINT (-87.627231564567 41.736373820276)"
"0f614625f16b2109dfa152283bc491e34a5226fb328a60cf2bed9d2a6ce11e83928b94deea83542fc56ed4b1629948b0da5e331cff9af86aa1a46feb5b5a0679",,"2025-05-17T22:41:00.000","30","TRAFFIC SIGNAL","FUNCTIONING PROPERLY","CLEAR","DARKNESS, LIGHTED ROAD","SIDESWIPE SAME DIRECTION","NOT DIVIDED",,"STRAIGHT AND LEVEL","DRY","UNKNOWN","ON SCENE","NO INJURY / DRIVE AWAY",,,"Y","OVER $1,500","2025-05-17T22:50:00.000","UNABLE TO DETERMINE","NOT APPLICABLE","4520","W","IRVING PARK RD","1722",,,,,,,"2","NO INDICATION OF INJURY","0","0","0","0","0","2","0","22","7","5","41.9535954311","-87.7414772347","POINT (-87.741477234719 41.953595431054)"
"d41464dbdcee9d7908634a7a9aaaee47b6640bae812d0ffbeb4063681f896bed580dc65ce33a1748f2eb98e0709a0e7991eb170a98f4f4f8ddbe37e5310ec327",,"2025-05-17T22:40:00.000","30","TRAFFIC SIGNAL","NO CONTROLS","CLEAR","DARKNESS, LIGHTED ROAD","PEDESTRIAN","FOUR WAY",,"STRAIGHT AND LEVEL","DRY","NO DEFECTS","ON SCENE","INJURY AND / OR TOW DUE TO CRASH","Y",,"Y","$500 OR LESS","2025-05-17T23:06:00.000","IMPROPER LANE USAGE","FAILING TO YIELD RIGHT-OF-WAY","2","W","71ST ST","322",,,"N",,,,"2","NONINCAPACITATING INJURY","1","0","0","1","0","1","0","22","7","5","41.7655630071","-87.6249370408","POINT (-87.624937040809 41.765563007104)"
"2057cc87777849ed2940fbd6a56737c9d7763a1cc4360a0926301c7453c574241ae12fa880d62fcc171f9af29dc3d95d52c507e70b270c59dc9bbe28528797b1",,"2025-05-17T22:30:00.000","30","NO CONTROLS","NO CONTROLS","CLEAR","DARKNESS","PARKED MOTOR VEHICLE","DIVIDED - W/MEDIAN (NOT RAISED)",,"STRAIGHT AND LEVEL","DRY","NO DEFECTS","NOT ON SCENE (DESK REPORT)","NO INJURY / DRIVE AWAY",,,"Y","OVER $1,500","2025-05-18T12:15:00.000","UNABLE TO DETERMINE","UNABLE TO DETERMINE","7029","S","WENTWORTH AVE","731",,,,,,,"2","NO INDICATION OF INJURY","0","0","0","0","0","1","0","22","7","5","41.7663748215","-87.6296480557","POINT (-87.629648055668 41.766374821544)"
"3cda31bc2d8fb0772acb19716bd07ebdf7c9b4705a2da370004c53d7937b311d528ce0f7462d5662c8a5179515d17801f178a27430b64c489341f9b1220f43af",,"2025-05-17T22:30:00.000","30","NO CONTROLS","NO CONTROLS","CLEAR","DARKNESS, LIGHTED ROAD","SIDESWIPE OPPOSITE DIRECTION","ONE-WAY",,"STRAIGHT AND LEVEL","DRY","NO DEFECTS","NOT ON SCENE (DESK REPORT)","NO INJURY / DRIVE AWAY",,,"Y","OVER $1,500","2025-05-17T23:15:00.000","UNABLE TO DETERMINE","NOT APPLICABLE","745","N","LAMON AVE","1531",,,,,,,"2","NO INDICATION OF INJURY","0","0","0","0","0","2","0","22","7","5","41.8945121793","-87.7480945656","POINT (-87.748094565557 41.894512179331)"
"c49e6033b12bdac1678f8ec2966c0e896c077fc7582463686b6d764d40781711e67a2d25524a41d34d42c754624518a7408011ef5b5f04a30b2e277c8efcdb21",,"2025-05-17T22:30:00.000","30","TRAFFIC SIGNAL","FUNCTIONING PROPERLY","CLEAR","DARKNESS, LIGHTED ROAD","SIDESWIPE SAME DIRECTION","NOT DIVIDED",,"STRAIGHT AND LEVEL","DRY","NO DEFECTS","NOT ON SCENE (DESK REPORT)","INJURY AND / OR TOW DUE TO CRASH","Y",,"Y","OVER $1,500","2025-05-18T11:00:00.000","IMPROPER OVERTAKING/PASSING","IMPROPER OVERTAKING/PASSING","5720","S","LAKE SHORE DR","331",,,,,,,"2","REPORTED, NOT EVIDENT","3","0","0","0","3","0","0","22","7","5","41.7909594148","-87.5798597464","POINT (-87.579859746364 41.790959414793)"
"4c7c8f172c2f027f98daf2af00d3c05aa31cbe5453934f0655219004bde18dee2b00ded5ec2822300e286985aee7755789ad2a26b2922788fdcd63ecda826029",,"2025-05-17T22:05:00.000","30","TRAFFIC SIGNAL","FUNCTIONING PROPERLY","CLEAR","DAYLIGHT","REAR END","DIVIDED - W/MEDIAN (NOT RAISED)",,"STRAIGHT AND LEVEL","DRY","NO DEFECTS","NOT ON SCENE (DESK REPORT)","NO INJURY / DRIVE AWAY","Y",,,"OVER $1,500","2025-05-17T23:00:00.000","FAILING TO REDUCE SPEED TO AVOID CRASH","NOT APPLICABLE","600","N","RUSH ST","1834",,,,,,,"2","NO INDICATION OF INJURY","0","0","0","0","0","2","0","22","7","5","41.8925622525","-87.6255420976","POINT (-87.625542097587 41.892562252544)"
"7cade577c944f250ee0272fedd6f406da8a7b710e79c1e45d892eba6d6d8f50248ace0f05eac614bd1ce10e5d5e0d0374267c0103e865f0480dd2a13e56c0c77",,"2025-05-17T22:00:00.000","30","STOP SIGN/FLASHER","FUNCTIONING PROPERLY","UNKNOWN","UNKNOWN","ANGLE","DIVIDED - W/MEDIAN (NOT RAISED)",,"STRAIGHT AND LEVEL","UNKNOWN","UNKNOWN","NOT ON SCENE (DESK REPORT)","NO INJURY / DRIVE AWAY","Y",,"Y","OVER $1,500","2025-05-18T15:36:00.000","FAILING TO YIELD RIGHT-OF-WAY","FAILING TO YIELD RIGHT-OF-WAY","3381","W","CONGRESS PKWY","1134",,,,,,,"2","NO INDICATION OF INJURY","0","0","0","0","0","2","0","22","7","5","41.8744347783","-87.7107650754","POINT (-87.710765075441 41.874434778336)"
"c900d7fee64d0e5322226cb1b1728fe2ac04d8b7c2c5abb4727b885afe0bc464bbdd1b48c4de91d385c8a54c2715760c0d011957f10fce946cf16e5f9a8bc2b2",,"2025-05-17T22:00:00.000","20","TRAFFIC SIGNAL","FUNCTIONING PROPERLY","CLEAR","DARKNESS, LIGHTED ROAD","SIDESWIPE SAME DIRECTION","NOT DIVIDED",,"STRAIGHT AND LEVEL","DRY","NO DEFECTS","NOT ON SCENE (DESK REPORT)","NO INJURY / DRIVE AWAY",,,"Y","OVER $1,500","2025-05-17T23:30:00.000","IMPROPER TURNING/NO SIGNAL","IMPROPER OVERTAKING/PASSING","835","S","MICHIGAN AVE","114",,,,,,,"2","NO INDICATION OF INJURY","0","0","0","0","0","2","0","22","7","5","41.8714153215","-87.6240122229","POINT (-87.624012222906 41.871415321511)"
"db75e676fe81dd2b52f239f1095e951a363c1c356fe67b1799a670425490c1ad3f973e70b863db94925430ec8d33fab33b36ad73ee9253a724b882f8d6e5025f",,"2025-05-17T22:00:00.000","10","NO CONTROLS","NO CONTROLS","UNKNOWN","UNKNOWN","FIXED OBJECT","PARKING LOT",,"STRAIGHT AND LEVEL","UNKNOWN","NO DEFECTS","ON SCENE","NO INJURY / DRIVE AWAY",,"Y",,"OVER $1,500","2025-05-18T08:54:00.000","UNABLE TO DETERMINE","NOT APPLICABLE","1822","S","MELODY CT","914",,,,,,,"1","NO INDICATION OF INJURY","0","0","0","0","0","1","0","22","7","5","41.8576989955","-87.6325107949","POINT (-87.632510794919 41.857698995483)"
"f4198cf48864b7bdbc2974cac21972a02873be44ca98767b19927a8b143cd976be189800468483caa5c650e8b8480ae5787f0f856f99a27ff5233b0be045fe4a",,"2025-05-17T21:46:00.000","30","STOP SIGN/FLASHER","FUNCTIONING PROPERLY","CLEAR","DARKNESS","PEDESTRIAN","DIVIDED - W/MEDIAN (NOT RAISED)",,"STRAIGHT AND LEVEL","DRY","NO DEFECTS","ON SCENE","INJURY AND / OR TOW DUE TO CRASH",,,"Y","OVER $1,500","2025-05-17T21:52:00.000","DISREGARDING TRAFFIC SIGNALS","NOT APPLICABLE","4500","W","MADISON ST","1113",,,,,,,"2","INCAPACITATING INJURY","1","0","1","0","0","1","0","21","7","5","41.8806910757","-87.7380381315","POINT (-87.738038131465 41.880691075693)"
"546079033f2c4897a4c8b4a261075b279022b8e7afa63cfd0599a3f735667bec3a100445489d00f4a40378fc8f932c622fcb87035c8046060caec8b1a9d66564",,"2025-05-17T21:39:00.000","30","NO CONTROLS","NO CONTROLS","CLEAR","DARKNESS, LIGHTED ROAD","REAR END","DIVIDED - W/MEDIAN (NOT RAISED)",,"STRAIGHT AND LEVEL","DRY","NO DEFECTS","NOT ON SCENE (DESK REPORT)","NO INJURY / DRIVE AWAY",,,"Y","OVER $1,500","2025-05-18T13:00:00.000","OPERATING VEHICLE IN ERRATIC, RECKLESS, CARELESS, NEGLIGENT OR AGGRESSIVE MANNER","UNABLE TO DETERMINE","8312","S","KEDZIE AVE","834",,,,,,,"2","NO INDICATION OF INJURY","0","0","0","0","0","2","0","21","7","5","41.7420587558","-87.7023322417","POINT (-87.702332241683 41.742058755756)"
"10e519705291dd1a9ae93fa77a35516e6b8db757d39e8df467ec5bb0e677bb30a490491324d16ae2c0bfe3e47cfafba441879554e9deb4c1e562be774f6fe256",,"2025-05-17T21:30:00.000","30","NO CONTROLS","NO CONTROLS","UNKNOWN","DARKNESS, LIGHTED ROAD","REAR TO SIDE","PARKING LOT",,"STRAIGHT AND LEVEL","DRY","UNKNOWN","NOT ON SCENE (DESK REPORT)","NO INJURY / DRIVE AWAY",,,,"$501 - $1,500","2025-05-18T14:30:00.000","UNABLE TO DETERMINE","NOT APPLICABLE","4501","W","NORTH AVE","2533",,,,,,,"2","NO INDICATION OF INJURY","0","0","0","0","0","3","0","21","7","5","41.909600386","-87.7393564665","POINT (-87.739356466533 41.909600386011)"
"caa0c1862c6731f87f073ea8c9c2e9379a42beda4b604df4b3707e11fe246d9c23ca4818ac8cdbc9b0076e82b133fa2efc5db9f118ca9441ee8aa31060af652c",,"2025-05-17T21:30:00.000","30","NO CONTROLS","NO CONTROLS","CLEAR","DARKNESS, LIGHTED ROAD","TURNING","NOT DIVIDED",,"STRAIGHT AND LEVEL","DRY","NO DEFECTS","NOT ON SCENE (DESK REPORT)","NO INJURY / DRIVE AWAY",,,,"OVER $1,500","2025-05-17T22:20:00.000","IMPROPER TURNING/NO SIGNAL","UNABLE TO DETERMINE","1863","S","WABASH AVE","131",,,,,,,"2","NO INDICATION OF INJURY","0","0","0","0","0","3","0","21","7","5","41.8566397381","-87.6254374538","POINT (-87.625437453789 41.856639738149)"
"5270c084581221b0c7dd761a8e8b7080035dc2f277a77fe0959c5d7e9b9909918d9d249ed6233082ca6a6e85af634e0144558ec63a75d2855db90c87aab4fb79",,"2025-05-17T21:29:00.000","30","TRAFFIC SIGNAL","FUNCTIONING PROPERLY","CLEAR","DARKNESS, LIGHTED ROAD","PEDALCYCLIST","NOT DIVIDED",,"STRAIGHT AND LEVEL","DRY","NO DEFECTS","ON SCENE","NO INJURY / DRIVE AWAY","Y",,,"OVER $1,500","2025-05-17T22:08:00.000","FAILING TO YIELD RIGHT-OF-WAY","DISREGARDING TRAFFIC SIGNALS","4801","W","WASHINGTON BLVD","1533",,,,,,,"2","NO INDICATION OF INJURY","0","0","0","0","0","4","0","21","7","5","41.8817064526","-87.7454621149","POINT (-87.745462114941 41.881706452614)"
"ee8f2661dbae8d37eec587d4e91dea88ae2fcb8fdb6cf8842206f0552c17ccae520365bdd8a096baf28efeb197eb5836c17fe7d6008275806914f7802ecc43e7",,"2025-05-17T21:15:00.000","25","NO CONTROLS","NO CONTROLS","CLEAR","DARKNESS, LIGHTED ROAD","PARKED MOTOR VEHICLE","NOT DIVIDED",,"STRAIGHT AND LEVEL","DRY","UNKNOWN","NOT ON SCENE (DESK REPORT)","NO INJURY / DRIVE AWAY",,,"Y","$501 - $1,500","2025-05-17T22:15:00.000","UNABLE TO DETERMINE","UNABLE TO DETERMINE","455","W","126TH PL","523",,,,,,,"2","NO INDICATION OF INJURY","0","0","0","0","0","1","0","21","7","5","41.664167927","-87.6338977711","POINT (-87.63389777109 41.664167927022)"
"23ebd3c46f64d8fcf5035af1e08ae586d731fb1aab69e70fd800ed4ee4ddd5fed349394a2af58fc5ae76409ab3d9fbc248ff9a4c9e5377e3755b0ef5c9efa668",,"2025-05-17T21:00:00.000","30","UNKNOWN","UNKNOWN","UNKNOWN","UNKNOWN","SIDESWIPE SAME DIRECTION","UNKNOWN",,"STRAIGHT AND LEVEL","UNKNOWN","UNKNOWN","NOT ON SCENE (DESK REPORT)","NO INJURY / DRIVE AWAY",,,"Y","OVER $1,500","2025-05-17T21:43:00.000","UNABLE TO DETERMINE","NOT APPLICABLE","151","W","ADAMS ST","122",,,,,,,"2","NO INDICATION OF INJURY","0","0","0","0","0","2","0","21","7","5","41.8792900733","-87.6323627253","POINT (-87.6323627253 41.879290073296)"
"3ab3bef7633a61bf705a34ab98f3661d3e3f50373ae9ebc3e55a37dba95539c86c5125a5719d9e94532a625e659fdfe5c5bb47de45ec72ccbdeeeecf88960530",,"2025-05-17T21:00:00.000","30","NO CONTROLS","NO CONTROLS","CLEAR","DARKNESS, LIGHTED ROAD","ANGLE","NOT DIVIDED",,"STRAIGHT AND LEVEL","DRY","NO DEFECTS","NOT ON SCENE (DESK REPORT)","NO INJURY / DRIVE AWAY",,,,"OVER $1,500","2025-05-17T21:30:00.000","FAILING TO YIELD RIGHT-OF-WAY","UNABLE TO DETERMINE","2000","S","MICHIGAN AVE","131",,,,,,,"2","NO INDICATION OF INJURY","0","0","0","0","0","3","0","21","7","5","41.8554295577","-87.6240218414","POINT (-87.624021841401 41.855429557743)"
"8c083ea41547c75558a37cc95623a2bc769ff01a0342b5ee5117bbff312e8af86e7fdac642b1bd9a8763b909e4daa2e9a2d5080318089a1bfa63e40372fbfa67",,"2025-05-17T21:00:00.000","30","NO CONTROLS","NO CONTROLS","CLEAR","DARKNESS, LIGHTED ROAD","SIDESWIPE SAME DIRECTION","NOT DIVIDED",,"STRAIGHT AND LEVEL","DRY","NO DEFECTS","ON SCENE","NO INJURY / DRIVE AWAY",,,"Y","OVER $1,500","2025-05-17T21:03:00.000","UNABLE TO DETERMINE","NOT APPLICABLE","2051","N","MILWAUKEE AVE","1431",,,,,,,"2","NO INDICATION OF INJURY","0","0","0","0","0","2","0","21","7","5","41.9185930409","-87.6900635677","POINT (-87.690063567743 41.918593040875)"
"c7788b8321895f75294efff0937a2058936b0b27ae92ec9d76f9687fd6150e34f11a5cb0e9b8bbccab483acb68754e1bec4b18250a780548a87a91d3650db55d","Y","2025-05-17T21:00:00.000","30","NO CONTROLS","NO CONTROLS","UNKNOWN","UNKNOWN","PARKED MOTOR VEHICLE","UNKNOWN",,"STRAIGHT AND LEVEL","UNKNOWN","UNKNOWN","ON SCENE","NO INJURY / DRIVE AWAY",,,"Y","$501 - $1,500","2025-05-18T19:21:00.000","UNABLE TO DETERMINE","UNABLE TO DETERMINE","4145","S","WABASH AVE","213",,,,,,,"2","NO INDICATION OF INJURY","0","0","0","0","0","1","0","21","7","5","41.8188077131","-87.6245638188","POINT (-87.624563818801 41.818807713068)"
"e7ebf36b42512ebb1a3a34bc0e11050779d296aab28ba2245edbbf3c0bcdd6bdade32f434810e4edbffd32fad884d42822fd3904afed1e6e63fd9434812a3666",,"2025-05-17T21:00:00.000","30","NO CONTROLS","NO CONTROLS","CLEAR","DARKNESS, LIGHTED ROAD","PARKED MOTOR VEHICLE","PARKING LOT",,"STRAIGHT AND LEVEL","DRY","NO DEFECTS","NOT ON SCENE (DESK REPORT)","NO INJURY / DRIVE AWAY",,,,"OVER $1,500","2025-05-17T22:00:00.000","UNABLE TO DETERMINE","UNABLE TO DETERMINE","600","N","CLARK ST","1832","Y",,,,,,"2","NO INDICATION OF INJURY","0","0","0","0","0","2","0","21","7","5","41.892464033","-87.6312948859","POINT (-87.631294885907 41.892464032993)"
"7208191eb4068144a7e75a93625d7aec69134d1ad0cdadd14a2bad2de7e67f126c725a26826de078cd9bfe1139044ac6e39b435ca18c8d956fbee06ddc8985dc",,"2025-05-17T20:58:00.000","55","NO CONTROLS","NO CONTROLS","CLEAR","DARKNESS, LIGHTED ROAD","FIXED OBJECT","DIVIDED - W/MEDIAN BARRIER",,"STRAIGHT AND LEVEL","DRY","NO DEFECTS","ON SCENE","INJURY AND / OR TOW DUE TO CRASH",,,,"OVER $1,500","2025-05-17T21:10:00.000","FAILING TO REDUCE SPEED TO AVOID CRASH","NOT APPLICABLE","7100","S","CHICAGO SKYWAY OB","323",,,,,,,"1","NONINCAPACITATING INJURY","1","0","0","1","0","0","0","20","7","5",,,
"26901cb580449497bb908636cc9818efcad49078a4ce9fd53affd1a5a428c99a14f61d8b7a221fd567021c5a50971944ff20229474298851092a6e1e272b7e2b",,"2025-05-17T20:45:00.000","30","NO CONTROLS","NO CONTROLS","CLEAR","DARKNESS","PARKED MOTOR VEHICLE","ONE-WAY",,"STRAIGHT AND LEVEL","DRY","NO DEFECTS","NOT ON SCENE (DESK REPORT)","NO INJURY / DRIVE AWAY",,,"Y","OVER $1,500","2025-05-17T23:00:00.000","UNABLE TO DETERMINE","NOT APPLICABLE","305","N","KILBOURN AVE","1113",,,,,,,"2","NO INDICATION OF INJURY","0","0","0","0","0","1","0","20","7","5","41.8855379446","-87.7379417313","POINT (-87.737941731301 41.885537944615)"