"crash_record_id","crash_date_est_i","crash_date","posted_speed_limit","traffic_control_device","device_condition","weather_condition","lighting_condition","first_crash_type","trafficway_type","lane_cnt","alignment","roadway_surface_cond","road_defect","report_type","crash_type","intersection_related_i","private_property_i","hit_and_run_i","damage","date_police_notified","prim_contributory_cause","sec_contributory_cause","street_no","street_direction","street_name","beat_of_occurrence","photos_taken_i","statements_taken_i","dooring_i","work_zone_i","work_zone_type","workers_present_i","num_units","most_severe_injury","injuries_total","injuries_fatal","injuries_incapacitating","injuries_non_incapacitating","injuries_reported_not_evident","injuries_no_indication","injuries_unknown","crash_hour","crash_day_of_week","crash_month","latitude","longitude","location"
"8578e4e0b369df3596827e246abcda5c1955b86be55c1cb0a02fa77169868b55adddf120dc6c9f153617ae6ed09a609f892d9df48d18f188e56407a1d3da3d43",,"2025-05-17T20:42:00.000","30","NO CONTROLS","NO CONTROLS","CLEAR","DARKNESS, LIGHTED ROAD","PARKED MOTOR VEHICLE","PARKING LOT",,"STRAIGHT AND LEVEL","DRY","NO DEFECTS","NOT ON SCENE (DESK REPORT)","NO INJURY / DRIVE AWAY",,,"Y","OVER $1,500","2025-05-17T23:55:00.000","UNABLE TO DETERMINE","NOT APPLICABLE","56","E","11TH ST","123",,,,,,,"2","NO INDICATION OF INJURY","0","0","0","0","0","1","0","20","7","5","41.8693909748","-87.6253829297","POINT (-87.625382929707 41.869390974808)"
"dea536b44ab4df146e0179ab0168bf6f1e1655a2bcad5dcad303a0417739359a408e2f3a42c533cb3315490b9bc0fb23d0a121d06d0e32c3ebc4e8e2520c3f00",,"2025-05-17T20:37:00.000","30","NO CONTROLS","NO CONTROLS","CLEAR","DARKNESS, LIGHTED ROAD","SIDESWIPE SAME DIRECTION","RAMP",,"STRAIGHT AND LEVEL","DRY","NO DEFECTS","ON SCENE","NO INJURY / DRIVE AWAY",,,,"OVER $1,500","2025-05-17T20:37:00.000","IMPROPER OVERTAKING/PASSING","NOT APPLICABLE","1600","N","LAKE SHORE DR NB","1814",,,,,,,"2","NO INDICATION OF INJURY","0","0","0","0","0","2","0","20","7","5","41.9118569525","-87.6261695233","POINT (-87.626169523312 41.911856952541)"
"c1218c0f24054e4d3b35588729804bce557c2d919d2cf0d47d178869c85eff06c0263a447d3d9835165224391d7699cbb1c0fa9127f58210f9093d6b8174ac8b",,"2025-05-17T20:35:00.000","30","NO CONTROLS","NO CONTROLS","CLEAR","DARKNESS, LIGHTED ROAD","REAR TO FRONT","NOT DIVIDED",,"STRAIGHT AND LEVEL","DRY","UNKNOWN","NOT ON SCENE (DESK REPORT)","NO INJURY / DRIVE AWAY",,,,"$500 OR LESS","2025-05-19T02:00:00.000","IMPROPER BACKING","IMPROPER BACKING","3801","N","CLARK ST","1923",,,,,,,"2","NO INDICATION OF INJURY","0","0","0","0","0","2","0","20","7","5","41.9511755564","-87.6595418025","POINT (-87.659541802485 41.951175556416)"
"4473a4b81099f18fe0eb2cc936d3b54fa8efd21d95ca60ec4504ce9789b28c521a095a0b7d28f3d4cab526fe51cb921f78b28099d13aa2d0c2584d0997ade071",,"2025-05-17T20:30:00.000","30","NO CONTROLS","NO CONTROLS","CLEAR","DARKNESS, LIGHTED ROAD","SIDESWIPE SAME DIRECTION","NOT DIVIDED",,"STRAIGHT AND LEVEL","DRY","NO DEFECTS","NOT ON SCENE (DESK REPORT)","NO INJURY / DRIVE AWAY",,,,"OVER $1,500","2025-05-17T21:00:00.000","IMPROPER LANE USAGE","NOT APPLICABLE","175","N","STATE ST","111",,,,,,,"2","NO INDICATION OF INJURY","0","0","0","0","0","2","0","20","7","5","41.8852377995","-87.6277818345","POINT (-87.627781834474 41.885237799493)"
"8e4ee943acd62220d781c5046daf085d5ff275b365fc5a7b280b355f4992254fcd786e6dee90fb062d9868093a73740536d31dde4984ff3f08aaee9a47a0e70d",,"2025-05-17T20:30:00.000","30","NO CONTROLS","NO CONTROLS","CLEAR","DARKNESS, LIGHTED ROAD","PARKED MOTOR VEHICLE","FOUR WAY",,"STRAIGHT AND LEVEL","DRY","NO DEFECTS","NOT ON SCENE (DESK REPORT)","NO INJURY / DRIVE AWAY",,,,"OVER $1,500","2025-05-17T22:45:00.000","UNABLE TO DETERMINE","NOT APPLICABLE","241","N","KILBOURN AVE","1113",,,,,,,"2","NO INDICATION OF INJURY","0","0","0","0","0","1","0","20","7","5","41.8844737573","-87.7379080383","POINT (-87.737908038306 41.884473757262)"
"aa1eb342e9657b67f52d78db31fb7872b0fe6f5665ea7085d0bf99edad55e64ded3d580895079f727e89a24f76efa1e104e416ef199db3d5083c5a1d349c6108",,"2025-05-17T20:29:00.000","30","FLASHING CONTROL SIGNAL","FUNCTIONING PROPERLY","CLEAR","DARKNESS","TURNING","FOUR WAY",,"STRAIGHT AND LEVEL","DRY","UNKNOWN","ON SCENE","INJURY AND / OR TOW DUE TO CRASH","Y",,,"OVER $1,500","2025-05-17T20:29:00.000","FAILING TO YIELD RIGHT-OF-WAY","FAILING TO YIELD RIGHT-OF-WAY","7500","S","STONY ISLAND AVE","411",,"Y",,,,,"2","NO INDICATION OF INJURY","0","0","0","0","0","2","0","20","7","5","41.7587154667","-87.5862809648","POINT (-87.586280964844 41.758715466706)"
"83c59a9045faceb12091f1013272fdaef8e232e425b9d128242c92e74d1f981db5fae5998f7aa7e312d3a29068707dd71cf49f0bd7467d6edee70f01fa11ab44",,"2025-05-17T20:26:00.000","30","UNKNOWN","UNKNOWN","CLEAR","DAYLIGHT","REAR END","UNKNOWN",,"STRAIGHT AND LEVEL","DRY","UNKNOWN","NOT ON SCENE (DESK REPORT)","NO INJURY / DRIVE AWAY","Y",,,"OVER $1,500","2025-05-19T16:50:00.000","UNABLE TO DETERMINE","UNABLE TO DETERMINE","400","E","PERSHING RD","212",,,,,,,"2","NO INDICATION OF INJURY","0","0","0","0","0","2","0","20","7","5","41.8239488417","-87.616672416","POINT (-87.61667241604 41.823948841721)"
"38d066c3c83c987c573fbf1d7047d0798e30372917bbca273a8c1071aceede07bdfb2cf76ec849994869a64b5f2c4607ac48c73f82f0034db957bc17feb6b610",,"2025-05-17T20:20:00.000","20","TRAFFIC SIGNAL","FUNCTIONING PROPERLY","CLEAR","DUSK","PARKED MOTOR VEHICLE","NOT DIVIDED",,"STRAIGHT AND LEVEL","DRY","NO DEFECTS","ON SCENE","INJURY AND / OR TOW DUE TO CRASH",,,,"OVER $1,500","2025-05-17T20:25:00.000","UNABLE TO DETERMINE","UNABLE TO DETERMINE","658","W","43RD PL","925",,,,,,,"2","NO INDICATION OF INJURY","0","0","0","0","0","1","0","20","7","5","41.8154198483","-87.6431867705","POINT (-87.643186770458 41.815419848282)"
"801aa7cc78ea4705c604634171811279db4769f9e74a39322fb9446cf72b93bc529cb33decad7c6037a33393cc8d8dc3b6cc5ab77b6aaeb22f9d529b9fa6199e",,"2025-05-17T20:08:00.000","30","STOP SIGN/FLASHER","FUNCTIONING IMPROPERLY","CLEAR","DARKNESS","PEDESTRIAN","NOT DIVIDED",,"STRAIGHT AND LEVEL","DRY","UNKNOWN","ON SCENE","INJURY AND / OR TOW DUE TO CRASH","Y",,"Y","OVER $1,500","2025-05-17T20:22:00.000","FAILING TO YIELD RIGHT-OF-WAY","DISREGARDING STOP SIGN","989","W","JACKSON BLVD","1232",,"Y",,,,,"2","NONINCAPACITATING INJURY","1","0","0","1","0","1","0","20","7","5","41.8777606809","-87.6518460284","POINT (-87.651846028351 41.877760680933)"
"4bfdee3535086f41285c198b1b6c8aa2c11c0b51370f13f281801ebb0160463ba9ea2784b0d84030cedc0ea5f1d5518cf87c677e0f1e11e9bce27ba29d016c2a",,"2025-05-17T20:07:00.000","30","STOP SIGN/FLASHER","FUNCTIONING PROPERLY","CLEAR","DUSK","PEDESTRIAN","UNKNOWN INTERSECTION TYPE",,"STRAIGHT AND LEVEL","DRY","NO DEFECTS","ON SCENE","INJURY AND / OR TOW DUE TO CRASH",,,"Y","$500 OR LESS","2025-05-17T20:07:00.000","UNABLE TO DETERMINE","UNABLE TO DETERMINE","4500","W","MAYPOLE AVE","1113",,,,,,,"2","NONINCAPACITATING INJURY","1","0","0","1","0","1","0","20","7","5","41.8846461466","-87.7381171608","POINT (-87.738117160784 41.884646146606)"
"84ec815d3089729484043e4acf5deb302ebda727d22a95aad88aebedc01dc642f69db6b13609eb160bad38b999eb18880eb4092bdff3d51fd90a356af12d5adb","Y","2025-05-17T20:00:00.000","30","NO CONTROLS","NO CONTROLS","CLEAR","DARKNESS, LIGHTED ROAD","REAR END","NOT DIVIDED",,"STRAIGHT AND LEVEL","DRY","NO DEFECTS","NOT ON SCENE (DESK REPORT)","NO INJURY / DRIVE AWAY",,,,"OVER $1,500","2025-05-17T21:05:00.000","FOLLOWING TOO CLOSELY","DRIVING SKILLS/KNOWLEDGE/EXPERIENCE","7900","S","LAWNDALE AVE","834",,,,,,,"2","NO INDICATION OF INJURY","0","0","0","0","0","2","0","20","7","5","41.749506859","-87.7147359029","POINT (-87.714735902882 41.749506859012)"
"d7cfcd4d3375989a7b01720ace48db2e1b7e5ae515887ec7beefe3ecb7ed174c244df9527da09b7eb21f9b92ada7cb6bd19f02188f6b2cd27e33e5557a7a2c39","Y","2025-05-17T20:00:00.000","30","NO CONTROLS","NO CONTROLS","UNKNOWN","UNKNOWN","PARKED MOTOR VEHICLE","NOT DIVIDED",,"STRAIGHT AND LEVEL","DRY","NO DEFECTS","ON SCENE","NO INJURY / DRIVE AWAY",,,"Y","OVER $1,500","2025-05-18T10:21:00.000","UNABLE TO DETERMINE","UNABLE TO DETERMINE","3847","N","TRIPP AVE","1731",,,,,,,"2","NO INDICATION OF INJURY","0","0","0","0","0","1","0","20","7","5","41.951340194","-87.733755075","POINT (-87.733755074966 41.951340194027)"
"8c9e65adff9852527bf0be81d7c0058e550620adbb446d9aeb59b79dff938221034d40a92fc1217909ca6eb3fbe40f9a28db6a7c7463421c6666239ea57e10c6",,"2025-05-17T19:59:00.000","15","NO CONTROLS","NO CONTROLS","CLEAR","DARKNESS, LIGHTED ROAD","FIXED OBJECT","PARKING LOT",,"STRAIGHT AND LEVEL","DRY","NO DEFECTS","ON SCENE","INJURY AND / OR TOW DUE TO CRASH",,,,"OVER $1,500","2025-05-17T20:15:00.000","IMPROPER TURNING/NO SIGNAL","NOT APPLICABLE","2550","W","ADDISON ST","1921",,,,,,,"1","NO INDICATION OF INJURY","0","0","0","0","0","3","0","19","7","5","41.9468272181","-87.6926837374","POINT (-87.692683737407 41.946827218144)"
"03668299dff924e12234646585a5a26d20e943b057dcf957476db78ff21ca08543e72a6f2e1384bc91f902f93a45504f461dd0da86ea6a4c0293c6bce716b988",,"2025-05-17T19:44:00.000","30","TRAFFIC SIGNAL","FUNCTIONING PROPERLY","UNKNOWN","UNKNOWN","REAR END","ONE-WAY",,"STRAIGHT AND LEVEL","UNKNOWN","UNKNOWN","NOT ON SCENE (DESK REPORT)","INJURY AND / OR TOW DUE TO CRASH",,,,"OVER $1,500","2025-05-17T19:44:00.000","NOT APPLICABLE","NOT APPLICABLE","1805","N","CENTRAL AVE","2532",,"Y",,,,,"2","NONINCAPACITATING INJURY","2","0","0","2","0","0","0","19","7","5","41.9132171812","-87.7654908973","POINT (-87.765490897264 41.913217181231)"
"048ea96cbf7836dc461e25f9085139e01ecf522207dcfaa2f35f7a4e38bb3b89a2849f84fcc9bc72377f8c84c417a90cf60e8703d1d779be8c24afefbb18a771",,"2025-05-17T19:40:00.000","30","STOP SIGN/FLASHER","UNKNOWN","CLEAR","DAYLIGHT","SIDESWIPE SAME DIRECTION","ONE-WAY",,"STRAIGHT AND LEVEL","DRY","UNKNOWN","NOT ON SCENE (DESK REPORT)","NO INJURY / DRIVE AWAY",,,,"OVER $1,500","2025-05-17T20:30:00.000","NOT APPLICABLE","NOT APPLICABLE","2158","N","HAMLIN AVE","2525",,,,,,,"2","NO INDICATION OF INJURY","0","0","0","0","0","2","0","19","7","5","41.9208358985","-87.7219227475","POINT (-87.721922747471 41.920835898513)"
"0519b6f0ac293032d4b777b58e37dcf37855af8fbc273668c0143fdb77e4e0fe06155ed30663afae7fcb8859bac725f24cb5cace6fc7d02c9c48981fe865504a",,"2025-05-17T19:30:00.000","30","TRAFFIC SIGNAL","FUNCTIONING PROPERLY","CLEAR","DAYLIGHT","TURNING","NOT DIVIDED",,"STRAIGHT AND LEVEL","DRY","NO DEFECTS","NOT ON SCENE (DESK REPORT)","NO INJURY / DRIVE AWAY",,,,"OVER $1,500","2025-05-17T20:01:00.000","IMPROPER BACKING","IMPROPER BACKING","505","N","LOWER MICHIGAN AVE","1834",,,,,,,"2","NO INDICATION OF INJURY","0","0","0","0","0","2","0","19","7","5","41.8911206425","-87.6240204392","POINT (-87.624020439189 41.891120642459)"
"f535d5cc6f628b368bb8e46a578ffdda6711256093bc8582cf2fb886e39721e6037de69a4223a4612d8176944ae8bc365707d6de8b075397d96a1be098a96b35",,"2025-05-17T19:30:00.000","30","TRAFFIC SIGNAL","FUNCTIONING PROPERLY","CLEAR","DAYLIGHT","SIDESWIPE SAME DIRECTION","ONE-WAY",,"STRAIGHT AND LEVEL","DRY","UNKNOWN","NOT ON SCENE (DESK REPORT)","NO INJURY / DRIVE AWAY",,,,"$501 - $1,500","2025-05-17T21:50:00.000","HAD BEEN DRINKING (USE WHEN ARREST IS NOT MADE)","UNABLE TO DETERMINE","34","W","RANDOLPH ST","111",,,,,,,"2","NO INDICATION OF INJURY","0","0","0","0","0","2","0","19","7","5","41.884591855","-87.6291627666","POINT (-87.629162766579 41.884591854969)"
"1a7659a1f20a8d3f47e214fa1cb2d8619f1b3f80a45c8d7aeb70a059ef831dc7ee6a29c7b677ecf52355358063de0422be70079924638fa038435099ec84a303",,"2025-05-17T19:22:00.000","30","NO CONTROLS","NO CONTROLS","CLEAR","DAWN","SIDESWIPE SAME DIRECTION","DIVIDED - W/MEDIAN (NOT RAISED)",,"STRAIGHT AND LEVEL","DRY","NO DEFECTS","NOT ON SCENE (DESK REPORT)","INJURY AND / OR TOW DUE TO CRASH",,,"Y","OVER $1,500","2025-05-18T14:13:00.000","IMPROPER OVERTAKING/PASSING","UNABLE TO DETERMINE","9500","S","UNION AVE","2223",,,,,,,"2","NO INDICATION OF INJURY","0","0","0","0","0","2","0","19","7","5","41.7213975805","-87.6409315984","POINT (-87.640931598443 41.721397580522)"
"20a24f09410257b15cd74bf187a43f83404cf17f91bf940b9fe255e820eae432ab53522cedc1663c6810faa7ef65d12806efcda018d306243547397d7338609e",,"2025-05-17T19:20:00.000","30","NO CONTROLS","NO CONTROLS","CLEAR","DAYLIGHT","SIDESWIPE SAME DIRECTION","NOT DIVIDED",,"STRAIGHT AND LEVEL","DRY","NO DEFECTS","NOT ON SCENE (DESK REPORT)","NO INJURY / DRIVE AWAY",,,,"OVER $1,500","2025-05-17T20:37:00.000","IMPROPER OVERTAKING/PASSING","IMPROPER OVERTAKING/PASSING","1601","N","WELLS ST","1814",,,,,,,"2","NO INDICATION OF INJURY","0","0","0","0","0","2","0","19","7","5","41.9112004704","-87.6345650615","POINT (-87.634565061467 41.911200470355)"
"39edd13475cf217edfeeeee391e36b38e859e2cd0ede4a537d34945664b24940a4fcfc05abdbb253c0e70ad750193c9de9e247d510d56ae82be5ef0f1e792b07",,"2025-05-17T19:20:00.000","30","TRAFFIC SIGNAL","FUNCTIONING PROPERLY","CLEAR","DAYLIGHT","TURNING","FOUR WAY",,"STRAIGHT AND LEVEL","DRY","NO DEFECTS","NOT ON SCENE (DESK REPORT)","NO INJURY / DRIVE AWAY","Y",,,"OVER $1,500","2025-05-17T19:55:00.000","IMPROPER LANE USAGE","UNABLE TO DETERMINE","1011","N","HOMAN AVE","1121",,,,,,,"2","NO INDICATION OF INJURY","0","0","0","0","0","2","0","19","7","5","41.8994649005","-87.7114204041","POINT (-87.71142040406 41.899464900492)"
"bcf21e670a5ae509ade21aef38943bb5cde8175c56d1c76e887946f186441489e65fe28b5782dcf3abb51760f83f71c1c68f5253c1eb88653988325219a74cd1",,"2025-05-17T19:20:00.000","30","NO CONTROLS","NO CONTROLS","CLEAR","DAYLIGHT","FIXED OBJECT","NOT DIVIDED",,"STRAIGHT AND LEVEL","DRY","NO DEFECTS","ON SCENE","INJURY AND / OR TOW DUE TO CRASH",,,"Y","OVER $1,500","2025-05-17T19:28:00.000","UNABLE TO DETERMINE","UNABLE TO DETERMINE","3240","W","CONGRESS PKWY","1134",,,,,,,"1",,,,,,,,,"19","7","5","41.8747429366","-87.7075857984","POINT (-87.707585798384 41.874742936563)"
"72ce86ca0aedc012f6c995855eac4d231a11e2f4d7d6e9d8191e0fa44b6dda7f6237670663e716aac1bdd6e21525b2b9f0651e6ac2afdc8c7a6be88950bf81b8",,"2025-05-17T19:15:00.000","30","NO CONTROLS","NO CONTROLS","CLEAR","DAYLIGHT","PARKED MOTOR VEHICLE","NOT DIVIDED",,"STRAIGHT AND LEVEL","DRY","NO DEFECTS","NOT ON SCENE (DESK REPORT)","NO INJURY / DRIVE AWAY",,,,"OVER $1,500","2025-05-17T20:10:00.000","UNABLE TO DETERMINE","UNABLE TO DETERMINE","8946","S","JEFFERY BLVD","413",,,,,,,"2","NO INDICATION OF INJURY","0","0","0","0","0","1","0","19","7","5","41.7320133302","-87.5757429093","POINT (-87.575742909275 41.732013330193)"
"f9c88847009390dc1a29e4f2da8859c1c404cfe1be31596ff9153882810dfcfd7d8515d5f62b593345ebe166dfad30e607c65ef2c51ca0c65b020d88ec845b2c",,"2025-05-17T19:14:00.000","30","NO CONTROLS","NO CONTROLS","CLEAR","DUSK","PARKED MOTOR VEHICLE","ONE-WAY",,"STRAIGHT AND LEVEL","DRY","UNKNOWN","ON SCENE","NO INJURY / DRIVE AWAY",,,"Y","$501 - $1,500","2025-05-17T20:03:00.000","UNABLE TO DETERMINE","NOT APPLICABLE","3848","W","POLK ST","1133",,,,,,,"2","NO INDICATION OF INJURY","0","0","0","0","0","1","0","19","7","5","41.8708668383","-87.7222260362","POINT (-87.722226036168 41.870866838329)"
"619a4525942aa7ad798f46653f58f81e19241a8e3a40a3441624cce9d17d57b0dc2b7f26fcfc21926b0a94150c2fef3b3e7b76b2499b09ce2f311042a850eb83",,"2025-05-17T19:11:00.000","20","NO CONTROLS","NO CONTROLS","CLEAR","DUSK","ANGLE","ALLEY",,"STRAIGHT AND LEVEL","DRY","NO DEFECTS","NOT ON SCENE (DESK REPORT)","NO INJURY / DRIVE AWAY",,,,"$501 - $1,500","2025-05-17T19:11:00.000","UNABLE TO DETERMINE","NOT APPLICABLE","4816","N","HAMLIN AVE","1712",,,,,,,"2","NO INDICATION OF INJURY","0","0","0","0","0","2","0","19","7","5","41.9688355727","-87.7233038977","POINT (-87.723303897712 41.968835572677)"
"1974dde584745d9f15c2e1a68f8659b4a06179f8e34cccae397f52e6a7492baa950c96d7895d833e3606d295d2e88394d366c0c12219f59c5ebadccdcfde3eca",,"2025-05-17T19:00:00.000","15","NO CONTROLS","NO CONTROLS","CLEAR","DARKNESS, LIGHTED ROAD","FIXED OBJECT","ALLEY",,"STRAIGHT AND LEVEL","DRY","NO DEFECTS","ON SCENE","NO INJURY / DRIVE AWAY",,"Y","Y","OVER $1,500","2025-05-17T20:32:00.000","UNABLE TO DETERMINE","UNABLE TO DETERMINE","5059","S","RIDGEWAY AVE","821",,,,,,,"1","NO INDICATION OF INJURY","0","0","0","0","0","1","0","19","7","5","41.8006818138","-87.7171001935","POINT (-87.717100193477 41.800681813785)"
"5eb5802304ffbbf972e5d28d0edaa7015f9c4d995e8b2ecde3bbbe0c32b9eeef608cb2d8bc41169c5c6a7d7823144e78e07418362022cfa163b105204d5407f8",,"2025-05-17T19:00:00.000","30","NO CONTROLS","NO CONTROLS","CLEAR","DUSK","FIXED OBJECT","NOT DIVIDED",,"STRAIGHT AND LEVEL","DRY","NO DEFECTS","ON SCENE","INJURY AND / OR TOW DUE TO CRASH",,,,"OVER $1,500","2025-05-17T19:01:00.000","DRIVING ON WRONG SIDE/WRONG WAY","FAILING TO REDUCE SPEED TO AVOID CRASH","1310","W","MARQUETTE RD","724",,,,,,,"1","NO INDICATION OF INJURY","0","0","0","0","0","1","0","19","7","5","41.7724008477","-87.6572201464","POINT (-87.657220146442 41.772400847724)"
"a8b159a16b7b244beca1eccb999f61cc4519e9f3fb24f3654a877bfa0053313c1039d6168789b76dba710810e07d9c42454e9457b82e9452e40e3fd20384a97f",,"2025-05-17T19:00:00.000","30","TRAFFIC SIGNAL","FUNCTIONING PROPERLY","CLEAR","DAYLIGHT","SIDESWIPE SAME DIRECTION","FOUR WAY",,"CURVE, LEVEL","DRY","NO DEFECTS","NOT ON SCENE (DESK REPORT)","NO INJURY / DRIVE AWAY","Y",,,"OVER $1,500","2025-05-17T20:30:00.000","UNABLE TO DETERMINE","UNABLE TO DETERMINE","3400","W","GRAND AVE","1121",,,,,,,"2","NO INDICATION OF INJURY","0","0","0","0","0","2","0","19","7","5","41.8998219477","-87.7114386571","POINT (-87.711438657065 41.899821947712)"
"601b7a904306420c3aa912f368917b541103658b546d2574f646b7b89d60c36276f37b0d524c7e46499b0fc728415a460a7ea2afa6fcae8cd127aff9e12f8e00",,"2025-05-17T18:56:00.000","30","NO CONTROLS","NO CONTROLS","CLEAR","DAYLIGHT","REAR TO FRONT","NOT DIVIDED",,"STRAIGHT AND LEVEL","DRY","NO DEFECTS","NOT ON SCENE (DESK REPORT)","NO INJURY / DRIVE AWAY",,,,"$501 - $1,500","2025-05-17T19:40:00.000","IMPROPER BACKING","IMPROPER BACKING","6405","N","NORTHWEST HWY","1611",,,,,,,"2","NO INDICATION OF INJURY","0","0","0","0","0","2","0","18","7","5","41.9971820411","-87.8069080344","POINT (-87.806908034387 41.997182041058)"
"aaaa19888bfde59d2740e0fd6ce2f1798b2d347eeb29e24742658bb8ae71537f3292cebdb2c644ed7ef86656cda99feb37ce0d749e17dd74cc232c131c2ec411",,"2025-05-17T18:55:00.000","30","TRAFFIC SIGNAL","UNKNOWN","CLEAR","DAYLIGHT","REAR END","DIVIDED - W/MEDIAN (NOT RAISED)",,"STRAIGHT AND LEVEL","DRY","UNKNOWN","NOT ON SCENE (DESK REPORT)","NO INJURY / DRIVE AWAY",,,,"OVER $1,500","2025-05-17T19:00:00.000","FOLLOWING TOO CLOSELY","NOT APPLICABLE","1011","N","HOMAN AVE","1121",,,,,,,"2","NO INDICATION OF INJURY","0","0","0","0","0","2","0","18","7","5","41.8994649005","-87.7114204041","POINT (-87.71142040406 41.899464900492)"
"9addef18e55661a604ce50b80655a932c086c07aaf6658ef3ac2a11699d6299230ff40ebe09c3b3e8d76233b1081760fb9ad07a9c2e9bd9d5fa63bf25f5dbd3a",,"2025-05-17T18:50:00.000","15","NO CONTROLS","NO CONTROLS","CLEAR","DAYLIGHT","ANGLE","ALLEY",,"STRAIGHT AND LEVEL","UNKNOWN","UNKNOWN","NOT ON SCENE (DESK REPORT)","NO INJURY / DRIVE AWAY",,,,"OVER $1,500","2025-05-17T20:10:00.000","DRIVING SKILLS/KNOWLEDGE/EXPERIENCE","NOT APPLICABLE","6212","S","SACRAMENTO AVE","823",,,,,,,"2","NO INDICATION OF INJURY","0","0","0","0","0","4","0","18","7","5","41.7804317352","-87.6984511272","POINT (-87.698451127218 41.780431735227)"
"4a57d933a172a1eb6ebb6468b7979292c087c55a80f2f68d36c1e1ba48d1b6388e4b5628fbd47c63793718e7cfdd3d5748cb0a286aa51eaf06f1dc8283f2b9e5",,"2025-05-17T18:45:00.000","30","TRAFFIC SIGNAL","FUNCTIONING PROPERLY","CLEAR","DAYLIGHT","REAR END","FOUR WAY",,"STRAIGHT AND LEVEL","DRY","NO DEFECTS","NOT ON SCENE (DESK REPORT)","NO INJURY / DRIVE AWAY","Y",,,"OVER $1,500","2025-05-17T21:15:00.000","FOLLOWING TOO CLOSELY","UNABLE TO DETERMINE","7201","W","HIGGINS AVE","1613",,,,,,,"2","NO INDICATION OF INJURY","0","0","0","0","0","3","0","18","7","5","41.9810276319","-87.8070807623","POINT (-87.807080762271 41.981027631859)"
"c6b66a9c960aa111819326ff3c0ee811d98a519ec2452f532e91cc99364b1a577528bce2c3575f57c91653552bee3da19f9b6115725e2e9b593c76d337a17d81",,"2025-05-17T18:45:00.000","30","NO CONTROLS","NO CONTROLS","CLEAR","DAYLIGHT","REAR END","PARKING LOT",,"STRAIGHT AND LEVEL","DRY","NO DEFECTS","NOT ON SCENE (DESK REPORT)","NO INJURY / DRIVE AWAY",,,,"OVER $1,500","2025-05-17T19:06:00.000","FOLLOWING TOO CLOSELY","FOLLOWING TOO CLOSELY","2000","N","CLYBOURN AVE","1811",,,,,,,"2","NO INDICATION OF INJURY","0","0","0","0","0","4","0","18","7","5","41.9175817916","-87.6590228977","POINT (-87.659022897666 41.917581791564)"
"703ef630e4c3ba86e693935104beb30946574a85b377ce5e7db0a3a787c36511f3de7de266ce64ac7391ad5af288f561b359eb8fe90423d709688657be9d20bb",,"2025-05-17T18:40:00.000","10","NO CONTROLS","NO CONTROLS","CLEAR","DUSK","PARKED MOTOR VEHICLE","PARKING LOT",,"STRAIGHT AND LEVEL","DRY","NO DEFECTS","NOT ON SCENE (DESK REPORT)","NO INJURY / DRIVE AWAY",,,,"OVER $1,500","2025-05-17T19:30:00.000","IMPROPER LANE USAGE","UNABLE TO DETERMINE","4100","N","LONG AVE","1624",,,,,,,"2","NO INDICATION OF INJURY","0","0","0","0","0","1","0","18","7","5","41.9551078677","-87.7622845814","POINT (-87.762284581398 41.955107867673)"
"48d455b1faeb4142cb41ebc3f36505b35987ac34991c0c33f68031ad1ec7b97d9447732b5160449013ffd123f46d130213254b13845c70153c2b612ba5ee56a1",,"2025-05-17T18:30:00.000","30","TRAFFIC SIGNAL","FUNCTIONING PROPERLY","CLEAR","DAYLIGHT","REAR TO FRONT","NOT DIVIDED",,"STRAIGHT AND LEVEL","DRY","UNKNOWN","NOT ON SCENE (DESK REPORT)","NO INJURY / DRIVE AWAY",,,"Y","OVER $1,500","2025-05-18T14:30:00.000","UNABLE TO DETERMINE","UNABLE TO DETERMINE","3631","W","LAKE ST","1122",,,,,,,"2","NO INDICATION OF INJURY","0","0","0","0","0","3","0","18","7","5","41.8848799673","-87.7172568183","POINT (-87.717256818294 41.88487996729)"
"8c39d71ed69ec7a6765fe6f2c33adbcc853adec2eb4808a89ff2194b2fa194c42d3f9fdaa95652e74c042b5818e063540f2eedb84f861454ac475422623165ca",,"2025-05-17T18:30:00.000","30","NO CONTROLS","NO CONTROLS","CLEAR","DAYLIGHT","SIDESWIPE SAME DIRECTION","NOT DIVIDED",,"STRAIGHT AND LEVEL","DRY","NO DEFECTS","NOT ON SCENE (DESK REPORT)","NO INJURY / DRIVE AWAY",,,"Y","$500 OR LESS","2025-05-17T19:15:00.000","IMPROPER OVERTAKING/PASSING","UNABLE TO DETERMINE","9401","S","JEFFERY AVE","413",,,,,,,"2","NO INDICATION OF INJURY","0","0","0","0","0","2","0","18","7","5","41.7242458508","-87.5752540437","POINT (-87.575254043732 41.724245850836)"