"crash_record_id","crash_date_est_i","crash_date","posted_speed_limit","traffic_control_device","device_condition","weather_condition","lighting_condition","first_crash_type","trafficway_type","lane_cnt","alignment","roadway_surface_cond","road_defect","report_type","crash_type","intersection_related_i","private_property_i","hit_and_run_i","damage","date_police_notified","prim_contributory_cause","sec_contributory_cause","street_no","street_direction","street_name","beat_of_occurrence","photos_taken_i","statements_taken_i","dooring_i","work_zone_i","work_zone_type","workers_present_i","num_units","most_severe_injury","injuries_total","injuries_fatal","injuries_incapacitating","injuries_non_incapacitating","injuries_reported_not_evident","injuries_no_indication","injuries_unknown","crash_hour","crash_day_of_week","crash_month","latitude","longitude","location"
"ca41c4b957596635ddecaf108c8d89496c5fc53b6ab3decab3401c648f145a9e98df80772c585b51df6d2b8123fcb311b3773a72db3d3adde8c59bbf77a07853",,"2025-05-17T18:30:00.000","20","NO CONTROLS","NO CONTROLS","CLEAR","DAYLIGHT","PARKED MOTOR VEHICLE","ALLEY",,"STRAIGHT AND LEVEL","DRY","UNKNOWN","ON SCENE","NO INJURY / DRIVE AWAY",,,,"OVER $1,500","2025-05-17T18:33:00.000","UNABLE TO DETERMINE","UNABLE TO DETERMINE","5511","W","JACKSON BLVD","1522",,,,,,,"2","NO INDICATION OF INJURY","0","0","0","0","0","2","0","18","7","5","41.8764566649","-87.7622095064","POINT (-87.762209506375 41.876456664857)"
"e516857e908a3b2f7e315cc640857da3878e8bba3437dd963e611d812ff09c22f50e31564ee5b411312752158f2e7eaffe6a3eee7ffe908f27c7700463e7fc8b",,"2025-05-17T18:30:00.000","30","NO CONTROLS","NO CONTROLS","CLEAR","DARKNESS, LIGHTED ROAD","REAR TO FRONT","ONE-WAY",,"STRAIGHT AND LEVEL","DRY","UNKNOWN","NOT ON SCENE (DESK REPORT)","NO INJURY / DRIVE AWAY",,,"Y","$501 - $1,500","2025-05-17T21:20:00.000","IMPROPER BACKING","IMPROPER BACKING","20","E","OHIO ST","1834",,,,,,,"2","NO INDICATION OF INJURY","0","0","0","0","0","2","0","18","7","5","41.8925935096","-87.6272499785","POINT (-87.627249978491 41.892593509567)"
"9fbb71c0d86e9da740975bb0feb0ddc38f49f64b999a70b20dc34907c069984e570d442c7672966eda47052d147589743e882a35e3bdd219f17abd27a21b45be",,"2025-05-17T18:28:00.000","30","TRAFFIC SIGNAL","FUNCTIONING PROPERLY","CLEAR","DAYLIGHT","TURNING","DIVIDED - W/MEDIAN BARRIER",,"STRAIGHT AND LEVEL","UNKNOWN","UNKNOWN","ON SCENE","INJURY AND / OR TOW DUE TO CRASH",,,,"OVER $1,500","2025-05-17T18:28:00.000","FAILING TO YIELD RIGHT-OF-WAY","UNABLE TO DETERMINE","8200","S","STONY ISLAND AVE","411",,,,,,,"2","NO INDICATION OF INJURY","0","0","0","0","0","3","0","18","7","5","41.7459282584","-87.5859949102","POINT (-87.585994910205 41.745928258449)"
"6e1cda6fd0cd45418d870362eae0f25f316332b91be2aab1377ec05658d5774e250aa773d00622a6eece806f5d5eba621c55a4c89231f5ff9919bdd2afcad509",,"2025-05-17T18:25:00.000","30","NO CONTROLS","NO CONTROLS","CLEAR","DAYLIGHT","ANGLE","DIVIDED - W/MEDIAN (NOT RAISED)",,"STRAIGHT AND LEVEL","DRY","NO DEFECTS","ON SCENE","INJURY AND / OR TOW DUE TO CRASH",,,,"OVER $1,500","2025-05-17T18:35:00.000","FAILING TO YIELD RIGHT-OF-WAY","FAILING TO YIELD RIGHT-OF-WAY","6258","S","NARRAGANSETT AVE","812",,,,,,,"2","NO INDICATION OF INJURY","0","0","0","0","0","2","0","18","7","5","41.777764765","-87.7814150439","POINT (-87.781415043898 41.777764764972)"
"58f873b331addcc2278f3ff1baa0f41388853ab6aaf664fcf2bf004920397f91f764900daa0c78cb3ddf925937418dc0be032943ddc53c8d39d5d0d406d2f5e7",,"2025-05-17T18:21:00.000","30","NO CONTROLS","NO CONTROLS","CLOUDY/OVERCAST","DAYLIGHT","REAR TO REAR","NOT DIVIDED",,"STRAIGHT AND LEVEL","DRY","NO DEFECTS","NOT ON SCENE (DESK REPORT)","NO INJURY / DRIVE AWAY",,,"Y","OVER $1,500","2025-05-17T19:30:00.000","IMPROPER BACKING","UNABLE TO DETERMINE","4020","W","BELMONT AVE","1731",,,,,,,"2","NO INDICATION OF INJURY","0","0","0","0","0","4","0","18","7","5","41.9391929975","-87.7280743122","POINT (-87.728074312177 41.939192997469)"
"f4adbcb45d09d685f689fd3c0f1b71b5ec652a4765dfe16f7d03ea205804441b9123accef5a24f507da70ad7d24f381cce5818f2b91d121050b9e14dd4215ee6",,"2025-05-17T18:21:00.000","30","TRAFFIC SIGNAL","FUNCTIONING PROPERLY","CLEAR","DAYLIGHT","SIDESWIPE SAME DIRECTION","FOUR WAY",,"STRAIGHT AND LEVEL","DRY","NO DEFECTS","ON SCENE","NO INJURY / DRIVE AWAY",,,,"OVER $1,500","2025-05-17T18:21:00.000","RELATED TO BUS STOP","RELATED TO BUS STOP","1544","W","CHICAGO AVE","1213",,,,,,,"2","NO INDICATION OF INJURY","0","0","0","0","0","2","0","18","7","5","41.8961932277","-87.6666972682","POINT (-87.666697268184 41.896193227718)"
"681a7494227860e2df27f5765c007c68efe0c99c0323dc1dafc058a54de1e082117be7d2f06e1f3a588dd42434012334dc61904adf19c03b994e971579e4a91a",,"2025-05-17T18:16:00.000","30","NO CONTROLS","NO CONTROLS","CLEAR","DAYLIGHT","SIDESWIPE SAME DIRECTION","NOT DIVIDED",,"STRAIGHT AND LEVEL","DRY","NO DEFECTS","ON SCENE","INJURY AND / OR TOW DUE TO CRASH",,,,"OVER $1,500","2025-05-17T18:28:00.000","UNABLE TO DETERMINE","UNABLE TO DETERMINE","210","W","NORTH AVE","1814",,,,,,,"2","NO INDICATION OF INJURY","0","0","0","0","0","2","0","18","7","5","41.9112696208","-87.6351678448","POINT (-87.635167844822 41.911269620782)"
"4f07c7402557036e1d60bf07bac7ed5e33810c4b339f348ddaca25056d28a156350c137a0abf76629b07af8f0b00448b3ce0899209faa01c0863d2ccfddab099",,"2025-05-17T18:15:00.000","10","NO CONTROLS","NO CONTROLS","CLEAR","DAYLIGHT","REAR TO SIDE","PARKING LOT",,"STRAIGHT AND LEVEL","DRY","NO DEFECTS","NOT ON SCENE (DESK REPORT)","NO INJURY / DRIVE AWAY",,,,"OVER $1,500","2025-05-17T19:00:00.000","DRIVING SKILLS/KNOWLEDGE/EXPERIENCE","NOT APPLICABLE","7068","S","SOUTH CHICAGO AVE","322",,,,,,,"2","NO INDICATION OF INJURY","0","0","0","0","0","2","0","18","7","5","41.7665013743","-87.6066709895","POINT (-87.606670989463 41.766501374296)"
"7f178c686b5c93e484aa8d7bfe2a2ca5d70dd2f91fe59b1e9e0a774fbd78997e5349dcbbe80f8666d1871f7ff95e59483c4ea5dadc9b772257c35fcdb5ed25a9","Y","2025-05-17T18:10:00.000","30","NO CONTROLS","NO CONTROLS","CLEAR","DAYLIGHT","REAR END","NOT DIVIDED",,"STRAIGHT AND LEVEL","DRY","UNKNOWN","NOT ON SCENE (DESK REPORT)","NO INJURY / DRIVE AWAY",,,"Y","OVER $1,500","2025-05-17T18:30:00.000","FOLLOWING TOO CLOSELY","NOT APPLICABLE","2300","W","ADDISON ST","1921",,,,,,,"2","NO INDICATION OF INJURY","0","0","0","0","0","2","0","18","7","5","41.94687635","-87.6858948917","POINT (-87.685894891727 41.946876349987)"
"94a99f5d920aa5d472b222ea899267cdcc5dd0c87313a698a5be40859c955e4a419941ac1350070aab71e3b70e5cfe191a4fd9939e7cd6ef4a4894f768f12327",,"2025-05-17T18:08:00.000","30","TRAFFIC SIGNAL","UNKNOWN","CLEAR","DAYLIGHT","REAR END","FOUR WAY",,"STRAIGHT AND LEVEL","DRY","UNKNOWN","ON SCENE","INJURY AND / OR TOW DUE TO CRASH","Y",,"Y","OVER $1,500","2025-05-17T18:08:00.000","UNABLE TO DETERMINE","NOT APPLICABLE","2101","S","ASHLAND AVE","1235",,,,,,,"3","NONINCAPACITATING INJURY","2","0","0","1","1","6","0","18","7","5","41.854120263","-87.665902343","POINT (-87.665902342962 41.854120262952)"
"b2daa79e8c4cea0d05b0f082570bb9839bdd1fb632e79797e1e52aaf324a3e5c154bd99daf085a838f80c5a5cb0106849197ee17c1210f6d084d8edb64d0ce6e",,"2025-05-17T18:00:00.000","30","NO CONTROLS","NO CONTROLS","CLOUDY/OVERCAST","DAYLIGHT","PARKED MOTOR VEHICLE","NOT DIVIDED",,"STRAIGHT AND LEVEL","DRY","NO DEFECTS","NOT ON SCENE (DESK REPORT)","NO INJURY / DRIVE AWAY",,,"Y","OVER $1,500","2025-05-17T18:30:00.000","UNABLE TO DETERMINE","UNABLE TO DETERMINE","4346","N","KIMBALL AVE","1723",,,,,,,"2","NO INDICATION OF INJURY","0","0","0","0","0","1","0","18","7","5","41.9607313565","-87.7132761336","POINT (-87.713276133567 41.960731356474)"
"a722ba676317d81bbb7a75f8f9ab1f0d363b38c224660e5d80dfbf4e71fcea2db215f5a24b7ab7ac8dbe3f8d455185efcdc97b372c580f88375a9b1da551d32d",,"2025-05-17T17:56:00.000","30","TRAFFIC SIGNAL","FUNCTIONING PROPERLY","CLEAR","DAYLIGHT","ANGLE","FOUR WAY",,"STRAIGHT AND LEVEL","DRY","NO DEFECTS","NOT ON SCENE (DESK REPORT)","INJURY AND / OR TOW DUE TO CRASH","Y",,,"OVER $1,500","2025-05-17T17:56:00.000","FAILING TO YIELD RIGHT-OF-WAY","NOT APPLICABLE","1916","N","ELSTON AVE","1433",,,,,,,"2","NO INDICATION OF INJURY","0","0","0","0","0","5","0","17","7","5","41.9168895249","-87.6669047824","POINT (-87.666904782402 41.916889524916)"
"393b8005b8de7d6ca2b2961bec4ecad4a91aaba3dfcfb29f8435366f92a01ff10c62dd93e5782c4c86ced02efdfa253cd2b938ba1c22324e14d0afe4fdfa136a",,"2025-05-17T17:50:00.000","20","STOP SIGN/FLASHER","FUNCTIONING PROPERLY","CLEAR","DARKNESS, LIGHTED ROAD","PARKED MOTOR VEHICLE","NOT DIVIDED",,"STRAIGHT AND LEVEL","DRY","NO DEFECTS","NOT ON SCENE (DESK REPORT)","INJURY AND / OR TOW DUE TO CRASH",,,"Y","OVER $1,500","2025-05-17T21:40:00.000","UNABLE TO DETERMINE","UNABLE TO DETERMINE","7505","S","WOLCOTT AVE","611",,,,,,,"2","NO INDICATION OF INJURY","0","0","0","0","0","1","0","17","7","5","41.7572439468","-87.6707554196","POINT (-87.670755419636 41.757243946801)"
"7e6fc2444d85ceada2bff8feaf0f967ae8887d728cdf21325d991bd048123058c4889dd4317e42cb6310c4cbd2c30fa2492e56a35476b6191273292cbb2a6bf9",,"2025-05-17T17:49:00.000","15","NO CONTROLS","NO CONTROLS","CLEAR","DAYLIGHT","PARKED MOTOR VEHICLE","NOT DIVIDED",,"STRAIGHT AND LEVEL","DRY","NO DEFECTS","ON SCENE","NO INJURY / DRIVE AWAY",,,,"OVER $1,500","2025-05-17T17:49:00.000","DISTRACTION - FROM INSIDE VEHICLE","DISTRACTION - FROM INSIDE VEHICLE","3101","N","MARMORA AVE","2514",,,,,,,"2","NO INDICATION OF INJURY","0","0","0","0","0","1","0","17","7","5","41.9367478951","-87.7735800375","POINT (-87.773580037517 41.936747895112)"
"82a5aa0a09bbb7b78c17bc35ac5fd9c628b896d654b1b4ad207f415cf561382c29ff5fa66de6aa978fd724b75c9e9eeee21b2be4c094ee989a4bf9059a72e4b8",,"2025-05-17T17:40:00.000","30","NO CONTROLS","NO CONTROLS","CLEAR","DAYLIGHT","PARKED MOTOR VEHICLE","FOUR WAY",,"STRAIGHT AND LEVEL","DRY","NO DEFECTS","ON SCENE","INJURY AND / OR TOW DUE TO CRASH",,,,"OVER $1,500","2025-05-17T17:50:00.000","PHYSICAL CONDITION OF DRIVER","NOT APPLICABLE","1304","W","95TH ST","2222",,,,,,,"4","REPORTED, NOT EVIDENT","1","0","0","0","1","1","0","17","7","5","41.7214155096","-87.6556141764","POINT (-87.655614176442 41.721415509614)"
"dd75c702be7e63c0507c066e874c49a90f3dfa4b41fb897b649c2d6fcaced26acb6e2c770103e5401d8751de447ed4cedce8d3e4d2afd3dd3178ef867d40a79e",,"2025-05-17T17:39:00.000","40","TRAFFIC SIGNAL","FUNCTIONING PROPERLY","CLEAR","DAYLIGHT","TURNING","FOUR WAY",,"STRAIGHT AND LEVEL","DRY","NO DEFECTS","NOT ON SCENE (DESK REPORT)","NO INJURY / DRIVE AWAY",,,"Y","OVER $1,500","2025-05-18T00:14:00.000","IMPROPER LANE USAGE","IMPROPER OVERTAKING/PASSING","1233","S","COLUMBUS DR","132",,,,,,,"2","NO INDICATION OF INJURY","0","0","0","0","0","2","0","17","7","5","41.8666014385","-87.6198856765","POINT (-87.619885676546 41.866601438502)"
"b6360b4496f4e2211082f770752dbc9e0ce0408db1aca79b2436ff1980592b2d70ae6421bc9b35d40de9b9d0f102dac419930c210427fad08fb8ea6af5122b2e",,"2025-05-17T17:35:00.000","30","TRAFFIC SIGNAL","FUNCTIONING PROPERLY","CLEAR","DAYLIGHT","REAR END","FOUR WAY",,"STRAIGHT AND LEVEL","DRY","NO DEFECTS","ON SCENE","INJURY AND / OR TOW DUE TO CRASH","Y",,,"OVER $1,500","2025-05-17T17:41:00.000","FOLLOWING TOO CLOSELY","NOT APPLICABLE","1201","S","STATE ST","131",,,,,,,"2","NONINCAPACITATING INJURY","1","0","0","1","0","2","0","17","7","5","41.8673295381","-87.627272324","POINT (-87.627272324042 41.867329538146)"
"760603b8496b4208ca8682edcf0774e737e651b018f5f0b8204b6511e46f4372fadef8ebd7ecee61630cc437b387b9d8878d968bf56b9810f4336ac39288fd07",,"2025-05-17T17:30:00.000","30","TRAFFIC SIGNAL","FUNCTIONING PROPERLY","CLEAR","DAYLIGHT","REAR END","DIVIDED - W/MEDIAN (NOT RAISED)",,"STRAIGHT AND LEVEL","DRY","NO DEFECTS","NOT ON SCENE (DESK REPORT)","NO INJURY / DRIVE AWAY","Y",,,"OVER $1,500","2025-05-17T18:20:00.000","FOLLOWING TOO CLOSELY","UNABLE TO DETERMINE","3936","N","ELSTON AVE","1732",,,,,,,"3","NO INDICATION OF INJURY","0","0","0","0","0","3","0","17","7","5","41.9525925147","-87.7177611973","POINT (-87.717761197328 41.952592514677)"
"ed95d39212268f40b5a34ff325a050ce11333ac69323e2e95043358bf955b521a87c8a152d9c0d5c3f1fe797522ea3d9b8f27dd5c30d391117e0250ccf9e2088",,"2025-05-17T17:30:00.000","30","NO CONTROLS","NO CONTROLS","CLEAR","DAYLIGHT","HEAD ON","NOT DIVIDED",,"STRAIGHT AND LEVEL","DRY","UNKNOWN","NOT ON SCENE (DESK REPORT)","INJURY AND / OR TOW DUE TO CRASH",,,"Y","OVER $1,500","2025-05-17T18:00:00.000","FAILING TO YIELD RIGHT-OF-WAY","NOT APPLICABLE","710","N","CENTRAL AVE","1511",,,,,,,"2","REPORTED, NOT EVIDENT","1","0","0","0","1","2","0","17","7","5","41.8933080744","-87.7654821402","POINT (-87.765482140152 41.893308074447)"
"764e4133933d54bc396be4b679f643eb41eddb4493fc2c13e02fe226584b1613e98e12eb4726c323e4dfdb2fa829b1a7b95332dab4bac29760df5fbd2ddc253f",,"2025-05-17T17:20:00.000","20","NO CONTROLS","NO CONTROLS","CLEAR","DAYLIGHT","SIDESWIPE SAME DIRECTION","ONE-WAY",,"STRAIGHT AND LEVEL","DRY","NO DEFECTS","ON SCENE","NO INJURY / DRIVE AWAY",,,,"OVER $1,500","2025-05-17T17:21:00.000","UNABLE TO DETERMINE","FAILING TO YIELD RIGHT-OF-WAY","5032","W","FLETCHER ST","2521",,,,,,,"2","NO INDICATION OF INJURY","0","0","0","0","0","2","0","17","7","5","41.9379446238","-87.7530989902","POINT (-87.75309899016 41.937944623766)"
"c8170a1dcfb65fd4e1c126598810f5d63fad2463869d6c99bd63a72bc763962efad1b2ae8e57d97cd62667cd94fbe30d5fe63ae9fdf2607482596c46d862014b",,"2025-05-17T17:20:00.000","30","NO CONTROLS","NO CONTROLS","CLEAR","DAYLIGHT","PARKED MOTOR VEHICLE","NOT DIVIDED",,"STRAIGHT AND LEVEL","DRY","NO DEFECTS","ON SCENE","NO INJURY / DRIVE AWAY",,,,"$501 - $1,500","2025-05-17T17:22:00.000","IMPROPER BACKING","UNABLE TO DETERMINE","941","W","68TH ST","723",,,,,,,"2","NO INDICATION OF INJURY","0","0","0","0","0","1","0","17","7","5","41.7704846519","-87.6485823192","POINT (-87.648582319188 41.770484651943)"
"c8fda5898d0f0d56ed5da773b6472000c02cccd533b4afbf2e0f439e13cdf90ca31b4a596059a36d20970daf153372853e9091f7b347bcf8d15f8f3ac38caa40",,"2025-05-17T17:20:00.000","30","TRAFFIC SIGNAL","FUNCTIONING PROPERLY","CLEAR","DAYLIGHT","SIDESWIPE SAME DIRECTION","FOUR WAY",,"STRAIGHT AND LEVEL","DRY","NO DEFECTS","ON SCENE","NO INJURY / DRIVE AWAY",,,"Y","$500 OR LESS","2025-05-17T18:00:00.000","IMPROPER OVERTAKING/PASSING","NOT APPLICABLE","24","W","87TH ST","622",,,,,,,"2","NO INDICATION OF INJURY","0","0","0","0","0","2","0","17","7","5","41.7363811718","-87.625426497","POINT (-87.625426497041 41.736381171795)"
"cd2c5e79bf8e5ce266e3e0820b63390bc9841e1b55b60e3633b8d5d3fdc07a10547811cb317b924a1ff804e101f1d909212c1a51ad22829d0f752eed8238830b",,"2025-05-17T17:16:00.000","25","NO CONTROLS","NO CONTROLS","CLEAR","DAYLIGHT","SIDESWIPE SAME DIRECTION","NOT DIVIDED",,"STRAIGHT AND LEVEL","DRY","NO DEFECTS","NOT ON SCENE (DESK REPORT)","NO INJURY / DRIVE AWAY",,,,"$501 - $1,500","2025-05-17T18:56:00.000","NOT APPLICABLE","NOT APPLICABLE","300","N","SACRAMENTO BLVD","1222",,,,,,,"2","NO INDICATION OF INJURY","0","0","0","0","0","2","0","17","7","5","41.8865332539","-87.7015079318","POINT (-87.701507931769 41.886533253902)"
"2ecd5fb5888dfe0499be7a8620e699114b9911e621f6ef34204cd860e27bcc55bf74d92f689998c920a692a2c0e02823b565877ebbf28735e32deb9e2ddacae8",,"2025-05-17T17:15:00.000","30","TRAFFIC SIGNAL","FUNCTIONING PROPERLY","CLEAR","DAYLIGHT","TURNING","FOUR WAY",,"STRAIGHT AND LEVEL","DRY","NO DEFECTS","NOT ON SCENE (DESK REPORT)","NO INJURY / DRIVE AWAY",,,,"$501 - $1,500","2025-05-17T21:00:00.000","FAILING TO YIELD RIGHT-OF-WAY","IMPROPER TURNING/NO SIGNAL","926","N","CLARK ST","1832",,,,,,,"2","NO INDICATION OF INJURY","0","0","0","0","0","3","0","17","7","5","41.8994918028","-87.6314685007","POINT (-87.631468500693 41.899491802795)"
"5ab95edacee71eed58c8e48a8d23e2667743335046a40d9b8d7a09d3d3c7209f5cfc578b1dad65237a3a6a3bbaa579b5eb237af72604c175fa7ad545a9c459f4",,"2025-05-17T17:15:00.000","30","STOP SIGN/FLASHER","FUNCTIONING PROPERLY","CLEAR","DAYLIGHT","REAR END","FOUR WAY",,"STRAIGHT AND LEVEL","DRY","UNKNOWN","NOT ON SCENE (DESK REPORT)","INJURY AND / OR TOW DUE TO CRASH","Y",,,"OVER $1,500","2025-05-18T14:30:00.000","FAILING TO REDUCE SPEED TO AVOID CRASH","NOT APPLICABLE","1111","N","LARAMIE AVE","1531",,,,,,,"2","REPORTED, NOT EVIDENT","2","0","0","0","2","1","0","17","7","5","41.9007949485","-87.7555944847","POINT (-87.755594484718 41.900794948534)"
"e21f7e804ba2669970ac02675a6a6d5a3c2611adecc160ac002372b8878a5715946fd4d97ae3fdd11070d0d6f7e1a8f48edfe6ee04b6c42f2f1013fd18772eea",,"2025-05-17T17:15:00.000","30","NO CONTROLS","NO CONTROLS","UNKNOWN","UNKNOWN","SIDESWIPE SAME DIRECTION","PARKING LOT",,"STRAIGHT AND LEVEL","UNKNOWN","UNKNOWN","NOT ON SCENE (DESK REPORT)","NO INJURY / DRIVE AWAY",,,,"OVER $1,500","2025-05-17T17:43:00.000","UNABLE TO DETERMINE","UNABLE TO DETERMINE","101","N","HAMLIN BLVD","1122",,,,,,,"2","NO INDICATION OF INJURY","0","0","0","0","0","5","0","17","7","5","41.8819546175","-87.7206751142","POINT (-87.720675114209 41.881954617507)"
"a0971a6c3ca3c5b162c2e9871ae9f778695a5d5bf5a12a3437f2e26339919430fcc2bd7d639dd9ccbcfaf5405ec9b598dbe85e64e57ffb1648b65ecd9937fa94",,"2025-05-17T17:10:00.000","30","TRAFFIC SIGNAL","FUNCTIONING PROPERLY","CLEAR","DAYLIGHT","SIDESWIPE SAME DIRECTION","NOT DIVIDED",,"STRAIGHT AND LEVEL","DRY","NO DEFECTS","NOT ON SCENE (DESK REPORT)","NO INJURY / DRIVE AWAY","Y",,,"OVER $1,500","2025-05-19T13:10:00.000","FOLLOWING TOO CLOSELY","NOT APPLICABLE","1545","N","WESTERN AVE","1424",,,,,,,"2","NO INDICATION OF INJURY","0","0","0","0","0","2","0","17","7","5","41.9098342288","-87.6870601311","POINT (-87.687060131143 41.909834228816)"
"313bf76d105623b15cadaba57feb55db173c9a770c1dc90d948607afb56de6d8e33d5022312af3d034e1d44d4361d6d63381fe073d464ba08fdd8260fb6f6aeb",,"2025-05-17T17:00:00.000","30","NO CONTROLS","NO CONTROLS","CLEAR","DAYLIGHT","PARKED MOTOR VEHICLE","NOT DIVIDED",,"STRAIGHT AND LEVEL","DRY","NO DEFECTS","NOT ON SCENE (DESK REPORT)","NO INJURY / DRIVE AWAY",,,,"OVER $1,500","2025-05-19T19:15:00.000","UNABLE TO DETERMINE","NOT APPLICABLE","4410","W","WILSON AVE","1722",,,,,,,"2","NO INDICATION OF INJURY","0","0","0","0","0","1","0","17","7","5","41.9645817521","-87.7390365363","POINT (-87.739036536276 41.964581752134)"
"7a034b197d16f558053aa36740732dc3d7c46349ca08c50687f3591d0fdb9da568007b20f0d109b9044e880d187e083ad9ee698fdfc81978f88b79d7ab1a71e5",,"2025-05-17T17:00:00.000","30","NO CONTROLS","NO CONTROLS","CLEAR","DAYLIGHT","PARKED MOTOR VEHICLE","ONE-WAY",,"STRAIGHT AND LEVEL","DRY","NO DEFECTS","NOT ON SCENE (DESK REPORT)","NO INJURY / DRIVE AWAY",,,,"OVER $1,500","2025-05-17T18:15:00.000","UNABLE TO DETERMINE","NOT APPLICABLE","1649","W","BARRY AVE","1931",,,,,,,"2","NO INDICATION OF INJURY","0","0","0","0","0","1","0","17","7","5","41.9377369559","-87.6705261384","POINT (-87.670526138446 41.937736955912)"
"a6716ee53086a2c45f711381b8c6913a41a9d73c2267c07a74dbfb7de8ae018682af0df6038ee27c9da4b52a9161975291d41d16bd89ddfb987e73eeb47be608",,"2025-05-17T17:00:00.000","35","NO CONTROLS","NO CONTROLS","CLEAR","DAYLIGHT","SIDESWIPE SAME DIRECTION","DIVIDED - W/MEDIAN BARRIER",,"CURVE, LEVEL","DRY","NO DEFECTS","ON SCENE","INJURY AND / OR TOW DUE TO CRASH",,,,"OVER $1,500","2025-05-17T17:00:00.000","IMPROPER OVERTAKING/PASSING","IMPROPER OVERTAKING/PASSING","9101","S","LAKE SHORE DR","424",,,,,,,"2","NO INDICATION OF INJURY","0","0","0","0","0","2","0","17","7","5","41.7302543946","-87.5405489464","POINT (-87.540548946363 41.73025439457)"
"bd1be385cee71043f64fdb265c1144714eb2c8ba2a308da908f574e47102e869805c40f61ce728d17ba6c62264e8af053ee11bcb80077bec6fa1c5bba96703a9","Y","2025-05-17T17:00:00.000","30","NO CONTROLS","NO CONTROLS","CLEAR","DAYLIGHT","ANGLE","NOT DIVIDED",,"STRAIGHT AND LEVEL","DRY","UNKNOWN","NOT ON SCENE (DESK REPORT)","INJURY AND / OR TOW DUE TO CRASH",,,,"OVER $1,500","2025-05-17T20:00:00.000","FAILING TO YIELD RIGHT-OF-WAY","NOT APPLICABLE","1737","W","MONTROSE AVE","1912",,,,,,,"2","NO INDICATION OF INJURY","0","0","0","0","0","2","0","17","7","5","41.9614393571","-87.672338286","POINT (-87.672338285996 41.961439357101)"
"c59d4cd1777ef3e626c14997ff35413fa90e2a37f4271cbd39c82c3a20deff6f46d2071a1439e3368a8f4402700ed1bfb202db12bc5c86030c43cad3fc6b57f1",,"2025-05-17T17:00:00.000","30","UNKNOWN","UNKNOWN","CLEAR","DAYLIGHT","SIDESWIPE SAME DIRECTION","NOT DIVIDED",,"STRAIGHT AND LEVEL","UNKNOWN","UNKNOWN","NOT ON SCENE (DESK REPORT)","NO INJURY / DRIVE AWAY",,,,"OVER $1,500","2025-05-17T19:50:00.000","UNABLE TO DETERMINE","UNABLE TO DETERMINE","1675","N","ELSTON AVE","1433",,,,,,,"2","NO INDICATION OF INJURY","0","0","0","0","0","2","0","17","7","5","41.9126028228","-87.6633850644","POINT (-87.663385064441 41.912602822754)"
"284355a9a5b90520e8e44012ecde054a29ce9ee75996f90a804de0973ba4acb501975c2324119669514af845d13148bc35fb10fa39513c1e3cebd4632da6667c",,"2025-05-17T16:53:00.000","30","NO CONTROLS","NO CONTROLS","CLEAR","DAYLIGHT","PARKED MOTOR VEHICLE","ONE-WAY",,"STRAIGHT AND LEVEL","UNKNOWN","UNKNOWN","NOT ON SCENE (DESK REPORT)","NO INJURY / DRIVE AWAY",,,,"OVER $1,500","2025-05-17T17:05:00.000","IMPROPER BACKING","NOT APPLICABLE","3909","W","61ST PL","823",,,,,,,"2","NO INDICATION OF INJURY","0","0","0","0","0","5","0","16","7","5","41.7813073712","-87.7208155116","POINT (-87.720815511591 41.781307371196)"
"05e8f99597e43b1b9fb19900c6f8b62accc7f7e0a9b8343a82ad58f6398edb24cf59fc261cf2eff5c578af4cadd57be47b01903661dc7cb77016fa0d8609a844",,"2025-05-17T16:50:00.000","25","NO CONTROLS","NO CONTROLS","CLEAR","DAYLIGHT","PARKED MOTOR VEHICLE","ONE-WAY",,"STRAIGHT AND LEVEL","DRY","NO DEFECTS","ON SCENE","NO INJURY / DRIVE AWAY",,,"Y","OVER $1,500","2025-05-17T17:00:00.000","UNABLE TO DETERMINE","NOT APPLICABLE","5315","S","SAWYER AVE","822",,,,,,,"2","NO INDICATION OF INJURY","0","0","0","0","0","1","0","16","7","5","41.7966632663","-87.7047240797","POINT (-87.704724079683 41.796663266256)"
"2158f422b20866df1434e5caac41c4f11efc57008e746ece9a664fe975f026a6d0b19b68f2bb7a6b36abe5dcc95e3adccd3c35f3ba1be5784f09932b0936c4eb",,"2025-05-17T16:50:00.000","30","TRAFFIC SIGNAL","FUNCTIONING PROPERLY","CLEAR","DAYLIGHT","PEDALCYCLIST","FOUR WAY",,"STRAIGHT AND LEVEL","DRY","NO DEFECTS","ON SCENE","INJURY AND / OR TOW DUE TO CRASH",,,"Y","$501 - $1,500","2025-05-17T16:51:00.000","FOLLOWING TOO CLOSELY","NOT APPLICABLE","1808","N","CICERO AVE","2533",,,,,,,"2","INCAPACITATING INJURY","1","0","1","0","0","1","0","16","7","5","41.9135707579","-87.7461255649","POINT (-87.746125564925 41.913570757858)"