"crash_record_id","crash_date_est_i","crash_date","posted_speed_limit","traffic_control_device","device_condition","weather_condition","lighting_condition","first_crash_type","trafficway_type","lane_cnt","alignment","roadway_surface_cond","road_defect","report_type","crash_type","intersection_related_i","private_property_i","hit_and_run_i","damage","date_police_notified","prim_contributory_cause","sec_contributory_cause","street_no","street_direction","street_name","beat_of_occurrence","photos_taken_i","statements_taken_i","dooring_i","work_zone_i","work_zone_type","workers_present_i","num_units","most_severe_injury","injuries_total","injuries_fatal","injuries_incapacitating","injuries_non_incapacitating","injuries_reported_not_evident","injuries_no_indication","injuries_unknown","crash_hour","crash_day_of_week","crash_month","latitude","longitude","location"
"95789370182bed4f2cbfadb6e72b0a458dcd5c570f5b7d78b1aeffa214706b97646041a95315c591deee93b333941cdb2cfe8fdd2197c0a23a0680e609edc8d2",,"2025-05-17T16:50:00.000","30","STOP SIGN/FLASHER","FUNCTIONING PROPERLY","CLEAR","DAYLIGHT","ANGLE","FOUR WAY",,"STRAIGHT AND LEVEL","DRY","NO DEFECTS","ON SCENE","INJURY AND / OR TOW DUE TO CRASH","Y",,,"OVER $1,500","2025-05-17T17:00:00.000","NOT APPLICABLE","NOT APPLICABLE","2200","W","GRAND AVE","1221",,,,,,,"3","NO INDICATION OF INJURY","0","0","0","0","0","4","0","16","7","5","41.8908503935","-87.6819293868","POINT (-87.681929386762 41.890850393537)"
"95f72b6f3c37eb6a1c5cb75bf5b70046793373f4405d6926e07b8627f36395586a08daeced3e2fbe73458a5ebfd2ccc959a1a93ab43923f5110c4779d3c25f11",,"2025-05-17T16:45:00.000","30","NO CONTROLS","NO CONTROLS","CLEAR","DAYLIGHT","PARKED MOTOR VEHICLE","DIVIDED - W/MEDIAN (NOT RAISED)",,"STRAIGHT AND LEVEL","DRY","NO DEFECTS","ON SCENE","INJURY AND / OR TOW DUE TO CRASH",,,,"OVER $1,500","2025-05-17T16:45:00.000","DRIVING SKILLS/KNOWLEDGE/EXPERIENCE","UNABLE TO DETERMINE","6015","W","IRVING PARK RD","1633",,,,,,,"2","NONINCAPACITATING INJURY","1","0","0","1","0","1","0","16","7","5","41.952931826","-87.7773852189","POINT (-87.777385218902 41.952931826046)"
"a438741b4546fa301093ff91e47421a9a5f24a0abd2897bbfc25ec43b280286fd9aff175ea342e8137208a9831cb9c7d25404a12202926a317a1264eb73d6ffa",,"2025-05-17T16:45:00.000","25","NO CONTROLS","NO CONTROLS","CLEAR","DAYLIGHT","PARKED MOTOR VEHICLE","ONE-WAY",,"STRAIGHT AND LEVEL","DRY","NO DEFECTS","NOT ON SCENE (DESK REPORT)","NO INJURY / DRIVE AWAY",,,,"OVER $1,500","2025-05-17T17:10:00.000","UNABLE TO DETERMINE","UNABLE TO DETERMINE","5025","N","KILDARE AVE","1712",,,,,,,"2","NO INDICATION OF INJURY","0","0","0","0","0","2","0","16","7","5","41.972576062","-87.7354075326","POINT (-87.735407532625 41.972576062037)"
"d456d8f43e21961a514b1e172cb9ce0bbe5355866c1bdc46d26be4bb704d4441f898c7515c378d19cffc365c29c3baab10e0c177ef0099191fc7062c0f6499d5",,"2025-05-17T16:45:00.000","30","STOP SIGN/FLASHER","FUNCTIONING PROPERLY","CLEAR","DAYLIGHT","SIDESWIPE SAME DIRECTION","NOT DIVIDED",,"STRAIGHT AND LEVEL","DRY","NO DEFECTS","NOT ON SCENE (DESK REPORT)","NO INJURY / DRIVE AWAY","Y",,,"OVER $1,500","2025-05-17T17:45:00.000","IMPROPER LANE USAGE","NOT APPLICABLE","4350","W","LELAND AVE","1722",,,,,,,"2","NO INDICATION OF INJURY","0","0","0","0","0","2","0","16","7","5","41.9665056663","-87.7374788371","POINT (-87.737478837131 41.966505666274)"
"66fd4dc8d03f158fecd20012efb0d7baa0c8d5be976d2814e9f2bd5174a924eb8cd296e903b5b1570a0b9b28cc1fc6cae47fbbc6f6711c5ba5586ced6dcfdfd3","Y","2025-05-17T16:40:00.000","20","TRAFFIC SIGNAL","FUNCTIONING PROPERLY","CLEAR","DAYLIGHT","TURNING","NOT DIVIDED",,"STRAIGHT AND LEVEL","DRY","NO DEFECTS","ON SCENE","NO INJURY / DRIVE AWAY",,,"Y","$500 OR LESS","2025-05-17T16:48:00.000","IMPROPER OVERTAKING/PASSING","NOT APPLICABLE","1600","W","87TH ST","614",,,,,,,"2","NO INDICATION OF INJURY","0","0","0","0","0","3","0","16","7","5","41.7358986171","-87.6631287809","POINT (-87.663128780901 41.735898617066)"
"80dc679c58dd25d5c26fecb5f9412ab7e2dc6e3186de8ef34d70f7a1d9b14a8ee224d1b7c81d54133e65d9b3c5485d1b7f9700bf2cc83aab7b4d55e8e613759e",,"2025-05-17T16:40:00.000","30","OTHER RAILROAD CROSSING","OTHER","CLEAR","DAYLIGHT","REAR END","NOT DIVIDED",,"STRAIGHT AND LEVEL","DRY","NO DEFECTS","NOT ON SCENE (DESK REPORT)","NO INJURY / DRIVE AWAY",,,,"OVER $1,500","2025-05-19T13:45:00.000","FOLLOWING TOO CLOSELY","NOT APPLICABLE","5300","S","ARCHER AVE","815",,,,,,,"2","NO INDICATION OF INJURY","0","0","0","0","0","2","0","16","7","5","41.7993634832","-87.7393492439","POINT (-87.739349243882 41.799363483204)"
"2d9396a96936a846b103752dbdf8c18dcc75efc13a7853e4ad0827f6557ec624bdf55b34c52031d520b0e8656ba056668d2be80069cbef58880674fa70d1da95",,"2025-05-17T16:39:00.000","30","NO CONTROLS","NO CONTROLS","CLEAR","DAYLIGHT","TURNING","FIVE POINT, OR MORE",,"STRAIGHT AND LEVEL","DRY","NO DEFECTS","ON SCENE","INJURY AND / OR TOW DUE TO CRASH","Y",,,"OVER $1,500","2025-05-17T17:34:00.000","UNABLE TO DETERMINE","NOT APPLICABLE","2881","N","ELSTON AVE","1411",,,,,,,"2","NO INDICATION OF INJURY","0","0","0","0","0","2","0","16","7","5","41.9339105376","-87.6900956194","POINT (-87.690095619444 41.93391053762)"
"47e78d90c7e5a12b1c700c331daf64e455e3fe0e0f16a83eab0b777cdf32a05b086a7670f54c0be80f036f1ded188baad2991c897c671af17374b3f8a6b30bfc",,"2025-05-17T16:35:00.000","30","NO CONTROLS","NO CONTROLS","CLEAR","DAYLIGHT","SIDESWIPE OPPOSITE DIRECTION","NOT DIVIDED",,"STRAIGHT AND LEVEL","DRY","NO DEFECTS","NOT ON SCENE (DESK REPORT)","NO INJURY / DRIVE AWAY",,,,"$500 OR LESS","2025-05-17T21:55:00.000","UNABLE TO DETERMINE","NOT APPLICABLE","1343","W","HENDERSON ST","1924",,,,,,,"2","NO INDICATION OF INJURY","0","0","0","0","0","2","0","16","7","5","41.9424031917","-87.66316725","POINT (-87.66316725002 41.942403191696)"
"e0a857d16efd41d37f3a8326f2e8e7ec9c1b55c8bd2afefaaf1c5e8a51d4a9d2ff5ceee06eaa34dd6ac1c993399193fc9adfd00db6dc3a6ba6d64199f5ac35d5",,"2025-05-17T16:35:00.000","30","TRAFFIC SIGNAL","FUNCTIONING PROPERLY","CLEAR","DAYLIGHT","SIDESWIPE SAME DIRECTION","NOT DIVIDED",,"STRAIGHT AND LEVEL","DRY","NO DEFECTS","ON SCENE","NO INJURY / DRIVE AWAY","N",,,"OVER $1,500","2025-05-17T16:40:00.000","IMPROPER OVERTAKING/PASSING","FAILING TO YIELD RIGHT-OF-WAY","7600","S","ASHLAND AVE","611",,,,,,,"2","NO INDICATION OF INJURY","0","0","0","0","0","3","0","16","7","5","41.7557194408","-87.6637177842","POINT (-87.663717784195 41.755719440847)"
"282026d9011c86e5aadea18ca605bdd05f867c124816e431c283e357902c91f1987970fe8ceef613d4891a7267bb42524933a85e6f9872f6105a973c6197dc6d",,"2025-05-17T16:30:00.000","30","TRAFFIC SIGNAL","FUNCTIONING PROPERLY","CLEAR","DAYLIGHT","ANGLE","NOT DIVIDED",,"STRAIGHT AND LEVEL","DRY","NO DEFECTS","ON SCENE","INJURY AND / OR TOW DUE TO CRASH","Y",,,"OVER $1,500","2025-05-17T16:35:00.000","FAILING TO YIELD RIGHT-OF-WAY","NOT APPLICABLE","5600","W","WELLINGTON AVE","2514",,,,,,,"2","NO INDICATION OF INJURY","0","0","0","0","0","4","0","16","7","5","41.9350376571","-87.7664330011","POINT (-87.766433001132 41.935037657107)"
"a42ac954332cc92b0aaaa70e1912e244e0deb80c9a921dcec56dd90af01eb344b566271c98ce3d52c160af4d96e760ed97648acfbe72fd10206ad78b2606a3a4",,"2025-05-17T16:30:00.000","30","STOP SIGN/FLASHER","FUNCTIONING PROPERLY","CLEAR","DAYLIGHT","REAR END","FOUR WAY",,"STRAIGHT AND LEVEL","DRY","NO DEFECTS","NOT ON SCENE (DESK REPORT)","NO INJURY / DRIVE AWAY","Y",,,"OVER $1,500","2025-05-17T16:45:00.000","FOLLOWING TOO CLOSELY","NOT APPLICABLE","8000","S","RACINE AVE","612",,,,,,,"2","NO INDICATION OF INJURY","0","0","0","0","0","2","0","16","7","5","41.7485834781","-87.653833843","POINT (-87.653833842963 41.748583478125)"
"8b71d614e3dd9e3a2ee1dd305aa2c09d0a99b06270ada7bc917d2771dc842572fd680d0ed30ac1f29a178ab85e1db9ec7236f8453b002c90732075f8db0774b5",,"2025-05-17T16:23:00.000","30","NO CONTROLS","NO CONTROLS","CLEAR","DAYLIGHT","REAR TO FRONT","OTHER",,"STRAIGHT AND LEVEL","DRY","NO DEFECTS","ON SCENE","NO INJURY / DRIVE AWAY",,"Y",,"OVER $1,500","2025-05-17T16:23:00.000","DRIVING SKILLS/KNOWLEDGE/EXPERIENCE","NOT APPLICABLE","631","N","LA SALLE DR","1832",,,,,,,"2","NO INDICATION OF INJURY","0","0","0","0","0","2","0","16","7","5","41.8932511985","-87.6324930122","POINT (-87.632493012229 41.893251198465)"
"5b92fdcc5c759d707ac676730662ad2ec767b4b22ecc02393be23c90757ace721160f393db4f86cdcdbf0d00f9914563d0a821cb57508274e7347b7d48481e7a",,"2025-05-17T16:16:00.000","15","STOP SIGN/FLASHER","FUNCTIONING PROPERLY","CLEAR","DAYLIGHT","TURNING","DIVIDED - W/MEDIAN (NOT RAISED)",,"STRAIGHT AND LEVEL","DRY","NO DEFECTS","ON SCENE","NO INJURY / DRIVE AWAY",,,,"OVER $1,500","2025-05-17T16:19:00.000","FAILING TO YIELD RIGHT-OF-WAY","UNABLE TO DETERMINE","2939","W","ADDISON ST","1733",,,,,,,"2","NO INDICATION OF INJURY","0","0","0","0","0","2","0","16","7","5","41.946538983","-87.7020848861","POINT (-87.702084886142 41.946538982968)"
"d0c9479e0f1f24c8fe5edbb05a75c0bb07b9cf2526dc4fa6b8f1258190ed38bba0c7c0e77a31f024c1c10128f191e7a3173fcfee65e32499f995266e33cb8a94",,"2025-05-17T16:15:00.000","30","UNKNOWN","UNKNOWN","UNKNOWN","UNKNOWN","ANGLE","UNKNOWN",,"STRAIGHT AND LEVEL","UNKNOWN","UNKNOWN","NOT ON SCENE (DESK REPORT)","INJURY AND / OR TOW DUE TO CRASH",,,,"OVER $1,500","2025-05-18T01:09:00.000","FAILING TO YIELD RIGHT-OF-WAY","NOT APPLICABLE","1733","W","CHICAGO AVE","1215",,,,,,,"2","REPORTED, NOT EVIDENT","2","0","0","0","2","1","0","16","7","5","41.8959001821","-87.6710937305","POINT (-87.671093730463 41.895900182095)"
"944c7d57131689c31c56f73f7a0340ec32d02a462ca6a9db35c6184d2244e4620edcfe72875cb7895a528651df9fc9862bd4ca65e1f84a9b78e49da97d4de463",,"2025-05-17T16:14:00.000","30","TRAFFIC SIGNAL","FUNCTIONING PROPERLY","CLEAR","DAYLIGHT","ANGLE","NOT DIVIDED",,"STRAIGHT AND LEVEL","DRY","NO DEFECTS","ON SCENE","NO INJURY / DRIVE AWAY",,,,"OVER $1,500","2025-05-17T16:17:00.000","FAILING TO YIELD RIGHT-OF-WAY","VISION OBSCURED (SIGNS, TREE LIMBS, BUILDINGS, ETC.)","2406","W","71ST ST","832",,,,,,,"3","NO INDICATION OF INJURY","0","0","0","0","0","2","0","16","7","5","41.7648040174","-87.6835629077","POINT (-87.683562907652 41.764804017419)"
"6a5f6dc52fa703c21c0aba99027c8f1b66d6db839ce31e07f282835e57c5c48f2172342735388ad9335a7c4bff3902f2149c6b82c0a815123433e99109710714",,"2025-05-17T16:08:00.000","25","STOP SIGN/FLASHER","FUNCTIONING PROPERLY","CLEAR","DAYLIGHT","SIDESWIPE SAME DIRECTION","DIVIDED - W/MEDIAN (NOT RAISED)",,"STRAIGHT AND LEVEL","DRY","NO DEFECTS","ON SCENE","NO INJURY / DRIVE AWAY","Y",,"Y","$501 - $1,500","2025-05-17T16:10:00.000","UNABLE TO DETERMINE","UNABLE TO DETERMINE","6022","N","BROADWAY","2433",,,,,,,"2","NO INDICATION OF INJURY","0","0","0","0","0","2","0","16","7","5","41.9916492332","-87.6604643872","POINT (-87.660464387234 41.991649233158)"
"722d4fb068e05b37296756a03a4d35cb5e2ec38ff42f0a1d7124fe80a13e9470dd6113206fc0d8e4abf6fc8db1e06de46d85c1bb724a4e5b80583da6ef572da2",,"2025-05-17T16:00:00.000","30","STOP SIGN/FLASHER","FUNCTIONING PROPERLY","CLEAR","DAYLIGHT","TURNING","T-INTERSECTION",,"STRAIGHT AND LEVEL","DRY","UNKNOWN","NOT ON SCENE (DESK REPORT)","NO INJURY / DRIVE AWAY","Y",,,"OVER $1,500","2025-05-17T18:00:00.000","VISION OBSCURED (SIGNS, TREE LIMBS, BUILDINGS, ETC.)","NOT APPLICABLE","7900","S","COLES AVE","422",,,,,,,"2","NO INDICATION OF INJURY","0","0","0","0","0","2","0","16","7","5","41.7519128755","-87.5494172461","POINT (-87.549417246074 41.751912875512)"
"aa75f30b9e63a462d361a2984df23af162c1a58afa150c134a6636fcab9691d4625a3ed8c5fedb86f96498304308d600221196dbce46205603437f8fdf67e07c",,"2025-05-17T16:00:00.000","30","NO CONTROLS","NO CONTROLS","UNKNOWN","UNKNOWN","PARKED MOTOR VEHICLE","NOT DIVIDED",,"STRAIGHT AND LEVEL","DRY","NO DEFECTS","NOT ON SCENE (DESK REPORT)","NO INJURY / DRIVE AWAY",,,"Y","OVER $1,500","2025-05-17T16:20:00.000","UNABLE TO DETERMINE","NOT APPLICABLE","1070","W","POLK ST","1232",,,,,,,"2","NO INDICATION OF INJURY","0","0","0","0","0","1","0","16","7","5","41.8719390041","-87.6539000094","POINT (-87.65390000944 41.871939004146)"
"b742f72b910c2c9b2b64fdd619db495b96b1e4d74e892d0189621fcf6ec917b59e71d1b840f834bfa699f4bce57a9929ab94a657ddebc1ab8019ef635cd7d3ad",,"2025-05-17T16:00:00.000","30","TRAFFIC SIGNAL","FUNCTIONING PROPERLY","CLEAR","DAYLIGHT","SIDESWIPE SAME DIRECTION","FOUR WAY",,"STRAIGHT AND LEVEL","DRY","NO DEFECTS","NOT ON SCENE (DESK REPORT)","NO INJURY / DRIVE AWAY","Y",,,"OVER $1,500","2025-05-17T17:05:00.000","IMPROPER OVERTAKING/PASSING","UNABLE TO DETERMINE","11101","S","PULASKI RD","2211",,,,,,,"2","NO INDICATION OF INJURY","0","0","0","0","0","2","0","16","7","5","41.6911020144","-87.7201627703","POINT (-87.720162770279 41.691102014358)"
"9e53b57cb031cb5f5f85f138737cfa58f4be9b40d77ccfaf89120828738621f97f22d2d4b55ee9f11285c2330798d719096fe10083c6b1e674a1857ff20385ab",,"2025-05-17T15:59:00.000","30","NO CONTROLS","NO CONTROLS","CLEAR","DAYLIGHT","FIXED OBJECT","NOT DIVIDED",,"STRAIGHT AND LEVEL","DRY","NO DEFECTS",,"INJURY AND / OR TOW DUE TO CRASH",,,,"$501 - $1,500","2025-05-17T15:59:00.000","PHYSICAL CONDITION OF DRIVER","UNDER THE INFLUENCE OF ALCOHOL/DRUGS (USE WHEN ARREST IS EFFECTED)","1816","S","PULASKI RD","1012",,,,,,,"1","REPORTED, NOT EVIDENT","1","0","0","0","1","0","0","15","7","5","41.8564981613","-87.7250407848","POINT (-87.72504078476 41.856498161303)"
"eba8a9bf6a4e7e60443e062418667af182e015f42a0d1b10756bca398bddd821f91e47876c05aabf3b0ddb13d86e9ccda3cb7aac088efec6588a03d74729b446",,"2025-05-17T15:58:00.000","25","NO CONTROLS","NO CONTROLS","CLEAR","DAYLIGHT","ANGLE","NOT DIVIDED",,"STRAIGHT AND LEVEL","DRY","NO DEFECTS","NOT ON SCENE (DESK REPORT)","NO INJURY / DRIVE AWAY",,,,"$501 - $1,500","2025-05-17T16:22:00.000","NOT APPLICABLE","NOT APPLICABLE","300","S","LEAVITT ST","1225",,,,,,,"2","NO INDICATION OF INJURY","0","0","0","0","0","2","0","15","7","5","41.8775331698","-87.6815869948","POINT (-87.681586994803 41.877533169767)"
"cf14288465e5a051f8c0a8ac2a695a1143bbee51a368a7054c344bee4ad50a2c9a84b7feae7949e0a9ac861ec06a2150d686d059ec4da8e4bb40d0caf217a983",,"2025-05-17T15:37:00.000","30","NO CONTROLS","OTHER","CLEAR","DAYLIGHT","TURNING","NOT DIVIDED",,"STRAIGHT AND LEVEL","DRY","NO DEFECTS","ON SCENE","INJURY AND / OR TOW DUE TO CRASH",,,,"OVER $1,500","2025-05-17T15:50:00.000","IMPROPER TURNING/NO SIGNAL","NOT APPLICABLE","3301","W","AUGUSTA BLVD","1121",,,,,,,"2","NO INDICATION OF INJURY","0","0","0","0","0","3","0","15","7","5","41.8990606613","-87.708882578","POINT (-87.708882577975 41.899060661262)"
"ed1248e73f30df93a397c5e024a66e1d4538f5f4dfd3c9791420bb80a6d9b78da973f22797030d7213e9c8d1d69e1003631c45924d1e157e25b22f30cd4122c1",,"2025-05-17T15:35:00.000","30","UNKNOWN","UNKNOWN","CLEAR","DAYLIGHT","PARKED MOTOR VEHICLE","UNKNOWN",,"STRAIGHT AND LEVEL","DRY","UNKNOWN","NOT ON SCENE (DESK REPORT)","NO INJURY / DRIVE AWAY",,,"Y","OVER $1,500","2025-05-17T19:15:00.000","IMPROPER BACKING","IMPROPER BACKING","72","E","16TH ST","131",,,,,,,"2","NO INDICATION OF INJURY","0","0","0","0","0","1","0","15","7","5","41.8603359464","-87.6243390891","POINT (-87.624339089076 41.860335946393)"
"3486ee069f4a9ff6e58b9beaf674dcd8cd7133ad0456a427aaea5c17096f72fd60899329ef74cbb1dc2b5b9488f50e15c543925ecaea0b34ebb423a92a08801b",,"2025-05-17T15:30:00.000","30","STOP SIGN/FLASHER","FUNCTIONING PROPERLY","CLEAR","DAYLIGHT","TURNING","DIVIDED - W/MEDIAN (NOT RAISED)",,"STRAIGHT AND LEVEL","DRY","UNKNOWN","NOT ON SCENE (DESK REPORT)","NO INJURY / DRIVE AWAY",,,,"OVER $1,500","2025-05-17T16:15:00.000","UNABLE TO DETERMINE","NOT APPLICABLE","3136","N","NARRAGANSETT AVE","2511",,,,,,,"2","NO INDICATION OF INJURY","0","0","0","0","0","2","0","15","7","5","41.9376237803","-87.7860573744","POINT (-87.786057374437 41.937623780285)"
"a02cf012b7ab060d979137287313efd899ce603eaa932f4a9f0091ef9a4942661101ca55c9f98b29fd18a82de8072efbcad56d249aa9c4591025355787dee13e",,"2025-05-17T15:25:00.000","30","NO CONTROLS","NO CONTROLS","CLEAR","DAYLIGHT","SIDESWIPE SAME DIRECTION","NOT DIVIDED",,"STRAIGHT AND LEVEL","DRY","NO DEFECTS","NOT ON SCENE (DESK REPORT)","NO INJURY / DRIVE AWAY",,,"Y","OVER $1,500","2025-05-17T16:00:00.000","IMPROPER OVERTAKING/PASSING","DRIVING SKILLS/KNOWLEDGE/EXPERIENCE","9380","S","STONY ISLAND AVE","413",,,,,,,"2","NO INDICATION OF INJURY","0","0","0","0","0","2","0","15","7","5","41.7241304921","-87.5853516311","POINT (-87.585351631104 41.724130492137)"
"64a4489fb4c1a509eca0b722adb7f1e226a8b5fa8a0d72907f5abbc6b9f19b9ff7b1eea5d77d8265db8ca65655dc2489ce23ded0f8c1e92c1d8b8e592b738296",,"2025-05-17T15:20:00.000","45","NO CONTROLS","NO CONTROLS","CLEAR","DAYLIGHT","SIDESWIPE SAME DIRECTION","DIVIDED - W/MEDIAN BARRIER",,"STRAIGHT AND LEVEL","DRY","NO DEFECTS","NOT ON SCENE (DESK REPORT)","NO INJURY / DRIVE AWAY",,,"Y","$501 - $1,500","2025-05-17T18:30:00.000","UNABLE TO DETERMINE","NOT APPLICABLE","8750","S","CHICAGO SKYWAY OB","412",,,,,,,"2","NO INDICATION OF INJURY","0","0","0","0","0","2","0","15","7","5",,,
"8d9ded897b0a13d5893fe2f9805534b338bf636617a8df90384f414f4c9e0a3aecab3546bdf2dd3e9de186c65326f0f0386eda01f5c977508fe5b821c03224ab",,"2025-05-17T15:20:00.000","25","TRAFFIC SIGNAL","FUNCTIONING PROPERLY","CLEAR","DAYLIGHT","PEDALCYCLIST","FOUR WAY",,"STRAIGHT AND LEVEL","DRY","NO DEFECTS","NOT ON SCENE (DESK REPORT)","NO INJURY / DRIVE AWAY",,,,"$501 - $1,500","2025-05-18T14:05:00.000","DISREGARDING TRAFFIC SIGNALS","DISREGARDING TRAFFIC SIGNALS","755","N","WELLS ST","1832",,,"Y",,,,"2","NO INDICATION OF INJURY","0","0","0","0","0","2","0","15","7","5","41.8964796913","-87.6340513282","POINT (-87.634051328231 41.896479691319)"
"95e8b7e901edb6cf1d06c844bf3b0637c518cae128f28bd8a27bfa6682536583c7ef20688728036b40a50b567045234e468ece001f2b93176382031801f25602",,"2025-05-17T15:20:00.000","30","NO CONTROLS","NO CONTROLS","CLEAR","DAYLIGHT","ANGLE","NOT DIVIDED",,"STRAIGHT AND LEVEL","DRY","UNKNOWN","ON SCENE","INJURY AND / OR TOW DUE TO CRASH",,,,"OVER $1,500","2025-05-17T15:23:00.000","DRIVING SKILLS/KNOWLEDGE/EXPERIENCE","UNABLE TO DETERMINE","1612","W","74TH ST","735",,,,,,,"2","NO INDICATION OF INJURY","0","0","0","0","0","3","0","15","7","5","41.7595596408","-87.6642216959","POINT (-87.664221695924 41.759559640848)"
"44f47ded941855c78b06f80fbb1445234220836ea23b198b027f4662f1e7c5bc0d4edaf5e3053a4d9d72b7f4bb96a7c416ed01f9a917ed0144c0f9ca98a40f0a",,"2025-05-17T15:18:00.000","30","TRAFFIC SIGNAL","FUNCTIONING PROPERLY","CLEAR","DAYLIGHT","REAR END","FOUR WAY",,"STRAIGHT AND LEVEL","DRY","NO DEFECTS","ON SCENE","INJURY AND / OR TOW DUE TO CRASH","Y",,,"$501 - $1,500","2025-05-17T16:07:00.000","FAILING TO REDUCE SPEED TO AVOID CRASH","FOLLOWING TOO CLOSELY","4754","W","55TH ST","815",,,,,,,"2","REPORTED, NOT EVIDENT","3","0","0","0","3","3","0","15","7","5","41.7931283656","-87.7425534718","POINT (-87.742553471759 41.793128365563)"
"136175d1bd6ba895d197806c31df7e57447de7f1634c0bd39afaeae9eabd237b9cb68ce47c67dacb346b1b3d10b4e3c0d060c9335269b31b8e20863a3ac59b71",,"2025-05-17T15:15:00.000","30","NO CONTROLS","NO CONTROLS","CLEAR","DAYLIGHT","TURNING","NOT DIVIDED",,"STRAIGHT AND LEVEL","DRY","NO DEFECTS","ON SCENE","INJURY AND / OR TOW DUE TO CRASH",,,,"OVER $1,500","2025-05-17T15:19:00.000","FAILING TO YIELD RIGHT-OF-WAY","NOT APPLICABLE","6415","W","ARCHER AVE","811",,,,,,,"2","NONINCAPACITATING INJURY","2","0","0","2","0","3","0","15","7","5","41.7922203262","-87.7825034107","POINT (-87.78250341073 41.79222032616)"
"aa4e9b8aa58760314dd126a80643cdf983dd25c7b5e11efd1e615e801c439b0b6b7f841753e626a3c17bcddb1ff5216851b8fcf2eec7ef67db0a99983521b3e2",,"2025-05-17T15:15:00.000","30","NO CONTROLS","NO CONTROLS","CLEAR","DAYLIGHT","TURNING","DIVIDED - W/MEDIAN (NOT RAISED)",,"STRAIGHT AND LEVEL","DRY","NO DEFECTS","NOT ON SCENE (DESK REPORT)","NO INJURY / DRIVE AWAY",,,,"$501 - $1,500","2025-05-17T16:22:00.000","FAILING TO YIELD RIGHT-OF-WAY","NOT APPLICABLE","2700","W","87TH ST","835",,,,,,,"2","NO INDICATION OF INJURY","0","0","0","0","0","2","0","15","7","5","41.7355138041","-87.6897937512","POINT (-87.689793751207 41.735513804088)"
"aec2a096d8f9b739e19f89aaf6eb3d0df1adfca1eedc9209675f26c2bb57a1b37bad1d5c12c733ee361bdd0a7443fee8e8e0d1c95b203b657c992dd9d81a01ff",,"2025-05-17T15:11:00.000","25","TRAFFIC SIGNAL","FUNCTIONING PROPERLY","CLEAR","DAYLIGHT","TURNING","NOT DIVIDED",,"STRAIGHT AND LEVEL","DRY","NO DEFECTS","NOT ON SCENE (DESK REPORT)","NO INJURY / DRIVE AWAY","Y",,,"OVER $1,500","2025-05-17T16:00:00.000","FOLLOWING TOO CLOSELY","NOT APPLICABLE","1600","N","PULASKI RD","2534",,,,,,,"2","NO INDICATION OF INJURY","0","0","0","0","0","2","0","15","7","5","41.9099750102","-87.7264805231","POINT (-87.726480523066 41.909975010237)"
"3ca437f93774ef494c7dbf8d39e45b3ce0a2a7fbfc82597835808ef288c9a9cc398059a2906752e8f4d60734984a857183c28819a54099783fbc1a1aaac4ce8f",,"2025-05-17T15:10:00.000","30","TRAFFIC SIGNAL","FUNCTIONING PROPERLY","CLOUDY/OVERCAST","DAYLIGHT","REAR END","DIVIDED - W/MEDIAN (NOT RAISED)",,"STRAIGHT AND LEVEL","DRY","NO DEFECTS","NOT ON SCENE (DESK REPORT)","NO INJURY / DRIVE AWAY",,,"Y","OVER $1,500","2025-05-17T16:45:00.000","FOLLOWING TOO CLOSELY","UNABLE TO DETERMINE","6244","S","DR MARTIN LUTHER KING JR DR","311",,,,,,,"2","NO INDICATION OF INJURY","0","0","0","0","0","2","0","15","7","5","41.7807271102","-87.6157824196","POINT (-87.615782419589 41.780727110241)"
"d273576714680a47c489aa6248e4fe1da03842078e0932419a003ca1fe23381fa7c1ee682405e11c44206ab29a288d43888f1b11a8aaec182d1f0c09d73555e8",,"2025-05-17T15:02:00.000","30","NO CONTROLS","NO CONTROLS","CLEAR","DAYLIGHT","SIDESWIPE OPPOSITE DIRECTION","NOT DIVIDED",,"STRAIGHT AND LEVEL","DRY","NO DEFECTS","ON SCENE","INJURY AND / OR TOW DUE TO CRASH",,,,"OVER $1,500","2025-05-17T15:41:00.000","DRIVING ON WRONG SIDE/WRONG WAY","NOT APPLICABLE","3127","S","PULASKI RD","1031",,,,,,,"4","NONINCAPACITATING INJURY","1","0","0","1","0","1","0","15","7","5","41.8360595886","-87.7241847875","POINT (-87.724184787529 41.836059588639)"