"crash_record_id","crash_date_est_i","crash_date","posted_speed_limit","traffic_control_device","device_condition","weather_condition","lighting_condition","first_crash_type","trafficway_type","lane_cnt","alignment","roadway_surface_cond","road_defect","report_type","crash_type","intersection_related_i","private_property_i","hit_and_run_i","damage","date_police_notified","prim_contributory_cause","sec_contributory_cause","street_no","street_direction","street_name","beat_of_occurrence","photos_taken_i","statements_taken_i","dooring_i","work_zone_i","work_zone_type","workers_present_i","num_units","most_severe_injury","injuries_total","injuries_fatal","injuries_incapacitating","injuries_non_incapacitating","injuries_reported_not_evident","injuries_no_indication","injuries_unknown","crash_hour","crash_day_of_week","crash_month","latitude","longitude","location"
"0d53fcaf4af7a23de48217969825b9571e93a911e3e466af0c0590e0180bb5a17293e2e72e7a9f97f976791c9bcf684dd2a6c3e3e57d7222309eea0e4ec5cdc6",,"2025-05-17T15:00:00.000","30","TRAFFIC SIGNAL","FUNCTIONING PROPERLY","UNKNOWN","UNKNOWN","REAR END","NOT DIVIDED",,"STRAIGHT AND LEVEL","UNKNOWN","UNKNOWN","NOT ON SCENE (DESK REPORT)","NO INJURY / DRIVE AWAY",,,,"$501 - $1,500","2025-05-17T17:45:00.000","IMPROPER OVERTAKING/PASSING","NOT APPLICABLE","1700","N","ASHLAND AVE","1433",,,,,,,"2","NO INDICATION OF INJURY","0","0","0","0","0","2","0","15","7","5","41.9125396372","-87.6678912748","POINT (-87.667891274827 41.912539637244)"
"3946bbc05be75eb9cb4eb0736e8126a626631502405017eb6ef96a5cb949ec890ce736c6f9b657eb3511dfbaf175810c261c6ab48277e7cef2891399e2b032ce","Y","2025-05-17T15:00:00.000","10","NO CONTROLS","NO CONTROLS","CLEAR","DAYLIGHT","FIXED OBJECT","DRIVEWAY",,"STRAIGHT AND LEVEL","DRY","NO DEFECTS","ON SCENE","NO INJURY / DRIVE AWAY",,"Y",,"OVER $1,500","2025-05-17T15:09:00.000","DRIVING SKILLS/KNOWLEDGE/EXPERIENCE","UNABLE TO DETERMINE","1010","W","35TH ST","913",,,,,,,"1","NO INDICATION OF INJURY","0","0","0","0","0","1","0","15","7","5","41.8307880824","-87.6514559053","POINT (-87.65145590533 41.830788082381)"
"6d0d736daa29b008ca553d016a6dfe1716787ed21461e7568205b0550fba6604719c066d61b2eb7847757941f609ae7781c6a3e752a06f64153d4d4e8ee36ae4",,"2025-05-17T15:00:00.000","30","UNKNOWN","UNKNOWN","CLEAR","DAYLIGHT","PEDALCYCLIST","NOT DIVIDED",,"STRAIGHT AND LEVEL","DRY","NO DEFECTS","NOT ON SCENE (DESK REPORT)","INJURY AND / OR TOW DUE TO CRASH",,,,"$500 OR LESS","2025-05-17T17:34:00.000","UNABLE TO DETERMINE","UNABLE TO DETERMINE","800","N","WELLS ST","1823",,,,,,,"2","REPORTED, NOT EVIDENT","1","0","0","0","1","1","0","15","7","5","41.896633749","-87.6343513372","POINT (-87.634351337228 41.896633749002)"
"8f54883b47374935b751635bc5ceb376211dccb8275c47df4c9eb68c5c82e8fe02b4c392732b82f06fe384289ef979ec14f037c7ef9e7aa9989eeeba6b9db5e0",,"2025-05-17T15:00:00.000","25","UNKNOWN","UNKNOWN","CLEAR","DAYLIGHT","REAR END","DIVIDED - W/MEDIAN (NOT RAISED)",,"STRAIGHT AND LEVEL","DRY","NO DEFECTS","NOT ON SCENE (DESK REPORT)","NO INJURY / DRIVE AWAY",,,,"OVER $1,500","2025-05-18T10:00:00.000","UNABLE TO DETERMINE","UNABLE TO DETERMINE","4000","W","NORTH AVE","2534",,,,,,,"2","NO INDICATION OF INJURY","0","0","0","0","0","2","0","15","7","5","41.9099955816","-87.7263946932","POINT (-87.726394693215 41.909995581605)"
"be2bb703db940b29ee6450d7f6b21b8589078bc76289078dd91fa54bb184115d6dc5e55f7bbe770242937173ec339a3e2ddd4e325238c5178a539d7d2c4f3e37",,"2025-05-17T14:54:00.000","15","NO CONTROLS","NO CONTROLS","CLEAR","DAYLIGHT","TURNING","ALLEY",,"STRAIGHT AND LEVEL","DRY","UNKNOWN","ON SCENE","NO INJURY / DRIVE AWAY",,,"Y","OVER $1,500","2025-05-17T15:19:00.000","IMPROPER OVERTAKING/PASSING","FAILING TO YIELD RIGHT-OF-WAY","9929","S","HALSTED ST","2232",,,,,,,"2","NO INDICATION OF INJURY","0","0","0","0","0","2","0","14","7","5","41.7133241094","-87.6428298741","POINT (-87.642829874125 41.713324109437)"
"896399213b136f7fd30c2228a715302e1ba910bb7a5d639698888c1ee5855b00f123ea766943e01f7c2060c4c446d33023fc0b4bf841ff671803c13da985f54b",,"2025-05-17T14:45:00.000","30","NO CONTROLS","NO CONTROLS","CLEAR","DAYLIGHT","REAR END","DIVIDED - W/MEDIAN (NOT RAISED)",,"STRAIGHT AND LEVEL","UNKNOWN","UNKNOWN","NOT ON SCENE (DESK REPORT)","NO INJURY / DRIVE AWAY",,,,"OVER $1,500","2025-05-17T15:15:00.000","UNABLE TO DETERMINE","NOT APPLICABLE","4153","W","FULLERTON AVE","2525",,,,,,,"2","NO INDICATION OF INJURY","0","0","0","0","0","3","0","14","7","5","41.9243189987","-87.7313678789","POINT (-87.731367878873 41.924318998657)"
"87a1c2cd7af81b957bd00424d2cdc246c3c0066660878fb67ca5407c7ed0e675fa551a456dfeb42379a8d2be8a214170a482dbb556b950d2917b7e1a54ad3b03",,"2025-05-17T14:40:00.000","30","NO CONTROLS","NO CONTROLS","CLEAR","DAYLIGHT","TURNING","DIVIDED - W/MEDIAN (NOT RAISED)",,"STRAIGHT AND LEVEL","DRY","NO DEFECTS","NOT ON SCENE (DESK REPORT)","NO INJURY / DRIVE AWAY",,,,"OVER $1,500","2025-05-17T15:30:00.000","FOLLOWING TOO CLOSELY","FOLLOWING TOO CLOSELY","3803","W","ROOSEVELT RD","1011",,,,,,,"2","NO INDICATION OF INJURY","0","0","0","0","0","4","0","14","7","5","41.8661281298","-87.7202640083","POINT (-87.720264008274 41.866128129787)"
"d5660bdc0e5b0cb9b8c4f8091b1fa989a9098aba59e019979cc10522067600767429a4801bdb56ad50510ab328faaaec676d94f773aacaa1274bd1c5a95af963",,"2025-05-17T14:40:00.000","25","TRAFFIC SIGNAL","FUNCTIONING PROPERLY","CLEAR","DAYLIGHT","REAR END","OTHER",,"STRAIGHT AND LEVEL","DRY","NO DEFECTS","NOT ON SCENE (DESK REPORT)","INJURY AND / OR TOW DUE TO CRASH",,,,"OVER $1,500","2025-05-17T15:05:00.000","DRIVING SKILLS/KNOWLEDGE/EXPERIENCE","NOT APPLICABLE","6300","S","STATE ST","312",,,,,,,"2","NO INDICATION OF INJURY","0","0","0","0","0","2","0","14","7","5","41.7800082774","-87.6255225119","POINT (-87.625522511916 41.780008277408)"
"fa3775412abd216ffdee8521ac5b1e6571e482495d39c516e0b2bdbcd49f046b49788e4718164beb931c41b32d3305b87a1a389094ae98a05936175216ff75b0",,"2025-05-17T14:40:00.000","30","NO CONTROLS","NO CONTROLS","CLEAR","DAYLIGHT","PEDALCYCLIST","ONE-WAY",,"STRAIGHT AND LEVEL","DRY","NO DEFECTS","NOT ON SCENE (DESK REPORT)","INJURY AND / OR TOW DUE TO CRASH",,,,"OVER $1,500","2025-05-17T14:57:00.000","FAILING TO YIELD RIGHT-OF-WAY","UNABLE TO DETERMINE","1216","W","LUNT AVE","2423",,,,,,,"2","INCAPACITATING INJURY","1","0","1","0","0","1","0","14","7","5","42.0092847314","-87.6626260122","POINT (-87.662626012169 42.009284731424)"
"80d3dcf6632b78b85684764bfeccce713aa19e83741d567ff5ba53b4858d868ff72ac98ce9e8f2732da552601cfa7310ee01ed85302aa07baa71337ccdb5a0b7",,"2025-05-17T14:33:00.000","30","NO CONTROLS","NO CONTROLS","CLEAR","DAYLIGHT","PARKED MOTOR VEHICLE","NOT DIVIDED",,"STRAIGHT AND LEVEL","DRY","UNKNOWN","ON SCENE","NO INJURY / DRIVE AWAY",,,"Y","OVER $1,500","2025-05-17T15:45:00.000","UNABLE TO DETERMINE","NOT APPLICABLE","1347","W","ADDISON ST","1924",,,,,,,"2","NO INDICATION OF INJURY","0","0","0","0","0","1","0","14","7","5","41.9469666861","-87.663516638","POINT (-87.663516638015 41.946966686097)"
"a1eb6190eacef3a0e13bac0b7a7eeb30945d7fb3f170b2feef411ebf5bd43bc2bb66da12cb574606a20933bf5a8b8f8503ffadd23e6ffb8d10636cd25e1c3b9c",,"2025-05-17T14:30:00.000","30","STOP SIGN/FLASHER","FUNCTIONING PROPERLY","CLEAR","DAYLIGHT","PEDALCYCLIST","DIVIDED - W/MEDIAN (NOT RAISED)",,"STRAIGHT AND LEVEL","DRY","NO DEFECTS","NOT ON SCENE (DESK REPORT)","NO INJURY / DRIVE AWAY",,,,"$500 OR LESS","2025-05-17T15:22:00.000","FOLLOWING TOO CLOSELY","NOT APPLICABLE","630","N","FRANKLIN ST","1831",,,,,,,"2","NO INDICATION OF INJURY","0","0","0","0","0","2","0","14","7","5","41.8932056108","-87.6357624383","POINT (-87.635762438341 41.893205610823)"
"c275b0fdaf29fe72862c1fcba1e230cefd014921dda1222f61c6f02f85be7b39a927c0ec89f76370c8b96cfcbbf2aba021d4b38749632738ce6be1a64ccca3b1",,"2025-05-17T14:30:00.000","30","NO CONTROLS","NO CONTROLS","CLEAR","DAYLIGHT","REAR END","NOT DIVIDED",,"STRAIGHT AND LEVEL","UNKNOWN","UNKNOWN","NOT ON SCENE (DESK REPORT)","NO INJURY / DRIVE AWAY",,,,"OVER $1,500","2025-05-17T15:30:00.000","FOLLOWING TOO CLOSELY","NOT APPLICABLE","4530","S","ARCHER AVE","821",,,,,,,"2","NO INDICATION OF INJURY","0","0","0","0","0","3","0","14","7","5","41.8107718439","-87.7098777742","POINT (-87.709877774223 41.810771843918)"
"fa2278e7479a119551f513c6e438c44e686b09c980ad1918466ab69e3cfd2d627263a54a50fea3d671ff68621c3a667654ac032bc04150ddd30fe47122734287",,"2025-05-17T14:30:00.000","30","NO CONTROLS","NO CONTROLS","CLEAR","DAYLIGHT","SIDESWIPE SAME DIRECTION","DIVIDED - W/MEDIAN (NOT RAISED)",,"STRAIGHT AND LEVEL","DRY","NO DEFECTS","NOT ON SCENE (DESK REPORT)","INJURY AND / OR TOW DUE TO CRASH",,,,"$501 - $1,500","2025-05-17T15:48:00.000","FOLLOWING TOO CLOSELY","NOT APPLICABLE","8544","S","PULASKI RD","834",,,,,,,"2","REPORTED, NOT EVIDENT","2","0","0","0","2","1","0","14","7","5","41.7371429108","-87.721658551","POINT (-87.721658551039 41.737142910751)"
"25a5c3e2b43cbcdec6bef9e74e3da2c66154c7b4df2e8a4c217f3eaaca5a721bcdf8560cbd0169ac1f40130564d4a0487b3e075c3748fd193f7bc7a2bf6e3959",,"2025-05-17T14:25:00.000","30","TRAFFIC SIGNAL","FUNCTIONING PROPERLY","CLEAR","DAYLIGHT","TURNING","DIVIDED - W/MEDIAN BARRIER",,"STRAIGHT AND LEVEL","DRY","NO DEFECTS","NOT ON SCENE (DESK REPORT)","NO INJURY / DRIVE AWAY","Y",,,"OVER $1,500","2025-05-17T15:30:00.000","IMPROPER LANE USAGE","IMPROPER LANE USAGE","1","E","WACKER DR","111",,,,,,,"2","NO INDICATION OF INJURY","0","0","0","0","0","2","0","14","7","5","41.8867075551","-87.6278834784","POINT (-87.627883478402 41.88670755507)"
"1e7b392635d7036578ceca31b9894f010829299a38f47394e972ea8553bbe37554211b8e99396518622927e29fca7fa295336ba536e298ce1a2547b411c1d959",,"2025-05-17T14:20:00.000","30","STOP SIGN/FLASHER","NO CONTROLS","CLEAR","DAYLIGHT","REAR TO SIDE","NOT DIVIDED",,"STRAIGHT AND LEVEL","DRY","NO DEFECTS","NOT ON SCENE (DESK REPORT)","NO INJURY / DRIVE AWAY","Y",,,"OVER $1,500","2025-05-17T14:20:00.000","FAILING TO YIELD RIGHT-OF-WAY","NOT APPLICABLE","2520","W","LOGAN BLVD","1411",,,,,,,"2","NO INDICATION OF INJURY","0","0","0","0","0","4","0","14","7","5","41.9286302309","-87.6911018486","POINT (-87.691101848573 41.928630230889)"
"5bc73d71827eafc27dc3a36b048bc59962a57efdf7b0d8ff0689f4158c333302870b270806216caa2c66105c88df73da312964a0ccefa73b48b2fa8bc945570f",,"2025-05-17T14:20:00.000","25","TRAFFIC SIGNAL","FUNCTIONING PROPERLY","CLEAR","DAYLIGHT","SIDESWIPE SAME DIRECTION","FOUR WAY",,"STRAIGHT AND LEVEL","DRY","NO DEFECTS","NOT ON SCENE (DESK REPORT)","NO INJURY / DRIVE AWAY",,,,"OVER $1,500","2025-05-17T15:30:00.000","UNABLE TO DETERMINE","UNABLE TO DETERMINE","2552","S","CANAL ST","914",,,,,,,"2","NO INDICATION OF INJURY","0","0","0","0","0","2","0","14","7","5","41.845642036","-87.6384888198","POINT (-87.638488819847 41.845642036009)"
"78045d1a93e50ea0ee10bbd6fe957e2181caf03774fed2b43807d5cb813b6d03bdfcfc6af296823c8ab12693d23fe1b06c5e3d89a10f94142d5b583a4bfe385b",,"2025-05-17T14:19:00.000","30","NO CONTROLS","NO CONTROLS","CLEAR","DAYLIGHT","SIDESWIPE SAME DIRECTION","NOT DIVIDED",,"STRAIGHT AND LEVEL","DRY","NO DEFECTS","NOT ON SCENE (DESK REPORT)","NO INJURY / DRIVE AWAY",,,,"OVER $1,500","2025-05-17T15:30:00.000","IMPROPER OVERTAKING/PASSING","IMPROPER OVERTAKING/PASSING","469","N","COLUMBUS DR","1834",,,,,,,"2","NO INDICATION OF INJURY","0","0","0","0","0","2","0","14","7","5","41.8906286741","-87.6200978162","POINT (-87.620097816189 41.890628674088)"
"8525a1bf2f11fdaf0f719e2b04859060f9011085d1f91107ffdde7f12e876708e90fecfcc28906cd06a729ef13f40a62e6464e19b7eb80dfae2e044e93a0d4cf",,"2025-05-17T14:15:00.000","35","NO CONTROLS","NO CONTROLS","CLEAR","DAWN","REAR END","NOT DIVIDED",,"STRAIGHT AND LEVEL","DRY","NO DEFECTS","ON SCENE","INJURY AND / OR TOW DUE TO CRASH",,,"Y","OVER $1,500","2025-05-17T16:20:00.000","UNABLE TO DETERMINE","NOT APPLICABLE","1636","E","75TH ST","324",,"Y",,,,,"2","NONINCAPACITATING INJURY","2","0","0","1","1","7","0","14","7","5","41.7588944314","-87.5842291781","POINT (-87.584229178072 41.758894431413)"
"db5b560c601ab877698cc64c3f7536c8986a589fc0c054861bb4fff7e1c778f317784aca11813ae8a6d7c59d54c7763fc54e604b271532d292a38f1f58f313d9",,"2025-05-17T14:15:00.000","20","NO CONTROLS","NO CONTROLS","CLEAR","DAYLIGHT","PARKED MOTOR VEHICLE","PARKING LOT",,"STRAIGHT AND LEVEL","DRY","NO DEFECTS","NOT ON SCENE (DESK REPORT)","NO INJURY / DRIVE AWAY",,,"Y","OVER $1,500","2025-05-18T11:15:00.000","UNABLE TO DETERMINE","UNABLE TO DETERMINE","313","E","75TH ST","623",,,,,,,"2","NO INDICATION OF INJURY","0","0","0","0","0","1","0","14","7","5","41.7582522303","-87.6177129066","POINT (-87.617712906641 41.758252230302)"
"76e6d60a4409d98eb0d1380ee3d3f995e0181c514b44ee022ebe4533fd46350ac366b2c73a26e1724848c67f4f5fe5760f12b0fb724c0f3f1430953420b079eb",,"2025-05-17T14:10:00.000","30","NO CONTROLS","NO CONTROLS","CLEAR","DAYLIGHT","ANGLE","NOT DIVIDED",,"STRAIGHT AND LEVEL","DRY","UNKNOWN","NOT ON SCENE (DESK REPORT)","NO INJURY / DRIVE AWAY",,,,"$501 - $1,500","2025-05-17T14:50:00.000","FAILING TO YIELD RIGHT-OF-WAY","FAILING TO YIELD RIGHT-OF-WAY","2479","W","GEORGE ST","1411",,,,,,,"2","NO INDICATION OF INJURY","0","0","0","0","0","2","0","14","7","5","41.9338599978","-87.6902507419","POINT (-87.690250741926 41.933859997758)"
"8270fcfe4d5dbe0814b9a3dc385d3ce5b852cdca2f616f62d8aee12165b86a89acc4d46773239c3ad01a1801f4dfaf9ae924487f7fe2840551ec0802b6a6e3b6",,"2025-05-17T14:00:00.000","30","UNKNOWN","UNKNOWN","CLEAR","DAYLIGHT","TURNING","FOUR WAY",,"STRAIGHT AND LEVEL","DRY","NO DEFECTS","NOT ON SCENE (DESK REPORT)","NO INJURY / DRIVE AWAY","Y",,,"OVER $1,500","2025-05-17T16:45:00.000","IMPROPER TURNING/NO SIGNAL","UNABLE TO DETERMINE","5304","N","MILWAUKEE AVE","1622",,,,,,,"2","NO INDICATION OF INJURY","0","0","0","0","0","2","0","14","7","5","41.9766443347","-87.7687536971","POINT (-87.768753697085 41.976644334654)"
"860bf186c5d26f81939f3e46f99a9bdde342d62901d524f3ef00164b5ef5b3c992e525c830244ffb33195f46c8fabcabc42ecef6018269a1cc1d5c8ab1a2fa3f",,"2025-05-17T14:00:00.000","30","TRAFFIC SIGNAL","FUNCTIONING PROPERLY","CLEAR","DAYLIGHT","TURNING","NOT DIVIDED",,"STRAIGHT AND LEVEL","DRY","NO DEFECTS","NOT ON SCENE (DESK REPORT)","NO INJURY / DRIVE AWAY",,,,"OVER $1,500","2025-05-17T14:29:00.000","IMPROPER OVERTAKING/PASSING","NOT APPLICABLE","36","W","CHICAGO AVE","1832",,,,,,,"2","NO INDICATION OF INJURY","0","0","0","0","0","2","0","14","7","5","41.8967663408","-87.6296985432","POINT (-87.629698543179 41.896766340796)"
"ad659c96ae1379e3c8232936835badadc18910e8540d9b66c5ccecb95cfb31b498698078c48d503f2e514b8b01de3d18fa3ccb260255a656e5cbd702f40bb773",,"2025-05-17T14:00:00.000","30","NO CONTROLS","NO CONTROLS","CLEAR","DAYLIGHT","REAR END","NOT DIVIDED",,"STRAIGHT AND LEVEL","DRY","NO DEFECTS","ON SCENE","NO INJURY / DRIVE AWAY",,,,"$500 OR LESS","2025-05-17T14:05:00.000","UNABLE TO DETERMINE","NOT APPLICABLE","1510","N","ASHLAND AVE","1433",,,,,,,"2","NO INDICATION OF INJURY","0","0","0","0","0","2","0","14","7","5","41.909147707","-87.6677960578","POINT (-87.667796057783 41.909147707019)"
"ded9cfa3b4901aeb12544043f14bb27d77ea3856affc1001f383f0ffd21fd2e8ad5c82e4d57a3f4c372fc37f92509287670e9d69c5a0f5673a01e33b7d6377af",,"2025-05-17T14:00:00.000","30","NO CONTROLS","NO CONTROLS","CLEAR","DAYLIGHT","TURNING","NOT DIVIDED",,"STRAIGHT AND LEVEL","UNKNOWN","UNKNOWN","NOT ON SCENE (DESK REPORT)","NO INJURY / DRIVE AWAY",,,,"OVER $1,500","2025-05-17T15:00:00.000","IMPROPER TURNING/NO SIGNAL","NOT APPLICABLE","5350","S","PULASKI RD","815",,,,,,,"2","NO INDICATION OF INJURY","0","0","0","0","0","8","0","14","7","5","41.7953624724","-87.7233692082","POINT (-87.723369208232 41.795362472352)"
"e79db613c133366ec734ed3b1635bbeed6426c8e8982dbf0c1ec1b4927c5b8b09513263eae85c16dd92a2aeed08804d852c174feef32f400e34e5edcf1033c2d",,"2025-05-17T14:00:00.000","30","TRAFFIC SIGNAL","FUNCTIONING PROPERLY","CLEAR","DAYLIGHT","TURNING","NOT DIVIDED",,"STRAIGHT AND LEVEL","DRY","NO DEFECTS","ON SCENE","INJURY AND / OR TOW DUE TO CRASH",,,,"$501 - $1,500","2025-05-17T14:08:00.000","DRIVING SKILLS/KNOWLEDGE/EXPERIENCE","UNABLE TO DETERMINE","58","W","79TH ST","623",,,,,,,"2","NONINCAPACITATING INJURY","1","0","0","1","0","1","0","14","7","5","41.751022503","-87.6269802936","POINT (-87.626980293637 41.751022502989)"
"fe65d540f3b4cfec81ddcc8b1a6afe8117dbbc784c13931521784f46c61c2d0332b868f10f9f608cd17ce5bffe20ad5a3de1a351dfa1571b77276dd9e441077b",,"2025-05-17T14:00:00.000","30","NO CONTROLS","NO CONTROLS","CLEAR","DAYLIGHT","SIDESWIPE SAME DIRECTION","DIVIDED - W/MEDIAN (NOT RAISED)",,"STRAIGHT AND LEVEL","DRY","NO DEFECTS","NOT ON SCENE (DESK REPORT)","NO INJURY / DRIVE AWAY",,,,"OVER $1,500","2025-05-17T14:40:00.000","UNABLE TO DETERMINE","UNABLE TO DETERMINE","1840","W","IRVING PARK RD","1912",,,,,,,"2","NO INDICATION OF INJURY","0","0","0","0","0","2","0","14","7","5","41.9543049818","-87.6757857799","POINT (-87.675785779854 41.954304981816)"
"931882477114358334e03d8caa41c94845c2ce9de99695fe0f523400646a5ce52fb4e294e5b1ff5a2abf64d6ecef98236da82e8404cc607faf630934d8a9e8b6",,"2025-05-17T13:50:00.000","30","NO CONTROLS","NO CONTROLS","CLEAR","DAYLIGHT","SIDESWIPE SAME DIRECTION","DIVIDED - W/MEDIAN (NOT RAISED)",,"STRAIGHT AND LEVEL","DRY","UNKNOWN","NOT ON SCENE (DESK REPORT)","NO INJURY / DRIVE AWAY",,,,"$501 - $1,500","2025-05-17T17:42:00.000","UNABLE TO DETERMINE","UNABLE TO DETERMINE","5553","N","ASHLAND AVE","2012",,,,,,,"2","NO INDICATION OF INJURY","0","0","0","0","0","2","0","13","7","5","41.9832563074","-87.6696614931","POINT (-87.669661493105 41.983256307396)"
"b2ee1e7191224c383f32c9199cee740421956562cdd22cacc05c38a65769e95c4e8209906d8074eee99c6b795467339dc64a6775f27779d2f6a516ce3d22ac82",,"2025-05-17T13:50:00.000","30","TRAFFIC SIGNAL","FUNCTIONING PROPERLY","CLEAR","DAYLIGHT","TURNING","RAMP",,"STRAIGHT AND LEVEL","DRY","NO DEFECTS","NOT ON SCENE (DESK REPORT)","NO INJURY / DRIVE AWAY","Y",,,"OVER $1,500","2025-05-18T11:05:00.000","FAILING TO YIELD RIGHT-OF-WAY","FAILING TO YIELD RIGHT-OF-WAY","200","W","MADISON ST","122",,,,,,,"2","NO INDICATION OF INJURY","0","0","0","0","0","3","0","13","7","5","41.88205499","-87.6338999012","POINT (-87.633899901163 41.882054989975)"
"8de370d87999bc0035c7e6592d70dda2120b661f514031baebce3468d14067394c489e3bbda6148b5bd1c7f294806e801577f67d9d9ad2e8cc7de906eee0a314","Y","2025-05-17T13:45:00.000","30","NO CONTROLS","NO CONTROLS","CLEAR","DAYLIGHT","SIDESWIPE SAME DIRECTION","NOT DIVIDED",,"STRAIGHT AND LEVEL","DRY","UNKNOWN","NOT ON SCENE (DESK REPORT)","INJURY AND / OR TOW DUE TO CRASH",,,,"OVER $1,500","2025-05-17T14:30:00.000","IMPROPER OVERTAKING/PASSING","NOT APPLICABLE","2600","W","ADDISON ST","1921",,,,,,,"2","NO INDICATION OF INJURY","0","0","0","0","0","2","0","13","7","5","41.9468248791","-87.6932129127","POINT (-87.693212912693 41.946824879097)"
"ca54825e3e612e910fb0e1ceb4f7dd66484d0a3263965eebeff4b1b382e157d33e1487e6969ea8b6f2577dadc05fc2cad9879bcfb4b2dcc335bc9a74a199784c",,"2025-05-17T13:45:00.000","30","TRAFFIC SIGNAL","FUNCTIONING PROPERLY","UNKNOWN","UNKNOWN","REAR END","NOT DIVIDED",,"STRAIGHT AND LEVEL","UNKNOWN","UNKNOWN","NOT ON SCENE (DESK REPORT)","NO INJURY / DRIVE AWAY",,,,"$501 - $1,500","2025-05-17T20:12:00.000","FOLLOWING TOO CLOSELY","NOT APPLICABLE","1800","W","CHICAGO AVE","1212",,,,,,,"2","NO INDICATION OF INJURY","0","0","0","0","0","2","0","13","7","5","41.8960993528","-87.6722985964","POINT (-87.672298596352 41.896099352811)"
"e745842c4ad50f532b0f9a7e5f9cfd8d1c7674e910bf2676016b2649d9bbb776fb57a8276424fc2b7f3bd7fd6896c5798c254d07833f9c34bda32fa7b2491fb9",,"2025-05-17T13:40:00.000","30","NO CONTROLS","NO CONTROLS","CLEAR","DAYLIGHT","REAR END","NOT DIVIDED",,"STRAIGHT AND LEVEL","DRY","NO DEFECTS","NOT ON SCENE (DESK REPORT)","NO INJURY / DRIVE AWAY",,,,"$501 - $1,500","2025-05-17T15:39:00.000","FOLLOWING TOO CLOSELY","NOT APPLICABLE","5901","S","WESTERN AVE","825",,,,,,,"2","NO INDICATION OF INJURY","0","0","0","0","0","4","0","13","7","5","41.7864408438","-87.6836819565","POINT (-87.683681956485 41.786440843824)"
"f5a0db0c50f91b962399ca16f0f0550611f5d916f22ee12e46ef4f951005a17deb9ea8bb40db9d58071b57de688a513298d3d5ed93a4ff2167723320eb21a866",,"2025-05-17T13:40:00.000","30","UNKNOWN","UNKNOWN","UNKNOWN","UNKNOWN","SIDESWIPE SAME DIRECTION","NOT DIVIDED",,"STRAIGHT AND LEVEL","UNKNOWN","UNKNOWN","NOT ON SCENE (DESK REPORT)","NO INJURY / DRIVE AWAY",,,,"$500 OR LESS","2025-05-17T14:35:00.000","UNABLE TO DETERMINE","UNABLE TO DETERMINE","6101","N","SHERIDAN RD","2433",,,,,,,"2","NO INDICATION OF INJURY","0","0","0","0","0","2","0","13","7","5","41.9924732269","-87.6553123791","POINT (-87.655312379061 41.992473226852)"
"1187ea7a651338aa6a9c882c95e9d23485da184cdd1efbf360a2d5acdb34ce19010d7867322e0b558b56da7902ba3f1aebf60e138619958504e357e82a0f6eb3",,"2025-05-17T13:30:00.000","30","TRAFFIC SIGNAL","FUNCTIONING PROPERLY","CLEAR","DAYLIGHT","REAR END","T-INTERSECTION",,"STRAIGHT AND LEVEL","DRY","UNKNOWN","NOT ON SCENE (DESK REPORT)","NO INJURY / DRIVE AWAY",,,,"OVER $1,500","2025-05-18T10:00:00.000","FOLLOWING TOO CLOSELY","UNABLE TO DETERMINE","2700","W","FOSTER AVE","2011",,,,,,,"2","NO INDICATION OF INJURY","0","0","0","0","0","2","0","13","7","5","41.975946037","-87.6966074477","POINT (-87.696607447725 41.975946037014)"
"31688a6dbbfd2223dc39855492084eff5acf309b2d418d15f931a8f720004792ed50936336b501eac906f4ddc74bc50820afe480eb418b2587b26922a16f20da",,"2025-05-17T13:30:00.000","30","NO CONTROLS","NO CONTROLS","CLEAR","DAYLIGHT","SIDESWIPE SAME DIRECTION","RAMP",,"STRAIGHT AND LEVEL","DRY","NO DEFECTS","NOT ON SCENE (DESK REPORT)","NO INJURY / DRIVE AWAY",,,,"OVER $1,500","2025-05-18T20:40:00.000","IMPROPER OVERTAKING/PASSING","NOT APPLICABLE","5701","S","CICERO AVE","813",,,,,,,"2","NO INDICATION OF INJURY","0","0","0","0","0","4","0","13","7","5","41.7893386418","-87.7413525626","POINT (-87.741352562622 41.789338641753)"
"d09fa13c8f1e7e2bc20dbb47252ed07cedad2128a4e970680945f6ad04ad05df2f802c645a4b70ef1bbe98b677d3271e7974f58400cdcfdafa5ee4b0a151f1ae",,"2025-05-17T13:30:00.000","30","TRAFFIC SIGNAL","NO CONTROLS","UNKNOWN","UNKNOWN","REAR END","NOT DIVIDED",,"STRAIGHT AND LEVEL","UNKNOWN","UNKNOWN","ON SCENE","NO INJURY / DRIVE AWAY",,,,"$501 - $1,500","2025-05-17T13:30:00.000","FOLLOWING TOO CLOSELY","NOT APPLICABLE","7171","W","ARMITAGE AVE","2513",,,,,,,"2","NO INDICATION OF INJURY","0","0","0","0","0","2","0","13","7","5","41.9160916986","-87.8050862567","POINT (-87.805086256683 41.916091698562)"