"crash_record_id","crash_date_est_i","crash_date","posted_speed_limit","traffic_control_device","device_condition","weather_condition","lighting_condition","first_crash_type","trafficway_type","lane_cnt","alignment","roadway_surface_cond","road_defect","report_type","crash_type","intersection_related_i","private_property_i","hit_and_run_i","damage","date_police_notified","prim_contributory_cause","sec_contributory_cause","street_no","street_direction","street_name","beat_of_occurrence","photos_taken_i","statements_taken_i","dooring_i","work_zone_i","work_zone_type","workers_present_i","num_units","most_severe_injury","injuries_total","injuries_fatal","injuries_incapacitating","injuries_non_incapacitating","injuries_reported_not_evident","injuries_no_indication","injuries_unknown","crash_hour","crash_day_of_week","crash_month","latitude","longitude","location"
"b690a8e83d3be1ea0e1b6e91ca20658b52c0d211742350667151092d3c139c70a8c6ba7dbe7d2c3dfaa9f798e9d2fcb627a4564170282922456fc0a6e910e9c7",,"2025-05-17T13:29:00.000","30","NO CONTROLS","NO CONTROLS","CLEAR","DAYLIGHT","TURNING","DIVIDED - W/MEDIAN (NOT RAISED)",,"STRAIGHT AND LEVEL","DRY","NO DEFECTS","NOT ON SCENE (DESK REPORT)","NO INJURY / DRIVE AWAY",,,,"$500 OR LESS","2025-05-17T13:29:00.000","FAILING TO YIELD RIGHT-OF-WAY","NOT APPLICABLE","5031","N","PULASKI RD","1712",,,,,,,"2","NO INDICATION OF INJURY","0","0","0","0","0","3","0","13","7","5","41.9727853145","-87.728007389","POINT (-87.728007389015 41.972785314527)"
"7464f8a190b46e1988a0fcb563bc8b552026afe7c059371d4139a538c195a0f352a228390eb82b6e670f950d75ed99c2423f7e4507bb2becbb98965d78a795a1",,"2025-05-17T13:25:00.000","30","NO CONTROLS","NO CONTROLS","CLEAR","DAYLIGHT","REAR END","NOT DIVIDED",,"STRAIGHT AND LEVEL","DRY","NO DEFECTS","ON SCENE","NO INJURY / DRIVE AWAY",,,,"OVER $1,500","2025-05-17T13:26:00.000","FOLLOWING TOO CLOSELY","NOT APPLICABLE","5621","N","LINCOLN AVE","2011",,,,,,,"2","NO INDICATION OF INJURY","0","0","0","0","0","3","0","13","7","5","41.9836894698","-87.6958242606","POINT (-87.695824260645 41.983689469782)"
"b94c39700959373fa30f6e3b3a81d680fd64a659a1092fa1c7635ac7df64d687096a8272285d065d15fe8c107b93abb82bdbacebe6242065bf611476dd45b36d",,"2025-05-17T13:22:00.000","30","STOP SIGN/FLASHER","FUNCTIONING PROPERLY","CLEAR","DAYLIGHT","REAR END","NOT DIVIDED",,"STRAIGHT AND LEVEL","DRY","NO DEFECTS","ON SCENE","NO INJURY / DRIVE AWAY",,,,"OVER $1,500","2025-05-17T13:38:00.000","NOT APPLICABLE","NOT APPLICABLE","1752","W","SUMMERDALE AVE","2012",,,,,,,"2","NO INDICATION OF INJURY","0","0","0","0","0","2","0","13","7","5","41.9789508374","-87.6742091789","POINT (-87.674209178937 41.978950837412)"
"0220ede6dda06194b51f8bac175e4ab50314da35862b1839a273f9c3e0d24454c01e21f826b5e5e4b1de27277a767743f1a01bbfe641e90f074720f890062c06",,"2025-05-17T13:20:00.000","30","STOP SIGN/FLASHER","FUNCTIONING IMPROPERLY","CLEAR","DAYLIGHT","TURNING","FOUR WAY",,"STRAIGHT AND LEVEL","DRY","NO DEFECTS","ON SCENE","INJURY AND / OR TOW DUE TO CRASH","Y",,,"OVER $1,500","2025-05-17T13:29:00.000","FAILING TO YIELD RIGHT-OF-WAY","NOT APPLICABLE","552","W","111TH ST","2233",,,,,,,"2","NONINCAPACITATING INJURY","1","0","0","1","0","1","0","13","7","5","41.6925277825","-87.6372273855","POINT (-87.637227385501 41.692527782452)"
"9724abb3bc4fc2a062837ba034c2abf90c4be01140a5ffc91b23be41ffd2f843bee7b51499fd3f31dd1b817e2457e7fe7631b96a62d9bb63cf94e746d101645b",,"2025-05-17T13:18:00.000","25","NO CONTROLS","NO CONTROLS","CLEAR","DAYLIGHT","PARKED MOTOR VEHICLE","NOT DIVIDED",,"STRAIGHT AND LEVEL","DRY","NO DEFECTS","NOT ON SCENE (DESK REPORT)","NO INJURY / DRIVE AWAY","Y",,,"OVER $1,500","2025-05-17T14:00:00.000","FAILING TO YIELD RIGHT-OF-WAY","FAILING TO YIELD RIGHT-OF-WAY","36","W","KINZIE ST","1831","Y",,,,,,"2","NO INDICATION OF INJURY","0","0","0","0","0","2","0","13","7","5","41.8893434784","-87.6295122743","POINT (-87.629512274288 41.889343478416)"
"d916f27adc51599a3f8579afcec29d3537b6da55498fc42ff976825420eb8b44aca1e90399bdd879f63b90e1dd42da822e6c46c5d8773b29d2f92dc9ee133dc7",,"2025-05-17T13:18:00.000","25","NO CONTROLS","NO CONTROLS","CLEAR","DAYLIGHT","PARKED MOTOR VEHICLE","NOT DIVIDED",,"STRAIGHT AND LEVEL","DRY","NO DEFECTS","NOT ON SCENE (DESK REPORT)","NO INJURY / DRIVE AWAY",,,,"$500 OR LESS","2025-05-17T13:18:00.000","EVASIVE ACTION DUE TO ANIMAL, OBJECT, NONMOTORIST","NOT APPLICABLE","1439","W","ARDMORE AVE","2013",,,,,,,"2","NO INDICATION OF INJURY","0","0","0","0","0","1","0","13","7","5","41.9879799389","-87.666625958","POINT (-87.666625957971 41.987979938905)"
"7d1f4de653693028fd61bc71c15a2a2d6bd0cb8c9b9307344722986da5440e0de2d5497761048bbf2b1a846e82041c96aa264f9a88e7187f542ce41eabaebf35",,"2025-05-17T13:13:00.000","25","NO CONTROLS","NO CONTROLS","CLEAR","DAYLIGHT","PARKED MOTOR VEHICLE","NOT DIVIDED",,"STRAIGHT AND LEVEL","DRY","NO DEFECTS","NOT ON SCENE (DESK REPORT)","NO INJURY / DRIVE AWAY",,,,"OVER $1,500","2025-05-17T17:00:00.000","IMPROPER LANE USAGE","IMPROPER LANE USAGE","4540","S","OAKENWALD AVE","222",,,,,,,"2","NO INDICATION OF INJURY","0","0","0","0","0","1","0","13","7","5","41.8127315606","-87.5945189353","POINT (-87.59451893532 41.812731560552)"
"621458879ed7a3dcb7dc55e6fcfa6d5d98e2834612c9cc011d66dc37c36e64e93d9dd2789161124a6d0eb6d1e882a38aa81f7c28b30e8741b1f547799ef9b94a",,"2025-05-17T13:10:00.000","30","NO CONTROLS","NO CONTROLS","UNKNOWN","UNKNOWN","SIDESWIPE SAME DIRECTION","NOT DIVIDED",,"STRAIGHT AND LEVEL","UNKNOWN","UNKNOWN","NOT ON SCENE (DESK REPORT)","NO INJURY / DRIVE AWAY",,,,"$500 OR LESS","2025-05-18T00:15:00.000","UNABLE TO DETERMINE","UNABLE TO DETERMINE","900","N","LAKE SHORE DR","1833",,,,,,,"2","NO INDICATION OF INJURY","0","0","0","0","0","2","0","13","7","5","41.8992809909","-87.6188945123","POINT (-87.618894512302 41.89928099092)"
"07057c00b23e68731ee732184817c8b56f0dd2fffbd264260928d7c61c7448ee3fe57d9a5e20608f06903f6fc11670c7a7d601295a0fdad52dd904de038aa4bf",,"2025-05-17T13:00:00.000","30","NO CONTROLS","NO CONTROLS","CLEAR","DAYLIGHT","TURNING","NOT DIVIDED",,"STRAIGHT AND LEVEL","UNKNOWN","UNKNOWN","NOT ON SCENE (DESK REPORT)","NO INJURY / DRIVE AWAY",,,,"OVER $1,500","2025-05-17T13:55:00.000","DRIVING SKILLS/KNOWLEDGE/EXPERIENCE","NOT APPLICABLE","3200","W","58TH ST","822",,,,,,,"2","NO INDICATION OF INJURY","0","0","0","0","0","2","0","13","7","5","41.7881726473","-87.7034660658","POINT (-87.703466065816 41.788172647342)"
"4b149e3dd8055ee8b382cb717359c74d6d1649a1832935586cfdfe6b791dab734223918ded0c8d47fa116257aa4af8d10bc81eb193fed0fd9f339b1bbf7a893e",,"2025-05-17T13:00:00.000","30","TRAFFIC SIGNAL","FUNCTIONING PROPERLY","CLEAR","DAYLIGHT","TURNING","T-INTERSECTION",,"STRAIGHT AND LEVEL","DRY","NO DEFECTS","NOT ON SCENE (DESK REPORT)","INJURY AND / OR TOW DUE TO CRASH","Y",,,"OVER $1,500","2025-05-18T14:05:00.000","IMPROPER OVERTAKING/PASSING","IMPROPER LANE USAGE","1499","W","NORTH AVE","1433",,,,,,,"2","NO INDICATION OF INJURY","0","0","0","0","0","2","0","13","7","5","41.9105551163","-87.6651783591","POINT (-87.665178359138 41.910555116254)"
"547562f044853233f1f306befadc3b5ff993446bb32253a3be362d22040e9e888bd87c9f8812ffc05650eb6321af1a21264e3c6dcae1000569061c8882354acf",,"2025-05-17T13:00:00.000","30","NO CONTROLS","NO CONTROLS","CLEAR","DAYLIGHT","PARKED MOTOR VEHICLE","PARKING LOT",,"STRAIGHT AND LEVEL","DRY","NO DEFECTS","ON SCENE","NO INJURY / DRIVE AWAY",,,"Y","$501 - $1,500","2025-05-17T13:00:00.000","UNABLE TO DETERMINE","UNABLE TO DETERMINE","4624","S","ELLIS AVE","222",,,,,,,"2","NO INDICATION OF INJURY","0","0","0","0","0","1","0","13","7","5","41.8106373899","-87.6018688478","POINT (-87.601868847824 41.810637389919)"
"6c5b7ec642ac13ea8c6430c05b98bd9ff54cc803dbbf8f6e9bf2c08e37127f66a874be28b9aa088861ba19181d974c2af431e874382972954182ccfd538b5f08",,"2025-05-17T13:00:00.000","15","NO CONTROLS","NO CONTROLS","CLOUDY/OVERCAST","DAYLIGHT","ANGLE","ALLEY",,"STRAIGHT AND LEVEL","DRY","NO DEFECTS","NOT ON SCENE (DESK REPORT)","NO INJURY / DRIVE AWAY",,,,"OVER $1,500","2025-05-17T13:30:00.000","UNABLE TO DETERMINE","NOT APPLICABLE","3442","W","FOSTER AVE","1712",,,,,,,"2","NO INDICATION OF INJURY","0","0","0","0","0","2","0","13","7","5","41.9757811633","-87.7153059153","POINT (-87.715305915285 41.975781163318)"
"ab2397558b55fdcad2e5c345f9acc35828751c461d9ec87369a1debc212b22b4a7a311eca78f6829287e08fd23084d1c890f6dd495c2ed2e904910263bda4014",,"2025-05-17T13:00:00.000","35","NO CONTROLS","NO CONTROLS","CLEAR","DAYLIGHT","REAR END","NOT DIVIDED",,"STRAIGHT AND LEVEL","DRY","NO DEFECTS","ON SCENE","NO INJURY / DRIVE AWAY",,,"Y","OVER $1,500","2025-05-17T13:05:00.000","UNABLE TO DETERMINE","NOT APPLICABLE","9500","S","STONY ISLAND AVE","511",,,,,,,"2","NO INDICATION OF INJURY","0","0","0","0","0","2","0","13","7","5","41.722257273","-87.5852755651","POINT (-87.585275565077 41.722257273006)"
"f4040080f33c57a11214d1b33e418b43d82081f37f218191cbf01dc333191a8a7f2f85dfc83c721784bf928a860e8cf87f7791908211dea78a07ca9411e68f2a",,"2025-05-17T13:00:00.000","30","TRAFFIC SIGNAL","FUNCTIONING PROPERLY","CLEAR","DAYLIGHT","REAR END","DIVIDED - W/MEDIAN (NOT RAISED)",,"STRAIGHT AND LEVEL","DRY","NO DEFECTS","NOT ON SCENE (DESK REPORT)","INJURY AND / OR TOW DUE TO CRASH","N",,,"OVER $1,500","2025-05-17T15:30:00.000","FOLLOWING TOO CLOSELY","NOT APPLICABLE","7900","S","ASHLAND AVE","611",,,,,,,"2","NO INDICATION OF INJURY","0","0","0","0","0","3","0","13","7","5","41.7502622404","-87.6635801171","POINT (-87.663580117092 41.750262240415)"
"81e5045c1b2e53824716dc10bde2a2b74c225ea4b9b7c13390c5b55f18ad2b1ec90e290222795f72764443473f8c993d1560c2d596040dc28277c47618ca917f",,"2025-05-17T12:58:00.000","35","TRAFFIC SIGNAL","FUNCTIONING PROPERLY","CLEAR","DAYLIGHT","REAR END","FOUR WAY",,"STRAIGHT AND LEVEL","DRY","NO DEFECTS","ON SCENE","NO INJURY / DRIVE AWAY","Y",,"Y","$501 - $1,500","2025-05-17T12:58:00.000","FAILING TO REDUCE SPEED TO AVOID CRASH","NOT APPLICABLE","400","E","111TH ST","513",,,,,,,"2","NO INDICATION OF INJURY","0","0","0","0","0","2","0","12","7","5","41.6928479965","-87.6133173068","POINT (-87.6133173068 41.692847996468)"
"6e9b92f1ef3f528642039be783f6f2e2f3e7eb0abe1fbb449bebff075b9a57a189fcf150b4954f59e73964746f97b63915b2f8a445977889aa7ab90dd15522ec",,"2025-05-17T12:54:00.000","30","TRAFFIC SIGNAL","FUNCTIONING PROPERLY","CLEAR","DAYLIGHT","SIDESWIPE SAME DIRECTION","ONE-WAY",,"STRAIGHT AND LEVEL","DRY","NO DEFECTS","NOT ON SCENE (DESK REPORT)","NO INJURY / DRIVE AWAY",,,,"OVER $1,500","2025-05-17T14:30:00.000","IMPROPER LANE USAGE","IMPROPER LANE USAGE","537","N","RUSH ST","1834",,,,,,,"2","NO INDICATION OF INJURY","0","0","0","0","0","2","0","12","7","5","41.8920472256","-87.6252264466","POINT (-87.625226446576 41.892047225586)"
"e362a2caaf60c8d602c9ea10118f97c4affaa62087e5d986b2f1550458109a0e813dc5fcf5de9aff83c2709688279bd2f7a7375dccd1149c862b85b70a511054",,"2025-05-17T12:50:00.000","35","UNKNOWN","UNKNOWN","CLEAR","DAYLIGHT","ANGLE","DIVIDED - W/MEDIAN BARRIER",,"STRAIGHT AND LEVEL","UNKNOWN","UNKNOWN","ON SCENE","INJURY AND / OR TOW DUE TO CRASH",,,,"OVER $1,500","2025-05-17T12:50:00.000","UNABLE TO DETERMINE","UNABLE TO DETERMINE","8200","S","STONY ISLAND AVE","411",,,,,,,"2","INCAPACITATING INJURY","4","0","2","2","0","3","0","12","7","5","41.7459282584","-87.5859949102","POINT (-87.585994910205 41.745928258449)"
"c916f5d0cefdb06d872741a7688a4bc9aa6d36ab872f1ce4d45922d6ecf9ef5e36825f3c3245b7af5efbdf6c1b9ab6052521d8de05115321103d7acb5ea508b4",,"2025-05-17T12:45:00.000","25","STOP SIGN/FLASHER","FUNCTIONING PROPERLY","CLOUDY/OVERCAST","DAYLIGHT","TURNING","NOT DIVIDED",,"STRAIGHT AND LEVEL","DRY","NO DEFECTS","ON SCENE","NO INJURY / DRIVE AWAY",,,,"OVER $1,500","2025-05-17T13:10:00.000","UNABLE TO DETERMINE","UNABLE TO DETERMINE","2302","W","47TH ST","924",,,,,,,"2","NO INDICATION OF INJURY","0","0","0","0","0","2","0","12","7","5","41.8085411337","-87.68216467","POINT (-87.682164670044 41.808541133703)"
"d46ee64772bfe153decf3e6f39e18939e70cd9b07bd453402c6b77e52dba910fc866d8d8e6d04d883ada7c7b8298a82d25536299093dae27bbea001ffa28c3d7",,"2025-05-17T12:45:00.000","30","NO CONTROLS","NO CONTROLS","CLEAR","DAYLIGHT","REAR END","NOT DIVIDED",,"STRAIGHT AND LEVEL","DRY","NO DEFECTS","ON SCENE","NO INJURY / DRIVE AWAY",,,,"$501 - $1,500","2025-05-17T12:55:00.000","FAILING TO REDUCE SPEED TO AVOID CRASH","FOLLOWING TOO CLOSELY","3740","W","55TH ST","822",,,,,,,"3","NO INDICATION OF INJURY","0","0","0","0","0","5","0","12","7","5","41.7933957153","-87.7174342243","POINT (-87.717434224331 41.793395715267)"
"1571df2f3e93260dbab2dfd0e45e87660bf72171fef6baac2ba576bcc4b2650f03bf73a1133fb1013010da6257e5bb0587c0648668c6c66fcc867823fc6bf746",,"2025-05-17T12:43:00.000","30","NO CONTROLS","NO CONTROLS","CLEAR","DAYLIGHT","SIDESWIPE SAME DIRECTION","NOT DIVIDED",,"STRAIGHT AND LEVEL","DRY","NO DEFECTS","NOT ON SCENE (DESK REPORT)","NO INJURY / DRIVE AWAY",,,,"OVER $1,500","2025-05-17T21:30:00.000","UNABLE TO DETERMINE","NOT APPLICABLE","4548","W","LAKE ST","1113",,,,,,,"2","NO INDICATION OF INJURY","0","0","0","0","0","5","0","12","7","5","41.8863946171","-87.740084095","POINT (-87.74008409497 41.886394617088)"
"3a5778d2addfa114c444fff391ea30b52d383f9a2aeddc875e0b7a8be918c6b0521abc7eb5f6d9aafb96511049237519fd263b2b5ed1d54ca7688181c04c4d31",,"2025-05-17T12:35:00.000","30","STOP SIGN/FLASHER","FUNCTIONING PROPERLY","CLEAR","DAYLIGHT","ANGLE","T-INTERSECTION",,"STRAIGHT AND LEVEL","DRY","UNKNOWN","ON SCENE","INJURY AND / OR TOW DUE TO CRASH",,,,"OVER $1,500","2025-05-17T12:40:00.000","FAILING TO YIELD RIGHT-OF-WAY","FAILING TO YIELD RIGHT-OF-WAY","2431","N","LARAMIE AVE","2521",,,,,,,"2","NO INDICATION OF INJURY","0","0","0","0","0","5","0","12","7","5","41.9251074652","-87.7560356466","POINT (-87.756035646616 41.925107465178)"
"d86f45147174db513c87f3d479892fe2ed84ae50771081d209ea42548b9acf016cdac77fc2c9f5a1a9c32576329494399ba4fe56ea2865b0d15feb8283ac64b5",,"2025-05-17T12:34:00.000","15","NO CONTROLS","NO CONTROLS","UNKNOWN","DAYLIGHT","FIXED OBJECT","ALLEY",,"STRAIGHT AND LEVEL","UNKNOWN","NO DEFECTS","ON SCENE","INJURY AND / OR TOW DUE TO CRASH",,"Y",,"OVER $1,500","2025-05-17T12:35:00.000","DRIVING SKILLS/KNOWLEDGE/EXPERIENCE","FAILING TO REDUCE SPEED TO AVOID CRASH","8748","S","BUFFALO AVE","424",,,,,,,"1","NO INDICATION OF INJURY","0","0","0","0","0","1","0","12","7","5","41.7360156236","-87.5445831185","POINT (-87.544583118479 41.736015623581)"
"12c176e111edfbf46924ed12d9f7139be0f6a15a12d24090eeee6dfd19d6ff9c88ae50f77ff74eda3346960add797f723be706f2cc41e86346ab4eaef3e419d7",,"2025-05-17T12:30:00.000","30","STOP SIGN/FLASHER","FUNCTIONING IMPROPERLY","CLEAR","DAYLIGHT","ANGLE","NOT DIVIDED",,"STRAIGHT AND LEVEL","DRY","NO DEFECTS","ON SCENE","INJURY AND / OR TOW DUE TO CRASH","Y",,,"OVER $1,500","2025-05-17T12:36:00.000","UNABLE TO DETERMINE","UNABLE TO DETERMINE","1300","N","HALSTED ST","1822",,,,,,,"2","NONINCAPACITATING INJURY","2","0","0","2","0","0","0","12","7","5","41.9051595391","-87.6482696941","POINT (-87.648269694078 41.905159539077)"
"1b8de8127a59a5f2a46d3d7b0c1149d31fa37485ab1e7e23f31253ef59e0f0ea472d9d6722595610e8b7936e35412a95a47c587d4af95c69e684dfe871c9e367",,"2025-05-17T12:30:00.000","30","TRAFFIC SIGNAL","FUNCTIONING PROPERLY","CLEAR","DAYLIGHT","TURNING","FOUR WAY",,"STRAIGHT AND LEVEL","DRY","NO DEFECTS","NOT ON SCENE (DESK REPORT)","NO INJURY / DRIVE AWAY","Y",,,"OVER $1,500","2025-05-17T13:50:00.000","FOLLOWING TOO CLOSELY","NOT APPLICABLE","2800","N","CALIFORNIA AVE","1411",,,,,,,"2","NO INDICATION OF INJURY","0","0","0","0","0","2","0","12","7","5","41.9321207191","-87.6977653004","POINT (-87.697765300365 41.932120719106)"
"2adafb42657b3b3d5c8b5c6f31b243c82aad603ec92a6e1e57c59686f59b3c4b7a5eafae31263d03e90455a9b620e5e8722bc0cbcee9ab969229168eb593309c",,"2025-05-17T12:30:00.000","30","NO CONTROLS","NO CONTROLS","CLOUDY/OVERCAST","DAYLIGHT","SIDESWIPE SAME DIRECTION","NOT DIVIDED",,"STRAIGHT AND LEVEL","DRY","NO DEFECTS","NOT ON SCENE (DESK REPORT)","NO INJURY / DRIVE AWAY",,,,"OVER $1,500","2025-05-17T13:15:00.000","FAILING TO YIELD RIGHT-OF-WAY","UNABLE TO DETERMINE","3811","N","HARLEM AVE","1632",,,,,,,"2","NO INDICATION OF INJURY","0","0","0","0","0","2","0","12","7","5","41.9492761664","-87.8069991488","POINT (-87.806999148771 41.949276166371)"
"5a6618213f7e3c32472b54a9a8364f35c3d27fe3110d40555012f4909c3560fb73f2dc146a96a6e2419a920774408d2532ded2bebad6972f2eb13129ba1879df",,"2025-05-17T12:30:00.000","30","TRAFFIC SIGNAL","FUNCTIONING PROPERLY","CLEAR","DAYLIGHT","TURNING","FOUR WAY",,"STRAIGHT AND LEVEL","DRY","NO DEFECTS","ON SCENE","INJURY AND / OR TOW DUE TO CRASH","Y",,,"OVER $1,500","2025-05-17T12:44:00.000","FAILING TO YIELD RIGHT-OF-WAY","IMPROPER TURNING/NO SIGNAL","1460","W","NORTH AVE","1433",,,,,,,"2","NONINCAPACITATING INJURY","1","0","0","1","0","2","0","12","7","5","41.9107746103","-87.6651838115","POINT (-87.665183811467 41.91077461027)"
"60ceb03d8661dbc82f2d0796ad8ee5800af14f7f26677c3fc99b288c99a01a02d260edc6ee4b3a85511e3544c9b5a7ea70c7c6e3b5db4ab892bcf17b0763bebe",,"2025-05-17T12:30:00.000","10","NO CONTROLS","NO CONTROLS","UNKNOWN","UNKNOWN","PARKED MOTOR VEHICLE","PARKING LOT",,"STRAIGHT AND LEVEL","UNKNOWN","UNKNOWN","NOT ON SCENE (DESK REPORT)","NO INJURY / DRIVE AWAY",,,,"$501 - $1,500","2025-05-19T11:30:00.000","UNABLE TO DETERMINE","NOT APPLICABLE","5893","S","ARCHER AVE","811",,,,,,,"2","NO INDICATION OF INJURY","0","0","0","0","0","2","0","12","7","5","41.7955722492","-87.7625162943","POINT (-87.762516294322 41.795572249211)"
"933c255df66b7a0317bc6fc770452a34ab686fc98a8478bd85397664b14d0adf615be48e5ec77be1af351e81c578187460e78f0ae6b01bd9ea5a886e6c7894c7","Y","2025-05-17T12:30:00.000","30","NO CONTROLS","NO CONTROLS","CLEAR","DAYLIGHT","ANGLE","NOT DIVIDED",,"STRAIGHT AND LEVEL","DRY","UNKNOWN","NOT ON SCENE (DESK REPORT)","NO INJURY / DRIVE AWAY",,,,"OVER $1,500","2025-05-17T13:10:00.000","UNABLE TO DETERMINE","NOT APPLICABLE","3610","N","WESTERN AVE","1921",,,,,,,"2","NO INDICATION OF INJURY","0","0","0","0","0","2","0","12","7","5","41.9471006865","-87.6884137194","POINT (-87.688413719427 41.947100686508)"
"d9656b083506a13f0165c055ef6e99529e70e7a02eaff1706b801da52dcf09dd7a12629eb1a852339d9228103fc28e1fa602a6609ebac4d74120753ce2794b3b","Y","2025-05-17T12:30:00.000","30","NO CONTROLS","NO CONTROLS","CLEAR","DAYLIGHT","PARKED MOTOR VEHICLE","ONE-WAY",,"STRAIGHT AND LEVEL","DRY","NO DEFECTS","NOT ON SCENE (DESK REPORT)","NO INJURY / DRIVE AWAY",,,"Y","$501 - $1,500","2025-05-17T18:20:00.000","DRIVING SKILLS/KNOWLEDGE/EXPERIENCE","DRIVING SKILLS/KNOWLEDGE/EXPERIENCE","647","W","DEMING PL","1935","Y",,,,,,"2","NO INDICATION OF INJURY","0","0","0","0","0","1","0","12","7","5","41.9277599109","-87.6460021773","POINT (-87.646002177254 41.927759910913)"
"0995ddc11039e4ee2a7087bbc4182f722b06ae20bf374dd0eac71cd6b55e206629280543f30b193952e8d036227130d28bfe84909387b296713168070d502e4b",,"2025-05-17T12:17:00.000","30","NO CONTROLS","NO CONTROLS","CLOUDY/OVERCAST","DAYLIGHT","ANGLE","NOT DIVIDED",,"STRAIGHT AND LEVEL","DRY","NO DEFECTS","ON SCENE","INJURY AND / OR TOW DUE TO CRASH",,,,"OVER $1,500","2025-05-17T12:22:00.000","UNABLE TO DETERMINE","UNABLE TO DETERMINE","5300","S","PULASKI RD","815",,,,,,,"2","REPORTED, NOT EVIDENT","1","0","0","0","1","4","0","12","7","5","41.7967545719","-87.7234092203","POINT (-87.7234092203 41.796754571853)"
"70297416e64550b4163bf0cc94754ee869d5cbfde567ac9b381f83571a1be5dd041690d37dfedc762036b3c018f3d98692454f0e4f504a6877c4acb064e54174",,"2025-05-17T12:17:00.000","30","STOP SIGN/FLASHER","FUNCTIONING PROPERLY","CLOUDY/OVERCAST","DAYLIGHT","SIDESWIPE SAME DIRECTION","DIVIDED - W/MEDIAN (NOT RAISED)",,"STRAIGHT AND LEVEL","DRY","NO DEFECTS","ON SCENE","NO INJURY / DRIVE AWAY",,,,"$501 - $1,500","2025-05-17T12:19:00.000","FAILING TO YIELD RIGHT-OF-WAY","NOT APPLICABLE","4001","N","CICERO AVE","1722",,,,"Y","UNKNOWN",,"2","NO INDICATION OF INJURY","0","0","0","0","0","5","0","12","7","5","41.9534702238","-87.7471574055","POINT (-87.747157405456 41.953470223833)"
"6af2de9b1853f791a3a4b5e9484bf1a04eceb9fd836ebac2ee49fc452bdb66c855e46b97c76bc25588069fe5aaab74b7373b3939d0898e88c4acb524f36b9410",,"2025-05-17T12:15:00.000","30","TRAFFIC SIGNAL","UNKNOWN","CLEAR","DAYLIGHT","REAR END","DIVIDED - W/MEDIAN (NOT RAISED)",,"STRAIGHT AND LEVEL","DRY","UNKNOWN","NOT ON SCENE (DESK REPORT)","NO INJURY / DRIVE AWAY",,,,"OVER $1,500","2025-05-17T13:05:00.000","UNABLE TO DETERMINE","NOT APPLICABLE","5557","W","NORTH AVE","2532",,,,,,,"2","NO INDICATION OF INJURY","0","0","0","0","0","2","0","12","7","5","41.9092738478","-87.7652564836","POINT (-87.765256483567 41.909273847834)"
"8929d356f395518ee609435a3d10c87d329a8f427adbf1c7727948fff56f9c562cdb45f4ae616c7e18ea809104b8719a03bdede9bee3dfe62d428884ac141ea4",,"2025-05-17T12:15:00.000","45","OTHER","FUNCTIONING PROPERLY","CLOUDY/OVERCAST","DAYLIGHT","SIDESWIPE SAME DIRECTION","OTHER",,"STRAIGHT AND LEVEL","DRY","NO DEFECTS","NOT ON SCENE (DESK REPORT)","NO INJURY / DRIVE AWAY",,,,"OVER $1,500","2025-05-17T12:50:00.000","DRIVING SKILLS/KNOWLEDGE/EXPERIENCE","UNABLE TO DETERMINE","8901","S","CHICAGO SKYWAY IB","423",,,,,,,"2","NO INDICATION OF INJURY","0","0","0","0","0","2","0","12","7","5",,,
"8c72126fff323035aadcd5fe8b122b301704520b81fa25d44742141309f07b39aa6bb2934931fa91eca98048f4fba5daf42709632e8591a8ef5cd9ebe80ce5b9",,"2025-05-17T12:15:00.000","30","TRAFFIC SIGNAL","FUNCTIONING PROPERLY","CLEAR","DAYLIGHT","REAR END","DIVIDED - W/MEDIAN (NOT RAISED)",,"STRAIGHT AND LEVEL","DRY","NO DEFECTS","NOT ON SCENE (DESK REPORT)","NO INJURY / DRIVE AWAY","Y",,,"OVER $1,500","2025-05-17T13:05:00.000","FOLLOWING TOO CLOSELY","UNABLE TO DETERMINE","4050","W","LAWRENCE AVE","1712",,,,,,,"2","NO INDICATION OF INJURY","0","0","0","0","0","2","0","12","7","5","41.9683297413","-87.7301052495","POINT (-87.730105249529 41.968329741287)"