"crash_record_id","crash_date_est_i","crash_date","posted_speed_limit","traffic_control_device","device_condition","weather_condition","lighting_condition","first_crash_type","trafficway_type","lane_cnt","alignment","roadway_surface_cond","road_defect","report_type","crash_type","intersection_related_i","private_property_i","hit_and_run_i","damage","date_police_notified","prim_contributory_cause","sec_contributory_cause","street_no","street_direction","street_name","beat_of_occurrence","photos_taken_i","statements_taken_i","dooring_i","work_zone_i","work_zone_type","workers_present_i","num_units","most_severe_injury","injuries_total","injuries_fatal","injuries_incapacitating","injuries_non_incapacitating","injuries_reported_not_evident","injuries_no_indication","injuries_unknown","crash_hour","crash_day_of_week","crash_month","latitude","longitude","location"
"a6116c504f13bb5bea41aa19f035b55ba3c03fa2ccbb684660b15d96f7043623652473fbc66edf318731a5c1bbb9ffeaa245d286cc15f49fa9ccca8e038934c4",,"2025-05-17T12:15:00.000","30","TRAFFIC SIGNAL","FUNCTIONING PROPERLY","CLEAR","DAYLIGHT","TURNING","DIVIDED - W/MEDIAN (NOT RAISED)",,"STRAIGHT AND LEVEL","DRY","NO DEFECTS","ON SCENE","NO INJURY / DRIVE AWAY","Y",,,"OVER $1,500","2025-05-17T12:20:00.000","UNABLE TO DETERMINE","UNABLE TO DETERMINE","3700","W","COLUMBUS AVE","834",,,,,,,"2","NO INDICATION OF INJURY","0","0","0","0","0","3","0","12","7","5","41.7412384048","-87.7144922663","POINT (-87.714492266332 41.741238404792)"
"af4d55ded89867681c34bc67823dc05d3af7ded4c245085e152072b502b20ba5ba153f2d74432d36a35fee29fc7221754f5ab51f43bc2f3cea5b0238b3484e7b",,"2025-05-17T12:14:00.000","30","STOP SIGN/FLASHER","FUNCTIONING PROPERLY","CLEAR","DAYLIGHT","PEDESTRIAN","FOUR WAY",,"STRAIGHT AND LEVEL","DRY","NO DEFECTS","ON SCENE","INJURY AND / OR TOW DUE TO CRASH","Y",,,"OVER $1,500","2025-05-17T12:15:00.000","FAILING TO YIELD RIGHT-OF-WAY","UNABLE TO DETERMINE","600","E","61ST ST","313",,,,,,,"2","INCAPACITATING INJURY","1","0","1","0","0","1","0","12","7","5","41.7840798962","-87.6108271176","POINT (-87.610827117552 41.784079896176)"
"5d1f34bbe15572238ed47222a38a7606c564411b22ae003f120ce987feffcdc3a570ec2ec7f46e4832644b5d67cf2964a6bac4b892a79152b69381afb9efa9fe",,"2025-05-17T12:10:00.000","35","TRAFFIC SIGNAL","FUNCTIONING PROPERLY","CLEAR","DAYLIGHT","SIDESWIPE SAME DIRECTION","FOUR WAY",,"STRAIGHT AND LEVEL","DRY","NO DEFECTS","ON SCENE","INJURY AND / OR TOW DUE TO CRASH","Y",,,"$501 - $1,500","2025-05-17T12:17:00.000","FAILING TO YIELD RIGHT-OF-WAY","UNABLE TO DETERMINE","6398","N","PULASKI RD","1711",,,,,,,"2","REPORTED, NOT EVIDENT","1","0","0","0","1","2","0","12","7","5","41.9971511699","-87.7290573862","POINT (-87.729057386203 41.997151169918)"
"8adc363145210ea4eaf553434dff6f48ba723ffbb8f356f4a233267ea45f1ec232db02a1e342f771b10b10e3a8513e843ff0cfdc12b401276ecac6af253a734d",,"2025-05-17T12:10:00.000","25","NO CONTROLS","NO CONTROLS","CLEAR","DAYLIGHT","TURNING","NOT DIVIDED",,"STRAIGHT AND LEVEL","DRY","UNKNOWN","NOT ON SCENE (DESK REPORT)","NO INJURY / DRIVE AWAY",,,,"$500 OR LESS","2025-05-18T11:00:00.000","UNABLE TO DETERMINE","UNABLE TO DETERMINE","3618","W","WILSON AVE","1723",,,,,,,"2","NO INDICATION OF INJURY","0","0","0","0","0","2","0","12","7","5","41.9648127423","-87.7189141327","POINT (-87.718914132668 41.964812742282)"
"2a59ca6fa0e8a8a2cfcbcfc816c527d0e3c28d0bba27f4f00f3f7b0962f9be81d680e17551448900666d9fecc8ca59c8690d458d06080372692c9add3a937c43",,"2025-05-17T12:00:00.000","30","NO CONTROLS","NO CONTROLS","CLEAR","DAYLIGHT","REAR END","NOT DIVIDED",,"STRAIGHT AND LEVEL","UNKNOWN","NO DEFECTS","NOT ON SCENE (DESK REPORT)","NO INJURY / DRIVE AWAY",,,"Y","OVER $1,500","2025-05-17T14:40:00.000","DRIVING SKILLS/KNOWLEDGE/EXPERIENCE","NOT APPLICABLE","6200","S","DAMEN AVE","714",,,,,,,"2","NO INDICATION OF INJURY","0","0","0","0","0","3","0","12","7","5","41.7810680843","-87.674095338","POINT (-87.674095337978 41.781068084327)"
"403811974b471f9915322765ae944090dd74f60910ce25ec76390ebf900db0df59df98ab7c171c8788245879c695841d21844e6d40cc3fd89201a78d6919c617",,"2025-05-17T12:00:00.000","30","TRAFFIC SIGNAL","FUNCTIONING PROPERLY","CLEAR","DAYLIGHT","REAR END","T-INTERSECTION",,"STRAIGHT AND LEVEL","DRY","NO DEFECTS","ON SCENE","INJURY AND / OR TOW DUE TO CRASH","Y",,,"OVER $1,500","2025-05-17T12:43:00.000","UNABLE TO DETERMINE","NOT APPLICABLE","6800","S","JEFFERY BLVD","332",,,,,,,"3","NONINCAPACITATING INJURY","1","0","0","1","0","3","0","12","7","5","41.7715353798","-87.5765919826","POINT (-87.576591982646 41.77153537983)"
"41b1e82c9da1590ec5544ab86f4c394ed4710d9e89d95d3a1a7028154e2b6701f1b49bd754d0ec7adb37e4d51372c5a00488a67819f9153a02722e934b853264",,"2025-05-17T12:00:00.000","30","UNKNOWN","UNKNOWN","CLEAR","DAYLIGHT","REAR END","NOT DIVIDED",,"STRAIGHT AND LEVEL","UNKNOWN","UNKNOWN","NOT ON SCENE (DESK REPORT)","NO INJURY / DRIVE AWAY",,,,"OVER $1,500","2025-05-17T12:50:00.000","UNABLE TO DETERMINE","UNABLE TO DETERMINE","6000","W","ADDISON ST","1633",,,,,,,"2","NO INDICATION OF INJURY","0","0","0","0","0","3","0","12","7","5","41.9458796756","-87.7766274209","POINT (-87.776627420937 41.945879675591)"
"4ec8149f0cf222713519749de06d2d85be0ba63622fb83e1959816962b594b6cbbe890e27a9d0cd5401fda165046c40f627f9eb5a30335751894662436d0fd55",,"2025-05-17T12:00:00.000","15","UNKNOWN","UNKNOWN","UNKNOWN","UNKNOWN","FIXED OBJECT","ALLEY",,"STRAIGHT AND LEVEL","UNKNOWN","UNKNOWN","NOT ON SCENE (DESK REPORT)","NO INJURY / DRIVE AWAY",,,,"OVER $1,500","2025-05-17T12:30:00.000","NOT APPLICABLE","NOT APPLICABLE","4203","W","GLADYS AVE","1132",,,,,,,"1","NO INDICATION OF INJURY","0","0","0","0","0","1","0","12","7","5","41.8760040351","-87.7306135975","POINT (-87.730613597527 41.87600403511)"
"d78b50bb5db15e823a51616d269d494419e27093f103a49c0bc85c2022544b8985ccff97404dd0edf2b8624a87257b3805cab74ebda50d09d4ebf2a531888625","Y","2025-05-17T12:00:00.000","15","NO CONTROLS","NO CONTROLS","UNKNOWN","UNKNOWN","PARKED MOTOR VEHICLE","PARKING LOT",,"STRAIGHT AND LEVEL","UNKNOWN","NO DEFECTS","ON SCENE","NO INJURY / DRIVE AWAY",,"N",,"OVER $1,500","2025-05-17T12:20:00.000","UNABLE TO DETERMINE","NOT APPLICABLE","2734","W","ARGYLE ST","2031",,,,,,,"2","NO INDICATION OF INJURY","0","0","0","0","0","1","0","12","7","5","41.9722935208","-87.6977947535","POINT (-87.697794753543 41.972293520834)"
"9f79860141245d5269877336df380da7f0b4b91a4ad62d71b31bf33dade8a513104d00cb4cc1432e3bf4f005551e601945aef37f6637695a41ebe5ff91827a10",,"2025-05-17T11:55:00.000","35","NO CONTROLS","NO CONTROLS","CLEAR","DAYLIGHT","REAR END","NOT DIVIDED",,"STRAIGHT AND LEVEL","DRY","NO DEFECTS","NOT ON SCENE (DESK REPORT)","NO INJURY / DRIVE AWAY",,,,"OVER $1,500","2025-05-17T12:35:00.000","FOLLOWING TOO CLOSELY","FAILING TO REDUCE SPEED TO AVOID CRASH","5413","W","FOSTER AVE","1623",,,,,,,"2","NO INDICATION OF INJURY","0","0","0","0","0","3","0","11","7","5","41.9750522151","-87.763295983","POINT (-87.763295983045 41.975052215115)"
"fc1f67ea2459fbad95a0e86754ef082ae4e0a91095e266a3fc60d081a4e9cbaf3797944237eca5c438f6c9636d7d0180290e6208893e6999f4a3b014f0eea8c5",,"2025-05-17T11:39:00.000","0","SCHOOL ZONE","NO CONTROLS","CLEAR","DAYLIGHT","FIXED OBJECT","PARKING LOT",,"STRAIGHT AND LEVEL","DRY","NO DEFECTS","ON SCENE","INJURY AND / OR TOW DUE TO CRASH",,"Y",,"OVER $1,500","2025-05-17T11:40:00.000","DRIVING SKILLS/KNOWLEDGE/EXPERIENCE","FAILING TO REDUCE SPEED TO AVOID CRASH","6700","N","GREENVIEW AVE","2432",,,,,,,"1","NO INDICATION OF INJURY","0","0","0","0","0","2","0","11","7","5","42.0036762204","-87.6682602565","POINT (-87.668260256532 42.00367622037)"
"307f2243787581b2a3c752b3b56fccaeb59db47005d705e15ed1fecbb589f55274a99c0cab10e33a8101425a79ec7be18b5c81453cd506906acf776bf6891985",,"2025-05-17T11:34:00.000","30","TRAFFIC SIGNAL","FUNCTIONING PROPERLY","CLEAR","DAYLIGHT","TURNING","DIVIDED - W/MEDIAN (NOT RAISED)",,"STRAIGHT AND LEVEL","DRY","NO DEFECTS","NOT ON SCENE (DESK REPORT)","NO INJURY / DRIVE AWAY","Y",,,"OVER $1,500","2025-05-17T16:30:00.000","FAILING TO YIELD RIGHT-OF-WAY","UNABLE TO DETERMINE","6000","N","CALIFORNIA AVE","2413",,,,,,,"2","NO INDICATION OF INJURY","0","0","0","0","0","2","0","11","7","5","41.9905277171","-87.6995520841","POINT (-87.699552084052 41.990527717148)"
"56095e4e86a56c8fe0e475ea26673d27f209a0e2d40ed7cf5312d91004b8f307b307033581dcb8880fe673fdd9fb6c1ac74d330b55d55db7d8ceea8b628ddaf6","Y","2025-05-17T11:30:00.000","30","UNKNOWN","UNKNOWN","CLEAR","DAYLIGHT","PARKED MOTOR VEHICLE","ALLEY",,"STRAIGHT AND LEVEL","DRY","UNKNOWN","NOT ON SCENE (DESK REPORT)","NO INJURY / DRIVE AWAY",,,"Y","$501 - $1,500","2025-05-17T16:27:00.000","UNABLE TO DETERMINE","NOT APPLICABLE","1424","S","HARDING AVE","1011",,,,,,,"2","NO INDICATION OF INJURY","0","0","0","0","0","1","0","11","7","5","41.8617592685","-87.7239752891","POINT (-87.723975289069 41.861759268453)"
"eda2ba6750f170771835518b3bd772cdc30017087fddb1007efef787f67a250a2d76e0ddd2ca983954c5254b6667f63664f15229f58ce1547e55efcb5e428b12","N","2025-05-17T11:21:00.000","35","TRAFFIC SIGNAL","UNKNOWN","CLOUDY/OVERCAST","DAYLIGHT","SIDESWIPE SAME DIRECTION","DIVIDED - W/MEDIAN (NOT RAISED)",,"STRAIGHT AND LEVEL","DRY","NO DEFECTS","ON SCENE","INJURY AND / OR TOW DUE TO CRASH",,,,"OVER $1,500","2025-05-17T11:21:00.000","UNABLE TO DETERMINE","NOT APPLICABLE","931","E","63RD ST","314",,,,,,,"2","NO INDICATION OF INJURY","0","0","0","0","0","4","0","11","7","5","41.7803505793","-87.6017176202","POINT (-87.601717620209 41.780350579313)"
"a6a990928e0402e3a45e3f8bc18a996e3c9374cd28775e1b38961c921ffeb9352170cedee2226c604233d076ffc9ae97abdb2e57c547e6780c76e470311c1186",,"2025-05-17T11:20:00.000","30","NO CONTROLS","NO CONTROLS","CLEAR","DAYLIGHT","SIDESWIPE SAME DIRECTION","NOT DIVIDED",,"STRAIGHT AND LEVEL","DRY","NO DEFECTS","NOT ON SCENE (DESK REPORT)","NO INJURY / DRIVE AWAY",,,,"OVER $1,500","2025-05-17T14:00:00.000","IMPROPER OVERTAKING/PASSING","IMPROPER OVERTAKING/PASSING","4950","N","KOLMAR AVE","1712",,,,,,,"2","NO INDICATION OF INJURY","0","0","0","0","0","2","0","11","7","5","41.9708721226","-87.7445144575","POINT (-87.744514457532 41.970872122617)"
"f946e20424cf33f77497cbc7a28040cd4499c236ecb5c2055915140b5fa7ec439c7a72ca21bb5e450b041a18bf8199e52c44b30f3866c9fcdd83a8364c542a05",,"2025-05-17T11:09:00.000","30","NO CONTROLS","NO CONTROLS","CLEAR","DAYLIGHT","PEDALCYCLIST","NOT DIVIDED",,"STRAIGHT AND LEVEL","DRY","NO DEFECTS","ON SCENE","INJURY AND / OR TOW DUE TO CRASH",,,,"$501 - $1,500","2025-05-17T11:15:00.000","FAILING TO YIELD RIGHT-OF-WAY","NOT APPLICABLE","2762","N","LINCOLN AVE","1932",,"N","Y",,,,"3","REPORTED, NOT EVIDENT","1","0","0","0","1","3","0","11","7","5","41.931945729","-87.6580639941","POINT (-87.658063994104 41.931945728955)"
"607a4426bed2ddf4c113fb5a6c8c0a2aff83b4b788045c30b9761c84d26ab7652c1e4f4af85995f28913ef9517817bc1799b30c7505de6d54fcfe68d06baeba1",,"2025-05-17T11:00:00.000","30","NO CONTROLS","NO CONTROLS","CLEAR","DAYLIGHT","SIDESWIPE SAME DIRECTION","NOT DIVIDED",,"STRAIGHT AND LEVEL","DRY","NO DEFECTS","ON SCENE","INJURY AND / OR TOW DUE TO CRASH",,,"Y","OVER $1,500","2025-05-17T11:00:00.000","UNABLE TO DETERMINE","UNABLE TO DETERMINE","425","W","PERSHING RD","925",,,,,,,"2","NO INDICATION OF INJURY","0","0","0","0","0","2","0","11","7","5","41.8234608151","-87.6373071722","POINT (-87.637307172219 41.823460815088)"
"758a2de3b8fd88f45429dffff75c86406e798c74d217269b32d7604e8575a1db90cd33970d1f745801ea5317569e3cde413899f59638d16b86ca801664048b73",,"2025-05-17T11:00:00.000","10","NO CONTROLS","NO CONTROLS","CLEAR","DAYLIGHT","ANGLE","NOT DIVIDED",,"STRAIGHT AND LEVEL","DRY","NO DEFECTS","ON SCENE","NO INJURY / DRIVE AWAY",,,,"OVER $1,500","2025-05-17T11:15:00.000","NOT APPLICABLE","NOT APPLICABLE","2817","W","ROSEMONT AVE","2413",,,,,,,"2","NO INDICATION OF INJURY","0","0","0","0","0","2","0","11","7","5","41.9956480996","-87.7003071207","POINT (-87.700307120698 41.995648099633)"
"c40532126fa046edabb6e816147be156cbbe1324b0637b7915ece240cf99055fe3c8f5318b7ff6014f0f70623f39cd102b1a5046af086e81ba841458a857ac6f",,"2025-05-17T10:59:00.000","30","STOP SIGN/FLASHER","FUNCTIONING PROPERLY","CLEAR","DAYLIGHT","TURNING","FOUR WAY",,"STRAIGHT AND LEVEL","DRY","UNKNOWN","ON SCENE","INJURY AND / OR TOW DUE TO CRASH","Y",,,"OVER $1,500","2025-05-17T11:01:00.000","FAILING TO YIELD RIGHT-OF-WAY","NOT APPLICABLE","2428","S","WESTERN AVE","1034",,,,,,,"2","NO INDICATION OF INJURY","0","0","0","0","0","2","0","10","7","5","41.8475343146","-87.6856609318","POINT (-87.685660931818 41.847534314646)"
"88049d6f45334e8803fb0020d2625cfdbc75d17638ad7b3558bb32c523c43e617a8260af9b29d81ee4bcf46b9a7dc5fa7048ce1c31bdc9cc0047dc65e9557f55",,"2025-05-17T10:50:00.000","30","TRAFFIC SIGNAL","FUNCTIONING PROPERLY","CLEAR","DAYLIGHT","SIDESWIPE SAME DIRECTION","FOUR WAY",,"STRAIGHT AND LEVEL","DRY","NO DEFECTS","NOT ON SCENE (DESK REPORT)","NO INJURY / DRIVE AWAY","Y",,,"OVER $1,500","2025-05-17T11:05:00.000","DRIVING SKILLS/KNOWLEDGE/EXPERIENCE","UNABLE TO DETERMINE","2200","S","WENTWORTH AVE","914",,,,,,,"2","NO INDICATION OF INJURY","0","0","0","0","0","2","0","10","7","5","41.8528166817","-87.6321552892","POINT (-87.632155289181 41.852816681706)"
"8e599998eccb932f40d29cf024165ff7982b93a4f674a5de347ac4fc7df4771afce74a5e80c90c88ed85b628215230fcb5f9ce3c9e1bbf7078ea2c5ea11ff0ce",,"2025-05-17T10:50:00.000","30","NO CONTROLS","NO CONTROLS","CLEAR","DAYLIGHT","PARKED MOTOR VEHICLE","NOT DIVIDED",,"STRAIGHT AND LEVEL","DRY","NO DEFECTS","ON SCENE","INJURY AND / OR TOW DUE TO CRASH",,,,"OVER $1,500","2025-05-17T10:58:00.000","DRIVING SKILLS/KNOWLEDGE/EXPERIENCE","DRIVING SKILLS/KNOWLEDGE/EXPERIENCE","5342","N","RAVENSWOOD AVE","2012",,,,,,,"2","NO INDICATION OF INJURY","0","0","0","0","0","1","0","10","7","5","41.9791481466","-87.6752467021","POINT (-87.675246702078 41.979148146563)"
"5f4531bbbb87fcb621463b5ff440ef6c301fe2166a984dad2ea779870fc8844255dd46a620a669d649d6280c1952f6e2419da244e3dbee92a831d3ffc625d5d6",,"2025-05-17T10:44:00.000","35","NO CONTROLS","NO CONTROLS","CLEAR","DAYLIGHT","SIDESWIPE SAME DIRECTION","DIVIDED - W/MEDIAN (NOT RAISED)",,"STRAIGHT AND LEVEL","DRY","NO DEFECTS","ON SCENE","NO INJURY / DRIVE AWAY",,,,"$500 OR LESS","2025-05-17T10:45:00.000","FAILING TO YIELD RIGHT-OF-WAY","NOT APPLICABLE","2600","N","WESTERN AVE","1411",,,,,,,"2","NO INDICATION OF INJURY","0","0","0","0","0","2","0","10","7","5","41.9286697899","-87.6879222355","POINT (-87.687922235539 41.92866978991)"
"6c98c6a528c06a4252afaef903b7c9457c186c4aec8dc3d4c4b09beb77c942dcd8d5626380c44f6901940fa338bcadafa20be7e62e9228b410720ebe77dc7fe7",,"2025-05-17T10:35:00.000","30","NO CONTROLS","NO CONTROLS","CLOUDY/OVERCAST","DAYLIGHT","TURNING","FOUR WAY",,"STRAIGHT AND LEVEL","DRY","NO DEFECTS","ON SCENE","INJURY AND / OR TOW DUE TO CRASH","Y",,,"OVER $1,500","2025-05-17T10:39:00.000","FAILING TO YIELD RIGHT-OF-WAY","UNABLE TO DETERMINE","3298","S","ARCHER AVE","912",,,,,,,"2","REPORTED, NOT EVIDENT","1","0","0","0","1","4","0","10","7","5","41.8341956593","-87.6716712556","POINT (-87.67167125558 41.834195659345)"
"78428947dfdd696704f02a9529fa6e7a6c8ea0d14507e8fa9caf66134fe5bb152195e44982b0cec68659e80b9068243307d15ccaffaab0abcbab3fbd770d889c",,"2025-05-17T10:33:00.000","30","STOP SIGN/FLASHER","FUNCTIONING PROPERLY","CLEAR","DAYLIGHT","TURNING","DIVIDED - W/MEDIAN (NOT RAISED)",,"STRAIGHT AND LEVEL","DRY","NO DEFECTS","ON SCENE","NO INJURY / DRIVE AWAY",,,,"OVER $1,500","2025-05-17T10:45:00.000","UNABLE TO DETERMINE","NOT APPLICABLE","1140","N","LA SALLE DR","1824",,,,,,,"2","NO INDICATION OF INJURY","0","0","0","0","0","2","0","10","7","5","41.9030477003","-87.6330394917","POINT (-87.633039491686 41.903047700283)"
"769f86fb46fc4bb526290661ce5e5bf5ed7df959be2d64c7fbb80268b2f2da4e5361ddf841a7e8770f539574c01f47164c73c523b16daf941ac150cccf61df04",,"2025-05-17T10:30:00.000","30","NO CONTROLS","NO CONTROLS","CLEAR","DAYLIGHT","PARKED MOTOR VEHICLE","NOT DIVIDED",,"STRAIGHT AND LEVEL","DRY","NO DEFECTS","NOT ON SCENE (DESK REPORT)","NO INJURY / DRIVE AWAY",,,,"OVER $1,500","2025-05-17T12:10:00.000","DISTRACTION - FROM INSIDE VEHICLE","DISTRACTION - FROM INSIDE VEHICLE","3618","W","DIVISION ST","2535",,,,,,,"2","NO INDICATION OF INJURY","0","0","0","0","0","3","0","10","7","5","41.9028580678","-87.7174480297","POINT (-87.717448029665 41.902858067827)"
"10b01d022375e970dbea0631584125e91d81ff45f54ef7edf0b86b61e8e40198e218ae905e950af37551b2cad0f5e4e74d0c2a5e758171fdd7097bcd42d07b80",,"2025-05-17T10:29:00.000","30","TRAFFIC SIGNAL","FUNCTIONING PROPERLY","CLEAR","DAYLIGHT","SIDESWIPE SAME DIRECTION","DIVIDED - W/MEDIAN (NOT RAISED)",,"STRAIGHT AND LEVEL","DRY","NO DEFECTS","ON SCENE","NO INJURY / DRIVE AWAY",,,"Y","$500 OR LESS","2025-05-17T11:03:00.000","UNABLE TO DETERMINE","UNABLE TO DETERMINE","13730","S","BRAINARD AVE","433",,,,,,,"2","NO INDICATION OF INJURY","0","0","0","0","0","2","0","10","7","5","41.6456674844","-87.5425098131","POINT (-87.542509813131 41.645667484379)"
"d5f1b1b76061631ea3c8ebbe26cf37d407d96fdf7109cea9c965333dcfe3703c8141ff37b3f85a0b89e586323f29d41c9bccec7cdc7824dbd33f3fe601d97c7f",,"2025-05-17T10:27:00.000","10","UNKNOWN","UNKNOWN","UNKNOWN","DAYLIGHT","REAR TO REAR","PARKING LOT",,"STRAIGHT AND LEVEL","UNKNOWN","UNKNOWN","NOT ON SCENE (DESK REPORT)","NO INJURY / DRIVE AWAY",,,,"OVER $1,500","2025-05-17T10:53:00.000","UNABLE TO DETERMINE","UNABLE TO DETERMINE","3300","N","ASHLAND AVE","1922",,,,,,,"2","NO INDICATION OF INJURY","0","0","0","0","0","2","0","10","7","5","41.9415658578","-87.6688604029","POINT (-87.668860402909 41.941565857782)"
"2ad617a42cd69be99ad2179d3123829881c2a21394c11e83301e6abe7554bfd6b41224dbd366eb581e8e2dc4aa3f756e72f1264c5ea92d96e36c0ef8e5472237","Y","2025-05-17T10:25:00.000","30","TRAFFIC SIGNAL","FUNCTIONING PROPERLY","CLEAR","DAYLIGHT","TURNING","CENTER TURN LANE",,"STRAIGHT AND LEVEL","DRY","NO DEFECTS","ON SCENE","INJURY AND / OR TOW DUE TO CRASH","Y",,,"OVER $1,500","2025-05-17T10:25:00.000","FAILING TO YIELD RIGHT-OF-WAY","UNABLE TO DETERMINE","299","S","AUSTIN BLVD","1513",,,,,,,"2","NONINCAPACITATING INJURY","3","0","0","1","2","0","0","10","7","5","41.8764776987","-87.7743818327","POINT (-87.77438183271 41.876477698719)"
"5ef779e7badfa2e1644ebedf0d5ac243939e768fb9eb423276bc54f8a003e862a70e825d16b51a498dc573a35eb43b8ab353aad220590ef66afd02d834004c58",,"2025-05-17T10:25:00.000","35","TRAFFIC SIGNAL","FUNCTIONING PROPERLY","CLEAR","DAYLIGHT","REAR END","NOT DIVIDED",,"STRAIGHT AND LEVEL","DRY","UNKNOWN","NOT ON SCENE (DESK REPORT)","NO INJURY / DRIVE AWAY",,,,"OVER $1,500","2025-05-17T11:30:00.000","NOT APPLICABLE","NOT APPLICABLE","2420","W","CERMAK RD","1023",,,,,,,"2","NO INDICATION OF INJURY","0","0","0","0","0","3","0","10","7","5","41.85213449","-87.6865594695","POINT (-87.686559469473 41.852134489996)"
"84bd2a19a35afe111a7cc25afc54d70dd04a7ed5f8ca177d5f1ac38afd774d64bb3b4726463e50d1555aa652321262bb8adb63390e54de08d0d3ebdf1fc4cc29",,"2025-05-17T10:20:00.000","15","STOP SIGN/FLASHER","NO CONTROLS","CLEAR","DAYLIGHT","REAR END","NOT DIVIDED",,"STRAIGHT AND LEVEL","DRY","NO DEFECTS",,"NO INJURY / DRIVE AWAY",,,,"$501 - $1,500","2025-05-17T10:30:00.000","FOLLOWING TOO CLOSELY","NOT APPLICABLE","2176","N","STAVE ST","1431",,,,,,,"2","NO INDICATION OF INJURY","0","0","0","0","0","2","0","10","7","5","41.9206492132","-87.6966287731","POINT (-87.696628773086 41.920649213206)"
"b007722e5da22c7f8cdbc6397f627e8aa0d1458bd7173f7f8789d860b664f5c781996533d237ce15a23f608d8319cb5c5254c7f2f973488d60d4f18730716adf",,"2025-05-17T10:20:00.000","30","TRAFFIC SIGNAL","FUNCTIONING PROPERLY","CLEAR","DAYLIGHT","TURNING","ONE-WAY",,"STRAIGHT AND LEVEL","DRY","NO DEFECTS","ON SCENE","NO INJURY / DRIVE AWAY",,,,"OVER $1,500","2025-05-17T10:25:00.000","FAILING TO YIELD RIGHT-OF-WAY","NOT APPLICABLE","1450","N","KARLOV AVE","2534",,,,,,,"2","NO INDICATION OF INJURY","0","0","0","0","0","2","0","10","7","5","41.9076819373","-87.7290477815","POINT (-87.729047781549 41.907681937278)"
"f8da98399658979b8882f54d3ebe5adbe3b5767eb92c7a42986e1f73f0f3985fede54f482831d5e7b89cc30e32082372d3489b5e3371fbbf8f8dd6d66b01db47",,"2025-05-17T10:15:00.000","35","UNKNOWN","UNKNOWN","CLEAR","DAYLIGHT","REAR END","NOT DIVIDED",,"STRAIGHT AND LEVEL","DRY","NO DEFECTS","NOT ON SCENE (DESK REPORT)","NO INJURY / DRIVE AWAY",,,,"OVER $1,500","2025-05-17T10:30:00.000","UNABLE TO DETERMINE","UNABLE TO DETERMINE","2780","N","CLYBOURN AVE","1931",,,,,,,"2","NO INDICATION OF INJURY","0","0","0","0","0","2","0","10","7","5","41.931728602","-87.6776790596","POINT (-87.677679059634 41.931728601983)"
"86c905831e11522e0109c778aeb8e32e21f577a4c8f8863bf53d76ee5fd0f339bc4031b2936569a4cc29d85999c056c38b6296f62740210d60a8e913cdcf3e27",,"2025-05-17T10:00:00.000","35","NO CONTROLS","NO CONTROLS","UNKNOWN","UNKNOWN","FIXED OBJECT","OTHER",,"STRAIGHT AND LEVEL","UNKNOWN","UNKNOWN","ON SCENE","NO INJURY / DRIVE AWAY",,"Y",,"OVER $1,500","2025-05-17T10:11:00.000","UNABLE TO DETERMINE","UNABLE TO DETERMINE","150","W","127TH ST","523",,,,,,,"1","NO INDICATION OF INJURY","0","0","0","0","0","2","0","10","7","5","41.66350259","-87.6265061119","POINT (-87.62650611189 41.663502590014)"
"aa87c44bb02cb74ae4e383b7d6d8d1025bae10e63eafcc6095beb51d142d4002086410cfc9c3a1212ae4d5ecaeb66e0a069ecc7b193b50762fb4f60ab097d58d",,"2025-05-17T10:00:00.000","30","NO CONTROLS","NO CONTROLS","CLOUDY/OVERCAST","DAYLIGHT","PARKED MOTOR VEHICLE","NOT DIVIDED",,"STRAIGHT AND LEVEL","DRY","NO DEFECTS","NOT ON SCENE (DESK REPORT)","NO INJURY / DRIVE AWAY",,,"Y","OVER $1,500","2025-05-17T13:10:00.000","UNABLE TO DETERMINE","UNABLE TO DETERMINE","6920","S","WOODLAWN AVE","321",,,,,,,"2","NO INDICATION OF INJURY","0","0","0","0","0","1","0","10","7","5","41.7692831178","-87.5953859846","POINT (-87.595385984644 41.769283117841)"
"c6f2a993ecb83c4ed21da593049eb70495333e93e678ed4b286fee1eb718d61ba4a53ee8cea926f5a8ec7c76f37c228e03be0cfb45c92eb563aa0e88d31df8f4",,"2025-05-17T10:00:00.000","20","NO CONTROLS","NO CONTROLS","CLEAR","DAYLIGHT","PARKED MOTOR VEHICLE","ONE-WAY",,"STRAIGHT AND LEVEL","DRY","NO DEFECTS","NOT ON SCENE (DESK REPORT)","NO INJURY / DRIVE AWAY",,,,"OVER $1,500","2025-05-17T10:45:00.000","FAILING TO YIELD RIGHT-OF-WAY","NOT APPLICABLE","2928","N","NEWCASTLE AVE","2511",,,,,,,"2","NO INDICATION OF INJURY","0","0","0","0","0","1","0","10","7","5","41.9335672191","-87.7969284606","POINT (-87.796928460636 41.933567219082)"