"crash_record_id","crash_date_est_i","crash_date","posted_speed_limit","traffic_control_device","device_condition","weather_condition","lighting_condition","first_crash_type","trafficway_type","lane_cnt","alignment","roadway_surface_cond","road_defect","report_type","crash_type","intersection_related_i","private_property_i","hit_and_run_i","damage","date_police_notified","prim_contributory_cause","sec_contributory_cause","street_no","street_direction","street_name","beat_of_occurrence","photos_taken_i","statements_taken_i","dooring_i","work_zone_i","work_zone_type","workers_present_i","num_units","most_severe_injury","injuries_total","injuries_fatal","injuries_incapacitating","injuries_non_incapacitating","injuries_reported_not_evident","injuries_no_indication","injuries_unknown","crash_hour","crash_day_of_week","crash_month","latitude","longitude","location"
"8ba058d8d4d6a508659286cbacf07d54f094c9e10816fd14fd36bb6d50c93a424cd43751670fb6659e54ff8cf6b76c8930f5314430863c09dc87fc634e21859b",,"2025-05-16T23:09:00.000","15","NO CONTROLS","NO CONTROLS","CLEAR","UNKNOWN","REAR TO FRONT","PARKING LOT",,"STRAIGHT AND LEVEL","DRY","NO DEFECTS","NOT ON SCENE (DESK REPORT)","NO INJURY / DRIVE AWAY",,"Y",,"OVER $1,500","2025-05-17T00:15:00.000","UNABLE TO DETERMINE","NOT APPLICABLE","111","W","KINZIE ST","1831",,,,,,,"2","NO INDICATION OF INJURY","0","0","0","0","0","2","0","23","6","5","41.8890951778","-87.6315694241","POINT (-87.631569424082 41.88909517779)"
"ace166e8c13ab8f40a46d6f325446c58935c4e78460f2e2cacdd5b8a48dad9384b13938260758f4d29c9b7077a1173fc6736307612249c758eee1589ee5bfdcd",,"2025-05-16T23:00:00.000","25","NO CONTROLS","NO CONTROLS","CLEAR","DARKNESS","PARKED MOTOR VEHICLE","NOT DIVIDED",,"STRAIGHT AND LEVEL","DRY","NO DEFECTS","ON SCENE","NO INJURY / DRIVE AWAY",,,,"$501 - $1,500","2025-05-17T13:20:00.000","NOT APPLICABLE","NOT APPLICABLE","5471","S","INGLESIDE AVE","233",,,,,,,"2","NO INDICATION OF INJURY","0","0","0","0","0","1","0","23","6","5","41.7958676679","-87.6025990623","POINT (-87.602599062299 41.795867667907)"
"db4052d7746f032620ecf8eddad151162e39bccc1287d03fc1a1c67c19507ee4c51fcff87fa58e3f512b45796a898f47749b56fe6020d06b90aa0c7d059754de",,"2025-05-16T23:00:00.000","20","NO CONTROLS","NO CONTROLS","CLEAR","DARKNESS, LIGHTED ROAD","PARKED MOTOR VEHICLE","NOT DIVIDED",,"STRAIGHT AND LEVEL","DRY","NO DEFECTS","NOT ON SCENE (DESK REPORT)","NO INJURY / DRIVE AWAY",,,"Y","OVER $1,500","2025-05-17T09:35:00.000","UNABLE TO DETERMINE","UNABLE TO DETERMINE","4553","W","56TH ST","813",,,,,,,"2","NO INDICATION OF INJURY","0","0","0","0","0","1","0","23","6","5","41.7911477849","-87.73743536","POINT (-87.73743536 41.791147784903)"
"f4b88d083d798d198e41a4a6197f022ec98bf4b66036b3f87542712648a94d2a4d209670465909a97ac1d35636b73633e979a5d9d86769eb56fabcdfc3a9db4b","Y","2025-05-16T23:00:00.000","30","NO CONTROLS","NO CONTROLS","CLEAR","UNKNOWN","PARKED MOTOR VEHICLE","NOT DIVIDED",,"STRAIGHT AND LEVEL","DRY","NO DEFECTS","NOT ON SCENE (DESK REPORT)","NO INJURY / DRIVE AWAY",,,"Y","OVER $1,500","2025-05-18T14:44:00.000","UNABLE TO DETERMINE","NOT APPLICABLE","3316","W","FOSTER AVE","1712",,,,,,,"2","NO INDICATION OF INJURY","0","0","0","0","0","1","0","23","6","5","41.9758192718","-87.7119112674","POINT (-87.711911267442 41.975819271784)"
"882d30f6738f881ae318975f517f1e4fea2aa7422f4e04d324da091683cf0094d661d40b705b5e61aa3c9086f2432162d58a5bb7255ec4ad2a587fa0ab6f433e",,"2025-05-16T22:50:00.000","25","TRAFFIC SIGNAL","NO CONTROLS","CLEAR","DARKNESS, LIGHTED ROAD","TURNING","FOUR WAY",,"STRAIGHT AND LEVEL","DRY","UNKNOWN","NOT ON SCENE (DESK REPORT)","NO INJURY / DRIVE AWAY","Y",,,"OVER $1,500","2025-05-16T23:00:00.000","UNABLE TO DETERMINE","NOT APPLICABLE","6400","N","SHERIDAN RD","2432",,,,,,,"2","NO INDICATION OF INJURY","0","0","0","0","0","2","0","22","6","5","41.9982179205","-87.6606952556","POINT (-87.660695255572 41.998217920532)"
"60fa31c5c419bfda37e82482734e8a3f38964bcd1c60f42e278d1ecf6a4fa6dbb6c2cca0ff962f59ffa1d11a965171bd2842642df08ae697a6728a9bc933ab18",,"2025-05-16T22:43:00.000","30","TRAFFIC SIGNAL","FUNCTIONING PROPERLY","CLEAR","DARKNESS, LIGHTED ROAD","REAR END","DIVIDED - W/MEDIAN BARRIER",,"STRAIGHT AND LEVEL","DRY","NO DEFECTS","ON SCENE","INJURY AND / OR TOW DUE TO CRASH","N",,"Y","$501 - $1,500","2025-05-17T00:12:00.000","UNABLE TO DETERMINE","NOT APPLICABLE","37","W","MARQUETTE RD","722",,,,,,,"3","REPORTED, NOT EVIDENT","1","0","0","0","1","4","0","22","6","5","41.7725763018","-87.626740364","POINT (-87.626740364026 41.772576301797)"
"0cbfa61c3fa597efd0e53133271288538d87df1b2a4fe3db8b4017307e2bf5f40376219dc2a8da7175b41b08441df53f63dbaaed72c02ca9efdc3730cdf9f98f",,"2025-05-16T22:35:00.000","30","TRAFFIC SIGNAL","FUNCTIONING PROPERLY","CLEAR","DARKNESS, LIGHTED ROAD","REAR END","T-INTERSECTION",,"STRAIGHT AND LEVEL","DRY","NO DEFECTS","ON SCENE","INJURY AND / OR TOW DUE TO CRASH",,,"Y","$501 - $1,500","2025-05-16T22:35:00.000","FOLLOWING TOO CLOSELY","FOLLOWING TOO CLOSELY","504","E","115TH ST","531",,,,,,,"2","REPORTED, NOT EVIDENT","1","0","0","0","1","7","0","22","6","5","41.6855536135","-87.6112403379","POINT (-87.611240337889 41.685553613483)"
"f6c764622df05a02eb95a517a940b6310cd1b4ad723106f00372bdf94e4ecc712c903edb1c679de3da47e5cd7648f1b0448f7f194eb491fbb16132e9c0279d6f",,"2025-05-16T22:25:00.000","40","NO CONTROLS","NO CONTROLS","CLEAR","DARKNESS, LIGHTED ROAD","SIDESWIPE SAME DIRECTION","DIVIDED - W/MEDIAN BARRIER",,"STRAIGHT AND LEVEL","DRY","NO DEFECTS","NOT ON SCENE (DESK REPORT)","NO INJURY / DRIVE AWAY",,,"Y","OVER $1,500","2025-05-18T16:15:00.000","UNABLE TO DETERMINE","NOT APPLICABLE","531","N","LAKE SHORE DR NB","1834","Y",,,,,,"2","NO INDICATION OF INJURY","0","0","0","0","0","2","0","22","6","5","41.8919370838","-87.6137762312","POINT (-87.613776231196 41.891937083752)"
"29d161cd77cb911282f817f50db618729625bb16e9d08a7b6d62d8c4a7bd54c892308adbe6b9fde9b51ebf2d68bcdb53fb8e13fd573d67dd68c1e53cda252d97",,"2025-05-16T22:00:00.000","35","TRAFFIC SIGNAL","FUNCTIONING PROPERLY","CLEAR","DARKNESS, LIGHTED ROAD","TURNING","NOT DIVIDED",,"STRAIGHT AND LEVEL","DRY","NO DEFECTS","NOT ON SCENE (DESK REPORT)","NO INJURY / DRIVE AWAY",,,,"OVER $1,500","2025-05-16T22:00:00.000","IMPROPER TURNING/NO SIGNAL","DRIVING SKILLS/KNOWLEDGE/EXPERIENCE","7223","W","BELMONT AVE","2511",,,,,,,"2","NO INDICATION OF INJURY","0","0","0","0","0","2","0","22","6","5","41.9378806929","-87.8077313416","POINT (-87.807731341597 41.937880692851)"
"2f9736e58c3a4e5662505ff657c1c77339bc4efe862380fc3a17f4387c46364bd8087a01f395267a2d1bba138c3cec721b605279a2c5dfef4455287ba66824fe",,"2025-05-16T22:00:00.000","30","NO CONTROLS","NO CONTROLS","CLOUDY/OVERCAST","DARKNESS","SIDESWIPE SAME DIRECTION","NOT DIVIDED",,"STRAIGHT AND LEVEL","UNKNOWN","NO DEFECTS","NOT ON SCENE (DESK REPORT)","NO INJURY / DRIVE AWAY",,,,"OVER $1,500","2025-05-17T14:20:00.000","FAILING TO YIELD RIGHT-OF-WAY","IMPROPER LANE USAGE","6701","W","BELMONT AVE","2511",,,,,,,"2","NO INDICATION OF INJURY","0","0","0","0","0","2","0","22","6","5","41.9380883584","-87.7933118997","POINT (-87.793311899695 41.938088358414)"
"51a8b3a3358b90af5cd1ae8549ac73e6f712fa47ba9038b86412cfceefe43a919b054d7dad11f7cf1065ffa23079013dd596c684e9fd2447949c10428d67c2fe",,"2025-05-16T22:00:00.000","25","NO CONTROLS","NO CONTROLS","UNKNOWN","DARKNESS, LIGHTED ROAD","PARKED MOTOR VEHICLE","NOT DIVIDED",,"STRAIGHT AND LEVEL","UNKNOWN","UNKNOWN","NOT ON SCENE (DESK REPORT)","INJURY AND / OR TOW DUE TO CRASH",,,"Y","OVER $1,500","2025-05-18T16:20:00.000","UNABLE TO DETERMINE","UNABLE TO DETERMINE","210","E","109TH ST","513",,,,,,,"2","NO INDICATION OF INJURY","0","0","0","0","0","1","0","22","6","5","41.6964180891","-87.6178603488","POINT (-87.61786034883 41.696418089071)"
"77cb54cf5b5ef760898fa9fdf816e17bbf05bd0ae063689f6249eeab5744ddc98c0e4375c3433495f947b18bb18951e2298234a37302e5353a2cf52fefbfcd20","Y","2025-05-16T21:47:00.000","30","TRAFFIC SIGNAL","FUNCTIONING PROPERLY","CLEAR","DARKNESS, LIGHTED ROAD","ANGLE","FOUR WAY",,"STRAIGHT AND LEVEL","DRY","NO DEFECTS","ON SCENE","INJURY AND / OR TOW DUE TO CRASH","Y",,"Y","OVER $1,500","2025-05-16T23:54:00.000","UNABLE TO DETERMINE","UNABLE TO DETERMINE","1251","W","DIVISION ST","1213",,,,,,,"2","NONINCAPACITATING INJURY","1","0","0","1","0","2","0","21","6","5","41.9033643771","-87.6595405112","POINT (-87.659540511167 41.903364377104)"
"986a36cc503c1b6374ea4e8319b82365846806d4f992cdc10cec8cba20dc544d02e38d69fe4c955a9932e062c285a6a777f23b9077182855a80afac89f52e153",,"2025-05-16T21:40:00.000","30","NO CONTROLS","NO CONTROLS","CLEAR","DARKNESS, LIGHTED ROAD","SIDESWIPE SAME DIRECTION","NOT DIVIDED",,"STRAIGHT AND LEVEL","DRY","UNKNOWN","NOT ON SCENE (DESK REPORT)","NO INJURY / DRIVE AWAY",,,,"OVER $1,500","2025-05-17T19:20:00.000","FOLLOWING TOO CLOSELY","UNABLE TO DETERMINE","8600","S","RACINE AVE","613",,,,,,,"2","NO INDICATION OF INJURY","0","0","0","0","0","2","0","21","6","5","41.7376626039","-87.6535373115","POINT (-87.653537311537 41.737662603938)"
"bd842b6e164aed4b005d9e65e3939f75a4e0c96c60b4040b80a057e857f4a8b23e3275066c5bfa4681cbdd6ce6636959951bb7c4d8d85bbe9bd0e8525cf76167",,"2025-05-16T21:40:00.000","30","TRAFFIC SIGNAL","FUNCTIONING PROPERLY","CLEAR","DARKNESS, LIGHTED ROAD","PARKED MOTOR VEHICLE","DIVIDED - W/MEDIAN (NOT RAISED)",,"STRAIGHT AND LEVEL","DRY","NO DEFECTS","ON SCENE","INJURY AND / OR TOW DUE TO CRASH","Y",,,"OVER $1,500","2025-05-16T22:01:00.000","FOLLOWING TOO CLOSELY","UNDER THE INFLUENCE OF ALCOHOL/DRUGS (USE WHEN ARREST IS EFFECTED)","1608","W","NORTH AVE","1433",,,,,,,"2","NONINCAPACITATING INJURY","1","0","0","1","0","2","0","21","6","5","41.9107340942","-87.6680933634","POINT (-87.66809336342 41.910734094211)"
"fa49885268e873aacf9a283b5a0da8804515def9a3e4880b74e623b6c495083e67bc48433a4695bf8f25e68f0e5ff4a7c45c2cd6cbafeb00d529dcedda2f07d7",,"2025-05-16T21:35:00.000","25","TRAFFIC SIGNAL","FUNCTIONING PROPERLY","CLEAR","DARKNESS, LIGHTED ROAD","TURNING","FOUR WAY",,"STRAIGHT AND LEVEL","DRY","NO DEFECTS","ON SCENE","INJURY AND / OR TOW DUE TO CRASH","Y",,,"OVER $1,500","2025-05-16T21:37:00.000","FAILING TO YIELD RIGHT-OF-WAY","UNABLE TO DETERMINE","2409","S","CALIFORNIA AVE","1034",,"Y",,,,,"2","NO INDICATION OF INJURY","0","0","0","0","0","4","0","21","6","5","41.8479729907","-87.6951894675","POINT (-87.695189467477 41.847972990715)"
"7d1689ae9b138396ee16c7d1c88f8011f525447197da377b3d239d101b478b3493546727817d6c209b2f0228b64b28738ad977157b0c0722efef3c4c45712e4d",,"2025-05-16T21:32:00.000","30","NO CONTROLS","NO CONTROLS","CLEAR","DARKNESS","REAR END","OTHER",,"STRAIGHT AND LEVEL","DRY","NO DEFECTS","NOT ON SCENE (DESK REPORT)","NO INJURY / DRIVE AWAY",,,"Y","OVER $1,500","2025-05-16T22:15:00.000","FOLLOWING TOO CLOSELY","FOLLOWING TOO CLOSELY","1410","S","LAKE SHORE DR SB","132","Y",,,,,,"2","NO INDICATION OF INJURY","0","0","0","0","0","3","0","21","6","5","41.8637794522","-87.6192347371","POINT (-87.619234737121 41.863779452233)"
"48ef11c37ec79f83c7ac4ba2ae7a9aa75bf7f351379e510dbe10e5694fb8aba6dcbb9f5d3c1687d06215859ff782ab231ea6c05c01ebf54f733cecb93f9ce62a",,"2025-05-16T21:30:00.000","30","NO CONTROLS","NO CONTROLS","CLEAR","DARKNESS, LIGHTED ROAD","PARKED MOTOR VEHICLE","ONE-WAY",,"STRAIGHT AND LEVEL","DRY","NO DEFECTS","ON SCENE","NO INJURY / DRIVE AWAY",,,"Y","OVER $1,500","2025-05-16T22:40:00.000","FAILING TO REDUCE SPEED TO AVOID CRASH","UNABLE TO DETERMINE","1055","W","96TH ST","2223",,,,,,,"2","NO INDICATION OF INJURY","0","0","0","0","0","1","0","21","6","5","41.7191401207","-87.6500382478","POINT (-87.650038247761 41.719140120738)"
"5be8a1dc00bec27802bbe9c48119593505e09106fe6532b6f407f1c93d42577a552c7ca90b8fe28ca039f642bef39a6f38295a8620d1d26446269180dad1715b",,"2025-05-16T21:30:00.000","30","OTHER","OTHER","CLEAR","DARKNESS, LIGHTED ROAD","PARKED MOTOR VEHICLE","NOT DIVIDED",,"STRAIGHT AND LEVEL","DRY","NO DEFECTS","ON SCENE","NO INJURY / DRIVE AWAY",,,"Y","$500 OR LESS","2025-05-16T21:38:00.000","UNABLE TO DETERMINE","UNABLE TO DETERMINE","3918","N","CLARK ST","1923",,,,,,,"2","NO INDICATION OF INJURY","0","0","0","0","0","3","0","21","6","5","41.953055387","-87.6613749619","POINT (-87.661374961913 41.953055386999)"
"7f1559f1fddf769f47e59622791ea2360334be8912bc78d0d4b8435b591e2ff447c4ffe04a6ee5f1fd1c5b3328711f02c84cf67e32274e353deae9f207ec210c",,"2025-05-16T21:30:00.000","30","NO CONTROLS","NO CONTROLS","CLEAR","DARKNESS, LIGHTED ROAD","PARKED MOTOR VEHICLE","DIVIDED - W/MEDIAN (NOT RAISED)",,"STRAIGHT AND LEVEL","WET","NO DEFECTS","NOT ON SCENE (DESK REPORT)","NO INJURY / DRIVE AWAY",,,"Y","$501 - $1,500","2025-05-17T09:00:00.000","UNABLE TO DETERMINE","NOT APPLICABLE","7070","N","RIDGE BLVD","2411",,,,,,,"2","NO INDICATION OF INJURY","0","0","0","0","0","1","0","21","6","5","42.0108242996","-87.6827126208","POINT (-87.682712620837 42.010824299611)"
"b95e51058c932290945877883fd6adbe215e103997c529a5da584d4ff1ec08180e582fbac57a791324c0b624a08f78e4c652cce524e6bb88a8cc2dbf517fe498",,"2025-05-16T21:30:00.000","30","TRAFFIC SIGNAL","FUNCTIONING PROPERLY","CLEAR","DARKNESS, LIGHTED ROAD","REAR END","NOT DIVIDED",,"STRAIGHT AND LEVEL","DRY","UNKNOWN","NOT ON SCENE (DESK REPORT)","NO INJURY / DRIVE AWAY","Y",,,"$501 - $1,500","2025-05-16T22:00:00.000","FAILING TO REDUCE SPEED TO AVOID CRASH","UNABLE TO DETERMINE","4447","N","BROADWAY","1914",,,,,,,"2","NO INDICATION OF INJURY","0","0","0","0","0","2","0","21","6","5","41.9630397746","-87.6558001685","POINT (-87.655800168453 41.963039774634)"
"c606d550dae444ee2c46d89aeecba17a50f2d54f352be045a6a7ebbca177f8c60a2c5013fef0cc12729fe018487818a59a72e4d14b5a56ad8db910b7ef75c801",,"2025-05-16T21:30:00.000","30","NO CONTROLS","NO CONTROLS","CLEAR","DARKNESS","TURNING","NOT DIVIDED",,"STRAIGHT AND LEVEL","DRY","UNKNOWN","ON SCENE","INJURY AND / OR TOW DUE TO CRASH","Y",,,"OVER $1,500","2025-05-16T21:33:00.000","IMPROPER TURNING/NO SIGNAL","IMPROPER OVERTAKING/PASSING","833","W","59TH ST","712",,,,,,,"2","NONINCAPACITATING INJURY","1","0","0","1","0","3","0","21","6","5","41.7868974711","-87.6462421218","POINT (-87.64624212177 41.786897471062)"
"3778df6d89178e2441a630584b7e298c4fbaef931039fffb1660e2b7a2263018522c009cdab2e7ecc53e3f0f21779c07945d9c9c759bd4f3716c91bcf64d0569",,"2025-05-16T21:23:00.000","30","TRAFFIC SIGNAL","FUNCTIONING PROPERLY","CLEAR","DARKNESS, LIGHTED ROAD","SIDESWIPE SAME DIRECTION","NOT DIVIDED",,"STRAIGHT AND LEVEL","DRY","NO DEFECTS","NOT ON SCENE (DESK REPORT)","NO INJURY / DRIVE AWAY",,,,"OVER $1,500","2025-05-16T23:30:00.000","UNABLE TO DETERMINE","NOT APPLICABLE","4200","S","CICERO AVE","814",,,,,,,"2","NO INDICATION OF INJURY","0","0","0","0","0","2","0","21","6","5","41.8167293867","-87.7435367125","POINT (-87.743536712476 41.816729386747)"
"5422f531865baeba3cd426af3a41c517054d085118d2c40121fb9acd845f5324ebb25d89abbeb469452bcb82a2f30cd8f0462bef4459e5bd3571091a9724cf98",,"2025-05-16T21:21:00.000","35","TRAFFIC SIGNAL","FUNCTIONING PROPERLY","CLEAR","DARKNESS, LIGHTED ROAD","PEDALCYCLIST","FOUR WAY",,"STRAIGHT AND LEVEL","DRY","NO DEFECTS","ON SCENE","INJURY AND / OR TOW DUE TO CRASH","Y",,,"OVER $1,500","2025-05-16T21:22:00.000","UNABLE TO DETERMINE","UNABLE TO DETERMINE","700","N","STATE ST","1832",,,,,,,"2","INCAPACITATING INJURY","1","0","1","0","0","1","0","21","6","5","41.8949144989","-87.6283011281","POINT (-87.62830112814 41.894914498943)"
"099c567ecac618c58e615827d1783152be3f6d84601929bbaa8feca087051c6882ce486a1c29bb57ec225f5a83cbd63fa5796dde52760bbb22d8eb559185271a",,"2025-05-16T21:10:00.000","20","NO CONTROLS","NO CONTROLS","CLEAR","DARKNESS, LIGHTED ROAD","REAR END","ONE-WAY",,"STRAIGHT AND LEVEL","DRY","NO DEFECTS","NOT ON SCENE (DESK REPORT)","NO INJURY / DRIVE AWAY",,,"Y","$501 - $1,500","2025-05-17T00:45:00.000","FOLLOWING TOO CLOSELY","NOT APPLICABLE","10000","W","BALMORAL AVE","1654",,,,,,,"2","NO INDICATION OF INJURY","0","0","0","0","0","2","0","21","6","5",,,
"0f18ca8e8050456f6d8eb1aba68e02fe3657db501ea9679ae101941c3c9d7d51ba32268d54d1c953cf859b30380c119d2ac94839051cf747883b26f89b607db4",,"2025-05-16T21:10:00.000","30","TRAFFIC SIGNAL","FUNCTIONING PROPERLY","CLEAR","DARKNESS","TURNING","NOT DIVIDED",,"STRAIGHT AND LEVEL","DRY","NO DEFECTS","NOT ON SCENE (DESK REPORT)","NO INJURY / DRIVE AWAY","Y",,,"OVER $1,500","2025-05-16T23:00:00.000","UNABLE TO DETERMINE","UNABLE TO DETERMINE","233","S","WACKER DR","122",,,,,,,"2","NO INDICATION OF INJURY","0","0","0","0","0","2","0","21","6","5","41.8785601536","-87.6365238721","POINT (-87.636523872055 41.878560153624)"
"7367308d0a2344be3adb461b8643a5b62585ac4f77d0cf2f44970586b2364f42047a6728d30c849b925a72df1694f8fcc0e83a1b2c38e0ed1c365c736aab0efc",,"2025-05-16T21:00:00.000","30","NO CONTROLS","NO CONTROLS","CLEAR","DARKNESS, LIGHTED ROAD","PARKED MOTOR VEHICLE","DIVIDED - W/MEDIAN (NOT RAISED)",,"STRAIGHT AND LEVEL","DRY","NO DEFECTS","NOT ON SCENE (DESK REPORT)","NO INJURY / DRIVE AWAY",,,,"OVER $1,500","2025-05-19T08:30:00.000","IMPROPER LANE USAGE","UNABLE TO DETERMINE","3440","W","ROOSEVELT RD","1133",,,,,,,"3","NO INDICATION OF INJURY","0","0","0","0","0","1","0","21","6","5","41.8664397713","-87.7121808603","POINT (-87.712180860331 41.866439771292)"
"edd228d372a7e7e96e8ef310a06443c60e216f234afec99dbaabce89bf98c7cb86badcc2cceb9c8c68215695bfdbf804983e6d9dee0b6b955cab99603fef68f0",,"2025-05-16T21:00:00.000","30","TRAFFIC SIGNAL","FUNCTIONING PROPERLY","CLEAR","DAWN","TURNING","T-INTERSECTION",,"STRAIGHT AND LEVEL","DRY","NO DEFECTS","NOT ON SCENE (DESK REPORT)","NO INJURY / DRIVE AWAY","Y",,,"OVER $1,500","2025-05-16T22:00:00.000","UNABLE TO DETERMINE","UNABLE TO DETERMINE","1400","W","FOSTER AVE","2013",,,,,,,"2","NO INDICATION OF INJURY","0","0","0","0","0","2","0","21","6","5","41.9763548153","-87.6649383353","POINT (-87.664938335293 41.976354815271)"
"fd1a7661238229483e67622b7fa8fb850722afdff5c59a743a1f319123e17ec10743cd063f3ae67d3bf7e778cb23621ba5d31a1b2bb4acdd9d33825382280f25","Y","2025-05-16T21:00:00.000","25","NO CONTROLS","NO CONTROLS","CLEAR","UNKNOWN","PARKED MOTOR VEHICLE","NOT DIVIDED",,"STRAIGHT AND LEVEL","DRY","UNKNOWN","NOT ON SCENE (DESK REPORT)","INJURY AND / OR TOW DUE TO CRASH",,,"Y","OVER $1,500","2025-05-17T10:40:00.000","UNABLE TO DETERMINE","UNABLE TO DETERMINE","2903","N","LOCKWOOD AVE","2514",,,,,,,"2","NO INDICATION OF INJURY","0","0","0","0","0","1","0","21","6","5","41.9333025432","-87.758783872","POINT (-87.758783871969 41.933302543231)"
"076d67269e2bf99d40a7f5f3f5e8d7ee9a2f63ed23983d5e20abc5ee325a91059ea0c95c066dd990d71c6c9132843e5aa7fe299169005a6981a857926a57f9ce",,"2025-05-16T20:57:00.000","30","NO CONTROLS","NO CONTROLS","CLEAR","DARKNESS","PARKED MOTOR VEHICLE","ONE-WAY",,"STRAIGHT AND LEVEL","DRY","NO DEFECTS","NOT ON SCENE (DESK REPORT)","NO INJURY / DRIVE AWAY",,,"Y","$501 - $1,500","2025-05-17T09:08:00.000","UNABLE TO DETERMINE","NOT APPLICABLE","1048","N","LECLAIRE AVE","1531",,,,,,,"2","NO INDICATION OF INJURY","0","0","0","0","0","1","0","20","6","5","41.9000643628","-87.7534204732","POINT (-87.753420473217 41.900064362828)"
"fc5d7efe2dc226fe17a5b437afd2117eac4c490c5f070b609843f8e4686016e66548029d5dce8ef9fecfc7f15de0fc390662b7fc68606f082fd46682b7b1a615",,"2025-05-16T20:54:00.000","30","TRAFFIC SIGNAL","FUNCTIONING PROPERLY","CLEAR","DARKNESS, LIGHTED ROAD","REAR END","NOT DIVIDED",,"STRAIGHT AND LEVEL","DRY","NO DEFECTS","ON SCENE","NO INJURY / DRIVE AWAY",,,,"$501 - $1,500","2025-05-16T20:56:00.000","FOLLOWING TOO CLOSELY","FOLLOWING TOO CLOSELY","4453","N","CENTRAL AVE","1623",,,,,,,"2","NO INDICATION OF INJURY","0","0","0","0","0","2","0","20","6","5","41.9621233416","-87.7671468423","POINT (-87.767146842304 41.962123341606)"
"3b78e7033638d3cad43bca9fa610b0a7ad8e9978b7aa0b4bd9c581c4650ca8d5c35c37194a4e79dcc11456dfa51accaa898c6a7cc9d880e0540f140fd467f066",,"2025-05-16T20:50:00.000","30","STOP SIGN/FLASHER","NO CONTROLS","CLEAR","DARKNESS, LIGHTED ROAD","PARKED MOTOR VEHICLE","NOT DIVIDED",,"STRAIGHT AND LEVEL","UNKNOWN","UNKNOWN","ON SCENE","INJURY AND / OR TOW DUE TO CRASH","Y",,,"$501 - $1,500","2025-05-16T20:51:00.000","HAD BEEN DRINKING (USE WHEN ARREST IS NOT MADE)","HAD BEEN DRINKING (USE WHEN ARREST IS NOT MADE)","3335","N","LARAMIE AVE","1634",,,,,,,"2","NO INDICATION OF INJURY","0","0","0","0","0","1","0","20","6","5","41.9416036599","-87.7566385804","POINT (-87.756638580395 41.941603659882)"
"787e4bab9d0256655735edb170081f80c051d721e7f96ef280842e2c41985aaca0f368c08a78065ff3f617b2f792ef0b6fd5030788b0e8fdf9e8e9d20f0d17c7",,"2025-05-16T20:50:00.000","30","TRAFFIC SIGNAL","FUNCTIONING PROPERLY","CLEAR","DAYLIGHT","REAR END","DIVIDED - W/MEDIAN (NOT RAISED)",,"STRAIGHT AND LEVEL","DRY","NO DEFECTS","NOT ON SCENE (DESK REPORT)","NO INJURY / DRIVE AWAY",,,,"$501 - $1,500","2025-05-18T09:30:00.000","FOLLOWING TOO CLOSELY","DISTRACTION - FROM INSIDE VEHICLE","5140","W","DIVERSEY AVE","2521",,,,,,,"2","NO INDICATION OF INJURY","0","0","0","0","0","3","0","20","6","5","41.931520623","-87.7556129921","POINT (-87.755612992086 41.931520622962)"
"952bfff0e8e148d04e87b1d49193354e37dbb1a488bdf0ca55aae1b08eb58e4200d66c6e0521d8926bade8c9101fc41037be5401bed80b79db6721881946c8d8",,"2025-05-16T20:50:00.000","30","UNKNOWN","UNKNOWN","UNKNOWN","UNKNOWN","REAR END","DIVIDED - W/MEDIAN (NOT RAISED)",,"STRAIGHT AND LEVEL","UNKNOWN","UNKNOWN","NOT ON SCENE (DESK REPORT)","NO INJURY / DRIVE AWAY",,,,"$501 - $1,500","2025-05-17T17:30:00.000","UNABLE TO DETERMINE","NOT APPLICABLE","1107","W","LAWRENCE AVE","1914",,,,,,,"2","NO INDICATION OF INJURY","0","0","0","0","0","2","0","20","6","5","41.9689383889","-87.6579316481","POINT (-87.657931648059 41.968938388867)"
"beb9542fed1fedf6ad83f78115732323f195557544163d8a90c08a84c14d16c56b579eb637079a2b88b6490de24077ba63404bea10fa101acf1fe422e05bb65d",,"2025-05-16T20:40:00.000","30","UNKNOWN","UNKNOWN","CLEAR","DARKNESS, LIGHTED ROAD","TURNING","NOT DIVIDED",,"STRAIGHT AND LEVEL","UNKNOWN","UNKNOWN","NOT ON SCENE (DESK REPORT)","NO INJURY / DRIVE AWAY",,,,"OVER $1,500","2025-05-16T21:16:00.000","IMPROPER TURNING/NO SIGNAL","IMPROPER TURNING/NO SIGNAL","6846","S","STONY ISLAND AVE","332",,,,,,,"2","NO INDICATION OF INJURY","0","0","0","0","0","3","0","20","6","5","41.7701250375","-87.5863955173","POINT (-87.586395517306 41.770125037492)"