"crash_record_id","crash_date_est_i","crash_date","posted_speed_limit","traffic_control_device","device_condition","weather_condition","lighting_condition","first_crash_type","trafficway_type","lane_cnt","alignment","roadway_surface_cond","road_defect","report_type","crash_type","intersection_related_i","private_property_i","hit_and_run_i","damage","date_police_notified","prim_contributory_cause","sec_contributory_cause","street_no","street_direction","street_name","beat_of_occurrence","photos_taken_i","statements_taken_i","dooring_i","work_zone_i","work_zone_type","workers_present_i","num_units","most_severe_injury","injuries_total","injuries_fatal","injuries_incapacitating","injuries_non_incapacitating","injuries_reported_not_evident","injuries_no_indication","injuries_unknown","crash_hour","crash_day_of_week","crash_month","latitude","longitude","location"
"60a0d548425b37c04da01178a415b39762a389f810f1dc1e1033418a729a37ad7cc0a2896b858c8fb3e09bc579b879c1c985e0c6d21efeed2213903a0e547cb7",,"2025-05-16T20:34:00.000","30","STOP SIGN/FLASHER","FUNCTIONING PROPERLY","CLEAR","DARKNESS, LIGHTED ROAD","REAR END","NOT DIVIDED",,"STRAIGHT AND LEVEL","DRY","NO DEFECTS","NOT ON SCENE (DESK REPORT)","NO INJURY / DRIVE AWAY","Y",,"Y","$501 - $1,500","2025-05-16T21:00:00.000","FOLLOWING TOO CLOSELY","DRIVING SKILLS/KNOWLEDGE/EXPERIENCE","1500","E","53RD ST","234",,,,,,,"2","NO INDICATION OF INJURY","0","0","0","0","0","2","0","20","6","5","41.7996537838","-87.5890489526","POINT (-87.589048952605 41.79965378379)"
"b07819afff0882fe0d59b8a74732a423cb6ed328be29eb009929bc9aae0ecf141738df2532b3bfd7b72fcfb6f5f838547f4af30e40aaa1e1393f755f9c724790",,"2025-05-16T20:33:00.000","30","NO CONTROLS","NO CONTROLS","CLOUDY/OVERCAST","DARKNESS, LIGHTED ROAD","TURNING","NOT DIVIDED",,"STRAIGHT AND LEVEL","UNKNOWN","UNKNOWN","ON SCENE","INJURY AND / OR TOW DUE TO CRASH",,,"Y","OVER $1,500","2025-05-16T20:34:00.000","UNABLE TO DETERMINE","UNABLE TO DETERMINE","417","S","PULASKI RD","1132",,,,,,,"2","NONINCAPACITATING INJURY","3","0","0","3","0","1","0","20","6","5","41.8746822408","-87.7253094179","POINT (-87.725309417862 41.874682240802)"
"27629cd5e5e4ecb83b8931389fe5f5df57ba6f2fd7e7971a5ce0a9804a7d73ea3f89006df266107e46c52ff22c7af36cd26b54f3b41dd109d0c6cf2fe394c351",,"2025-05-16T20:30:00.000","30","NO CONTROLS","NO CONTROLS","CLEAR","DARKNESS, LIGHTED ROAD","TURNING","NOT DIVIDED",,"STRAIGHT AND LEVEL","DRY","NO DEFECTS","NOT ON SCENE (DESK REPORT)","NO INJURY / DRIVE AWAY",,,,"OVER $1,500","2025-05-16T21:25:00.000","FAILING TO YIELD RIGHT-OF-WAY","NOT APPLICABLE","10","W","43RD ST","213",,,,,,,"2","NO INDICATION OF INJURY","0","0","0","0","0","4","0","20","6","5","41.8165951116","-87.6266356446","POINT (-87.626635644626 41.816595111556)"
"2b33995a5c9adeba79722c9b111b1db2fa2eb4be2b16240dc6d798770331ae0f3f62b41748be65c72f40924ea6dbacc3056cc9dc3702aac87079d7161a2a16cc","Y","2025-05-16T20:30:00.000","30","NO CONTROLS","UNKNOWN","UNKNOWN","UNKNOWN","PARKED MOTOR VEHICLE","ONE-WAY",,"STRAIGHT AND LEVEL","UNKNOWN","NO DEFECTS","ON SCENE","NO INJURY / DRIVE AWAY",,,"Y","OVER $1,500","2025-05-17T10:13:00.000","UNABLE TO DETERMINE","UNABLE TO DETERMINE","9031","S","DANTE AVE","413",,,,,,,"2","NO INDICATION OF INJURY","0","0","0","0","0","1","0","20","6","5","41.7304389204","-87.5890633687","POINT (-87.589063368684 41.730438920418)"
"fccc8605450082907a475c59a348f70c16e0b82a8d1d1dffa09115c274a20631ecb5f9365fe800e7bddbbed277034704a57fc76aa1753fcd8899f79a622d554e",,"2025-05-16T20:30:00.000","20","NO CONTROLS","NO CONTROLS","CLEAR","DARKNESS, LIGHTED ROAD","PARKED MOTOR VEHICLE","ONE-WAY",,"STRAIGHT AND LEVEL","DRY","OTHER","NOT ON SCENE (DESK REPORT)","NO INJURY / DRIVE AWAY",,,,"$501 - $1,500","2025-05-17T11:16:00.000","VISION OBSCURED (SIGNS, TREE LIMBS, BUILDINGS, ETC.)","NOT APPLICABLE","10627","S","HALE AVE","2212",,,,,,,"3","NO INDICATION OF INJURY","0","0","0","0","0","1","0","20","6","5","41.70014703","-87.6692385716","POINT (-87.669238571601 41.700147030029)"
"3861f44e1c6259479928257f3d68d98382afb6f259f08389edaea3e61946bae1e55edf7e44b738c628a17316a0c65e118e083ba56c0202e6ca42a49e093a9e52",,"2025-05-16T20:20:00.000","30","NO CONTROLS","NO CONTROLS","CLEAR","DARKNESS, LIGHTED ROAD","TURNING","NOT DIVIDED",,"STRAIGHT AND LEVEL","DRY","NO DEFECTS","ON SCENE","INJURY AND / OR TOW DUE TO CRASH",,,,"OVER $1,500","2025-05-16T21:07:00.000","FAILING TO YIELD RIGHT-OF-WAY","FAILING TO YIELD RIGHT-OF-WAY","800","W","OHIO ST","1214",,,,,,,"2","NO INDICATION OF INJURY","0","0","0","0","0","2","0","20","6","5","41.8923539199","-87.6476792999","POINT (-87.647679299885 41.89235391989)"
"382a8f769c47ba89bea7d4563f2342aba3a84899dc2781253ca76d2fb7771336a87ab38216ce0859eaabe6bdfed00525f4f65f55dfbfcbbdeb98812cdda40229",,"2025-05-16T20:10:00.000","30","NO CONTROLS","NO CONTROLS","CLEAR","DARKNESS, LIGHTED ROAD","SIDESWIPE OPPOSITE DIRECTION","NOT DIVIDED",,"STRAIGHT AND LEVEL","DRY","NO DEFECTS","NOT ON SCENE (DESK REPORT)","NO INJURY / DRIVE AWAY",,,"Y","$501 - $1,500","2025-05-16T20:40:00.000","UNABLE TO DETERMINE","UNABLE TO DETERMINE","2711","N","CLARK ST","1935",,,,,,,"2","NO INDICATION OF INJURY","0","0","0","0","0","2","0","20","6","5","41.9316915469","-87.6443223109","POINT (-87.644322310859 41.931691546859)"
"a11290eb19fc91fbd1558885263fbe5ea95eb3d95f268cb73f92d3c360ad30241422d17ad7083493e1073c2112393beae8b8c6e7cba92e2a03ae7e262975c1d4",,"2025-05-16T20:10:00.000","30","NO CONTROLS","NO CONTROLS","CLOUDY/OVERCAST","DARKNESS","PARKED MOTOR VEHICLE","NOT DIVIDED",,"STRAIGHT AND LEVEL","DRY","NO DEFECTS","ON SCENE","NO INJURY / DRIVE AWAY",,,"Y","OVER $1,500","2025-05-16T20:10:00.000","UNABLE TO DETERMINE","UNABLE TO DETERMINE","7045","S","HALSTED ST","732",,,,,,,"2","NO INDICATION OF INJURY","0","0","0","0","0","1","0","20","6","5","41.7656891427","-87.6442794329","POINT (-87.644279432947 41.765689142729)"
"5a5184164cff919348cdfdac8489dc2535deea2cd47b23b276f097f85d4bef30c985e327b9ca926043b029283a491d7aa60ff548927b900962a78aeb0e64d50a",,"2025-05-16T20:05:00.000","25","TRAFFIC SIGNAL","FUNCTIONING PROPERLY","CLEAR","DUSK","SIDESWIPE SAME DIRECTION","DIVIDED - W/MEDIAN (NOT RAISED)",,"STRAIGHT AND LEVEL","DRY","NO DEFECTS","NOT ON SCENE (DESK REPORT)","NO INJURY / DRIVE AWAY",,,"Y","$501 - $1,500","2025-05-16T21:14:00.000","IMPROPER OVERTAKING/PASSING","UNABLE TO DETERMINE","3940","W","MAYPOLE AVE","1122",,,,,,,"2","NO INDICATION OF INJURY","0","0","0","0","0","2","0","20","6","5","41.8841430335","-87.7249626924","POINT (-87.724962692401 41.884143033526)"
"d0d5d4c051db73c3ef0f134e8442df601cbf02f022f26e150a4c0ddba88b6bfe9442664e709cceecb39d9af971f5cf3523bb1dc02623adcc553697978daa81c1",,"2025-05-16T19:59:00.000","25","NO CONTROLS","NO CONTROLS","CLOUDY/OVERCAST","DUSK","REAR END","UNKNOWN",,"STRAIGHT AND LEVEL","DRY","UNKNOWN","ON SCENE","NO INJURY / DRIVE AWAY",,,"Y","OVER $1,500","2025-05-16T20:15:00.000","FOLLOWING TOO CLOSELY","NOT APPLICABLE","2005","S","PULASKI RD","1014",,,,,,,"2","NO INDICATION OF INJURY","0","0","0","0","0","2","0","19","6","5","41.8539197979","-87.7246716807","POINT (-87.724671680718 41.853919797901)"
"eba2bfec874d11da4bf3bddbfa92fe69cb913469a34e251b7668bc0c05866d615b285c34c3114f38e0a60a10274a79f977a0a5ddc595050ebe26cb76ee6f1f08",,"2025-05-16T19:49:00.000","30","UNKNOWN","UNKNOWN","CLEAR","DAYLIGHT","REAR END","DIVIDED - W/MEDIAN BARRIER",,"STRAIGHT AND LEVEL","UNKNOWN","UNKNOWN","NOT ON SCENE (DESK REPORT)","NO INJURY / DRIVE AWAY",,,"Y","OVER $1,500","2025-05-16T20:10:00.000","UNABLE TO DETERMINE","UNABLE TO DETERMINE","840","N","LAKE SHORE DR SB","1833",,,,,,,"2","NO INDICATION OF INJURY","0","0","0","0","0","2","0","19","6","5","41.8978616886","-87.6177332099","POINT (-87.617733209925 41.897861688577)"
"00d7eb68def0d0f06debd09ea510c7a5e0a061ae2df796d40651525aa770a9748666a41ef40eb83a1f9f62630f0ccf69c0bc84b1056f0f04c928dc341e33ce27",,"2025-05-16T19:45:00.000","30","TRAFFIC SIGNAL","NOT FUNCTIONING","OTHER","DAYLIGHT","ANGLE","DIVIDED - W/MEDIAN (NOT RAISED)",,"STRAIGHT AND LEVEL","DRY","NO DEFECTS","ON SCENE","INJURY AND / OR TOW DUE TO CRASH","Y",,,"OVER $1,500","2025-05-16T19:50:00.000","UNABLE TO DETERMINE","NOT APPLICABLE","10300","S","PROSPECT AVE","2212",,,,,,,"2","NO INDICATION OF INJURY","0","0","0","0","0","2","0","19","6","5","41.7066285532","-87.6622258876","POINT (-87.662225887614 41.706628553208)"
"427d6769f2e82f445e3f730e88d0c63ac685aefa15dfb8136e179842cdfb1d4fdbfa23c3c5f56d50d7d3c5fb32f84f48bcf040b538548fc3f1df10fe2e4215e5",,"2025-05-16T19:45:00.000","30","TRAFFIC SIGNAL","FUNCTIONING PROPERLY","CLEAR","DAYLIGHT","REAR TO SIDE","FOUR WAY",,"STRAIGHT AND LEVEL","DRY","UNKNOWN","ON SCENE","INJURY AND / OR TOW DUE TO CRASH","Y",,,"OVER $1,500","2025-05-16T19:50:00.000","DISREGARDING TRAFFIC SIGNALS","FAILING TO YIELD RIGHT-OF-WAY","702","W","47TH ST","925",,,,,,,"2","NO INDICATION OF INJURY","0","0","0","0","0","2","0","19","6","5","41.8090127823","-87.6432723958","POINT (-87.643272395768 41.80901278227)"
"92bfd7e50219dfafca5604ecbfecd76a76a440aa071fba6b68ff0448286a4e9387d46672217fbeab77d0b6769ff0d7122e3da122cefe5bd2f2d4020cd659af98",,"2025-05-16T19:40:00.000","30","NO CONTROLS","NO CONTROLS","CLEAR","DAYLIGHT","SIDESWIPE SAME DIRECTION","DIVIDED - W/MEDIAN BARRIER",,"STRAIGHT AND LEVEL","DRY","NO DEFECTS",,"NO INJURY / DRIVE AWAY",,,,"OVER $1,500","2025-05-16T20:00:00.000","IMPROPER OVERTAKING/PASSING","NOT APPLICABLE","129","W","87TH ST","634",,,,,,,"2","NO INDICATION OF INJURY","0","0","0","0","0","3","0","19","6","5","41.7361559468","-87.6278770784","POINT (-87.627877078373 41.736155946808)"
"fd3aaf9992559034bcc5f06c37f2eac20c015663880386e06972c3cadcf5504282e0929ae852d8887df39d2f89da96bf7168d3b0ad864ae3fa1e10894864f9dd",,"2025-05-16T19:35:00.000","30","UNKNOWN","UNKNOWN","CLEAR","DAYLIGHT","SIDESWIPE SAME DIRECTION","DIVIDED - W/MEDIAN (NOT RAISED)",,"STRAIGHT AND LEVEL","DRY","NO DEFECTS","NOT ON SCENE (DESK REPORT)","NO INJURY / DRIVE AWAY",,,,"OVER $1,500","2025-05-17T14:20:00.000","FAILING TO YIELD RIGHT-OF-WAY","FAILING TO YIELD RIGHT-OF-WAY","3441","W","26TH ST","1032",,,,,,,"2","NO INDICATION OF INJURY","0","0","0","0","0","2","0","19","6","5","41.8443184369","-87.7115268715","POINT (-87.711526871521 41.844318436912)"
"b7e1af3ef2894bb7d1a394eaa52c3cc201467f0f92ad3011e6e2c4f9908505bc0e82816ed23645654453a1dfa74ca475c9672995656b4c7fa6b3fc88428f4639",,"2025-05-16T19:34:00.000","20","UNKNOWN","UNKNOWN","FOG/SMOKE/HAZE","DAYLIGHT","PARKED MOTOR VEHICLE","DIVIDED - W/MEDIAN (NOT RAISED)",,"STRAIGHT AND LEVEL","OTHER","UNKNOWN","ON SCENE","NO INJURY / DRIVE AWAY",,,,"$500 OR LESS","2025-05-16T19:38:00.000","NOT APPLICABLE","NOT APPLICABLE","205","N","GREEN ST","1214",,,,,,,"2","NO INDICATION OF INJURY","0","0","0","0","0","8","0","19","6","5","41.8858322794","-87.6484990862","POINT (-87.648499086246 41.885832279415)"
"cb4d6a4caa93ea319900f46f4bd7d6a91d9abde8263e9444b7092d5207c912acc3f96077efbd91cccc5946dfbfec999aa2f5445699ab35e808830eae5119ff42",,"2025-05-16T19:33:00.000","30","NO CONTROLS","NO CONTROLS","CLEAR","DUSK","PARKED MOTOR VEHICLE","DIVIDED - W/MEDIAN (NOT RAISED)",,"STRAIGHT AND LEVEL","DRY","NO DEFECTS","NOT ON SCENE (DESK REPORT)","NO INJURY / DRIVE AWAY",,,"Y","OVER $1,500","2025-05-17T18:05:00.000","FAILING TO YIELD RIGHT-OF-WAY","UNABLE TO DETERMINE","2130","W","GRAND AVE","1221",,,,,,,"2","NO INDICATION OF INJURY","0","0","0","0","0","1","0","19","6","5","41.8908729564","-87.6806191193","POINT (-87.680619119321 41.890872956408)"
"9f3993828228ddfc7e6b4ebb725d2ccfc93989c0ba3436d74ed9fd1ef11dfcb41284d29b31e3eb49e269f63cb5891442e0d40d4de70207dc9d3ade6aaa055aef",,"2025-05-16T19:32:00.000","20","NO CONTROLS","NO CONTROLS","SEVERE CROSS WIND GATE","DUSK","PARKED MOTOR VEHICLE","ROUNDABOUT",,"STRAIGHT AND LEVEL","DRY","NO DEFECTS","ON SCENE","NO INJURY / DRIVE AWAY",,,,"OVER $1,500","2025-05-16T19:35:00.000","UNABLE TO DETERMINE","NOT APPLICABLE","2128","W","72ND ST","735",,,,,,,"2","NO INDICATION OF INJURY","0","0","0","0","0","1","0","19","6","5","41.7630612373","-87.6768882138","POINT (-87.676888213783 41.763061237305)"
"0920a4dbdfcf574c692a6a941b66b6ad3dad67e47ac9272219c07db502617ef7ee614be46c3586931ba0406e13e99b8e73c00061c74eede0d428bdd2a970be56",,"2025-05-16T19:30:00.000","30","NO CONTROLS","NO CONTROLS","CLEAR","DAYLIGHT","SIDESWIPE SAME DIRECTION","NOT DIVIDED",,"STRAIGHT AND LEVEL","DRY","NO DEFECTS","NOT ON SCENE (DESK REPORT)","NO INJURY / DRIVE AWAY",,"N",,"$501 - $1,500","2025-05-19T18:45:00.000","UNABLE TO DETERMINE","UNABLE TO DETERMINE","5940","N","BROADWAY","2013",,,,,,,"2","NO INDICATION OF INJURY","0","0","0","0","0","2","0","19","6","5","41.9902210819","-87.6604200435","POINT (-87.660420043479 41.990221081871)"
"6a62e6cc33f547c55ed2c3f26b76daeae4cd34bfd1393e296c79cdb461f26d16c55e129f4109bbe06f218632ff972116d0da8984c7f9618bd9ec682abcb0daea",,"2025-05-16T19:30:00.000","30","TRAFFIC SIGNAL","FUNCTIONING PROPERLY","CLEAR","DAWN","ANGLE","DIVIDED - W/MEDIAN (NOT RAISED)",,"STRAIGHT AND LEVEL","DRY","NO DEFECTS","NOT ON SCENE (DESK REPORT)","NO INJURY / DRIVE AWAY","Y",,,"OVER $1,500","2025-05-16T19:50:00.000","FAILING TO YIELD RIGHT-OF-WAY","DISREGARDING TRAFFIC SIGNALS","1600","W","FOSTER AVE","2012",,,,,,,"2","NO INDICATION OF INJURY","0","0","0","0","0","2","0","19","6","5","41.9762800772","-87.6697396565","POINT (-87.669739656476 41.97628007725)"
"674ff06dfc61b5cfcf8f26d49071b392100ea0bc0e0e8123faf3bb42a0fcae67e2e3d740b0b5d733b5e172eec7d53082e71c63d9ce0b06f57c0a954b5c9fab52",,"2025-05-16T19:27:00.000","30","NO CONTROLS","NO CONTROLS","CLEAR","DARKNESS, LIGHTED ROAD","ANGLE","DIVIDED - W/MEDIAN BARRIER",,"STRAIGHT AND LEVEL","DRY","NO DEFECTS","NOT ON SCENE (DESK REPORT)","NO INJURY / DRIVE AWAY",,,"Y","$501 - $1,500","2025-05-16T20:20:00.000","IMPROPER OVERTAKING/PASSING","UNABLE TO DETERMINE","838","S","ASHLAND AVE","1231",,,,,,,"2","NO INDICATION OF INJURY","0","0","0","0","0","2","0","19","6","5","41.8704987468","-87.6666383832","POINT (-87.666638383182 41.87049874685)"
"0c690e3b63b67ad85a0f09ed088de5d44f83cac8910c1e506a82680bb583a644e42a84be8fbc1323272b71f6319a5611ae1fdd0b59e768bc03f39bb291524863",,"2025-05-16T19:20:00.000","30","TRAFFIC SIGNAL","UNKNOWN","CLEAR","DAYLIGHT","REAR END","NOT DIVIDED",,"STRAIGHT AND LEVEL","DRY","UNKNOWN","NOT ON SCENE (DESK REPORT)","NO INJURY / DRIVE AWAY",,,"Y","OVER $1,500","2025-05-16T19:40:00.000","UNABLE TO DETERMINE","NOT APPLICABLE","550","S","CLARK ST","123",,,,,,,"2","NO INDICATION OF INJURY","0","0","0","0","0","2","0","19","6","5","41.8747093014","-87.6308267758","POINT (-87.630826775761 41.874709301428)"
"a2b85c388a7b32813dbbb185dff00192cb0613c9cb0dacedd56c9e140c172a396f37e9bdf8b69ca9bf321b66ed6c055344f297b3143069a581527f27c4f9ddc9",,"2025-05-16T19:20:00.000","30","STOP SIGN/FLASHER","FUNCTIONING PROPERLY","CLEAR","DAYLIGHT","REAR END","NOT DIVIDED",,"STRAIGHT AND LEVEL","DRY","NO DEFECTS","ON SCENE","INJURY AND / OR TOW DUE TO CRASH",,,"Y","OVER $1,500","2025-05-16T19:21:00.000","UNABLE TO DETERMINE","UNABLE TO DETERMINE","3256","N","SHEFFIELD AVE","1924",,,,,,,"3","INCAPACITATING INJURY","2","0","1","1","0","1","0","19","6","5","41.9415906601","-87.6543049732","POINT (-87.654304973238 41.94159066006)"
"e6d4693d21fd33c3dee3f5d584d38700480e173a4dc848e7bc0320f074c18ff9e0e2edf7e197cfe9bd72b6bec19b224e2273b21ab14951dc3d4772a69e796d47",,"2025-05-16T19:17:00.000","30","NO CONTROLS","NO CONTROLS","CLEAR","DAYLIGHT","PEDALCYCLIST","FOUR WAY",,"STRAIGHT AND LEVEL","DRY","NO DEFECTS","NOT ON SCENE (DESK REPORT)","INJURY AND / OR TOW DUE TO CRASH","Y",,,"OVER $1,500","2025-05-17T16:30:00.000","UNABLE TO DETERMINE","UNABLE TO DETERMINE","2932","N","HALSTED ST","1933",,,,,,,"2","NONINCAPACITATING INJURY","1","0","0","1","0","4","0","19","6","5","41.9356181848","-87.6492603709","POINT (-87.649260370915 41.935618184812)"
"e9bb833a0211d16e3b1b54fb6b55dd22c424fde115b218245b832a0bd0d98578aa98ba5eeb06dbb1a678baad420b5f94a1dcb5121d24d3ddf21c8a766be55fa2",,"2025-05-16T19:10:00.000","30","TRAFFIC SIGNAL","FUNCTIONING PROPERLY","CLEAR","DAYLIGHT","REAR END","DIVIDED - W/MEDIAN (NOT RAISED)",,"STRAIGHT AND LEVEL","DRY","NO DEFECTS","NOT ON SCENE (DESK REPORT)","NO INJURY / DRIVE AWAY",,,"Y","OVER $1,500","2025-05-17T10:44:00.000","UNABLE TO DETERMINE","UNABLE TO DETERMINE","9300","S","STONY ISLAND AVE","413",,,,,,,"2","NO INDICATION OF INJURY","0","0","0","0","0","2","0","19","6","5","41.7258881","-87.5855587858","POINT (-87.585558785787 41.725888099989)"
"5c0d268075d7c588e9b9c9958699cbff63701e98e2d358149568a465c91e3c20b8f2ad8e7412da9fd1f77b3744d281b5cbea1af78bad88f64a5ea32daae71c3a",,"2025-05-16T19:00:00.000","20","TRAFFIC SIGNAL","FUNCTIONING PROPERLY","UNKNOWN","UNKNOWN","OTHER OBJECT","NOT DIVIDED",,"STRAIGHT AND LEVEL","UNKNOWN","UNKNOWN",,"INJURY AND / OR TOW DUE TO CRASH",,,"N","OVER $1,500","2025-05-16T19:00:00.000","UNABLE TO DETERMINE","NOT APPLICABLE","820","S","INDEPENDENCE BLVD","1133",,,,,,,"2","NONINCAPACITATING INJURY","1","0","0","1","0","1","0","19","6","5","41.8700492496","-87.7203926832","POINT (-87.720392683229 41.870049249623)"
"693cc45703cb491c4d27d466b6c5e8718080aee285d83ace025d294ba55a633a3821f3b2463693363b5f8ef2744c9cae9b2e96f72b614d71f8e96cedfc09fc85",,"2025-05-16T19:00:00.000","30","NO CONTROLS","NO CONTROLS","CLEAR","DAYLIGHT","SIDESWIPE SAME DIRECTION","NOT DIVIDED",,"STRAIGHT AND LEVEL","DRY","NO DEFECTS","NOT ON SCENE (DESK REPORT)","NO INJURY / DRIVE AWAY",,,"Y","OVER $1,500","2025-05-19T14:30:00.000","IMPROPER OVERTAKING/PASSING","IMPROPER OVERTAKING/PASSING","5700","N","SHERIDAN RD","2022",,,,,,,"2","NO INDICATION OF INJURY","0","0","0","0","0","2","0","19","6","5","41.9856410954","-87.6553885441","POINT (-87.655388544127 41.985641095429)"
"6b3561544e12e9c9754612d0145b74bdcedd7a98b88b1dd5e0c0144c935d1c3cbf2f4a36cb9f48712adb7910ed308531446fd3f44abe740acfdeb16cec6c66f5",,"2025-05-16T19:00:00.000","25","NO CONTROLS","NO CONTROLS","CLEAR","DUSK","PARKED MOTOR VEHICLE","NOT DIVIDED",,"STRAIGHT AND LEVEL","DRY","NO DEFECTS","NOT ON SCENE (DESK REPORT)","NO INJURY / DRIVE AWAY",,,"Y","OVER $1,500","2025-05-17T20:15:00.000","UNABLE TO DETERMINE","UNABLE TO DETERMINE","2223","W","23RD ST","1034",,,,,,,"2","NO INDICATION OF INJURY","0","0","0","0","0","1","0","19","6","5","41.8501659451","-87.6816165205","POINT (-87.681616520486 41.850165945082)"
"a61e014e9516e0632ad31ca3d0c47a37aff50242299b401b27ae5e7d80213e0ebd0cad444e313b1f9d8510f89773e0a6847a7d2c541419f34e001853752e8ea1",,"2025-05-16T19:00:00.000","15","UNKNOWN","UNKNOWN","UNKNOWN","UNKNOWN","PARKED MOTOR VEHICLE","PARKING LOT",,"STRAIGHT AND LEVEL","UNKNOWN","UNKNOWN",,"NO INJURY / DRIVE AWAY",,"Y",,"$501 - $1,500","2025-05-16T20:00:00.000","UNABLE TO DETERMINE","NOT APPLICABLE","5200","N","LAKE SHORE DR NB","2024",,,,,,,"2","NO INDICATION OF INJURY","0","0","0","0","0","4","0","19","6","5","41.9766216279","-87.6507900262","POINT (-87.650790026249 41.976621627865)"
"ca5fc21e9b1ef4f654b7b868d9f60f3d89d094ee9bd422a893b4ede148a3a998c1704e5ac7b438a333e15ccbe6100edf42adcae55c1d305d66cd29b3c1883460",,"2025-05-16T19:00:00.000","15","NO CONTROLS","NO CONTROLS","CLEAR","UNKNOWN","PARKED MOTOR VEHICLE","PARKING LOT",,"STRAIGHT AND LEVEL","DRY","NO DEFECTS","ON SCENE","NO INJURY / DRIVE AWAY",,"Y",,"OVER $1,500","2025-05-19T09:24:00.000","UNABLE TO DETERMINE","UNABLE TO DETERMINE","117","N","DAMEN AVE","1223",,,,,,,"2","NO INDICATION OF INJURY","0","0","0","0","0","1","0","19","6","5","41.8836687488","-87.6765579873","POINT (-87.676557987312 41.883668748832)"
"d50e0f93f46bf20b19be1d479c2639bf57536868dd324135e2d1ab0c9a2c68b04a6abb737db7ec3fb82a1e1240a9b8bd47d83f21b60bdeaa0fcd479edfb8e2ea",,"2025-05-16T19:00:00.000","30","NO CONTROLS","NO CONTROLS","BLOWING SAND, SOIL, DIRT","DAYLIGHT","TURNING","DIVIDED - W/MEDIAN (NOT RAISED)",,"STRAIGHT AND LEVEL","DRY","UNKNOWN","ON SCENE","INJURY AND / OR TOW DUE TO CRASH","Y",,"Y","OVER $1,500","2025-05-16T19:09:00.000","UNABLE TO DETERMINE","NOT APPLICABLE","500","N","GREEN ST","1214",,,,,,,"2","NO INDICATION OF INJURY","0","0","0","0","0","3","0","19","6","5","41.8912077006","-87.6489396115","POINT (-87.648939611532 41.891207700621)"
"795b41ec0d025fbf7b026d9fee14dab11bd587bfaa1cb829af0c1ce0e03b96900082609959d68805503b1eff5256e1535b0c22018fd183784621e76ea32ca9ad",,"2025-05-16T18:58:00.000","30","NO CONTROLS","NO CONTROLS","CLEAR","DAYLIGHT","SIDESWIPE SAME DIRECTION","DIVIDED - W/MEDIAN (NOT RAISED)",,"STRAIGHT AND LEVEL","DRY","NO DEFECTS","NOT ON SCENE (DESK REPORT)","NO INJURY / DRIVE AWAY",,,"Y","OVER $1,500","2025-05-16T20:07:00.000","IMPROPER LANE USAGE","NOT APPLICABLE","4254","W","31ST ST","1031",,,,,,,"2","NO INDICATION OF INJURY","0","0","0","0","0","3","0","18","6","5","41.8369132254","-87.7314112956","POINT (-87.731411295602 41.836913225394)"
"e0de6837929e3c97a81acdc7ea1102c32f4b86632c0f56410b6ee7bbf1e19f51001045390973d2dbd48cbc47fa904075c92a6a20ddaa671d705c70b5ec3e7811",,"2025-05-16T18:50:00.000","30","TRAFFIC SIGNAL","FUNCTIONING PROPERLY","BLOWING SAND, SOIL, DIRT","DAYLIGHT","TURNING","DIVIDED - W/MEDIAN (NOT RAISED)",,"STRAIGHT AND LEVEL","DRY","NO DEFECTS","NOT ON SCENE (DESK REPORT)","NO INJURY / DRIVE AWAY","Y",,,"$501 - $1,500","2025-05-16T19:40:00.000","UNABLE TO DETERMINE","NOT APPLICABLE","2400","N","WESTERN AVE","1431",,,,,,,"2","NO INDICATION OF INJURY","0","0","0","0","0","2","0","18","6","5","41.9249359441","-87.6877902547","POINT (-87.687790254713 41.924935944091)"
"33a31185a61a80aa9f9e3af1656d57aab8f5871a41a5436e59ed6d3f59d228ff43ea04f8b20963c38f06296044922c13ab5bedea1d761b202f7a267b91e3f976",,"2025-05-16T18:45:00.000","15","NO CONTROLS","NO CONTROLS","CLEAR","DAYLIGHT","PARKED MOTOR VEHICLE","ALLEY",,"STRAIGHT AND LEVEL","DRY","NO DEFECTS","NOT ON SCENE (DESK REPORT)","NO INJURY / DRIVE AWAY",,,"Y","OVER $1,500","2025-05-17T15:00:00.000","UNABLE TO DETERMINE","UNABLE TO DETERMINE","1265","W","74TH PL","734",,,,,,,"2","NO INDICATION OF INJURY","0","0","0","0","0","1","0","18","6","5","41.7585393062","-87.6564394568","POINT (-87.656439456793 41.758539306157)"