"crash_record_id","crash_date_est_i","crash_date","posted_speed_limit","traffic_control_device","device_condition","weather_condition","lighting_condition","first_crash_type","trafficway_type","lane_cnt","alignment","roadway_surface_cond","road_defect","report_type","crash_type","intersection_related_i","private_property_i","hit_and_run_i","damage","date_police_notified","prim_contributory_cause","sec_contributory_cause","street_no","street_direction","street_name","beat_of_occurrence","photos_taken_i","statements_taken_i","dooring_i","work_zone_i","work_zone_type","workers_present_i","num_units","most_severe_injury","injuries_total","injuries_fatal","injuries_incapacitating","injuries_non_incapacitating","injuries_reported_not_evident","injuries_no_indication","injuries_unknown","crash_hour","crash_day_of_week","crash_month","latitude","longitude","location"
"5f2aa32fddadda1c65494f5f2f93c20541196afdaadc88bc220a3c2746a0e77a64d6b8719474f17f1c610213b7115b1ae8e76918fde5fa69092f98c9bbc3cb5d",,"2025-05-16T18:45:00.000","30","NO CONTROLS","NO CONTROLS","BLOWING SAND, SOIL, DIRT","DARKNESS","HEAD ON","NOT DIVIDED",,"STRAIGHT AND LEVEL","DRY","UNKNOWN","NOT ON SCENE (DESK REPORT)","INJURY AND / OR TOW DUE TO CRASH",,,,"OVER $1,500","2025-05-16T23:45:00.000","VISION OBSCURED (SIGNS, TREE LIMBS, BUILDINGS, ETC.)","VISION OBSCURED (SIGNS, TREE LIMBS, BUILDINGS, ETC.)","9600","S","COLFAX AVE","431",,,,,,,"2","NO INDICATION OF INJURY","0","0","0","0","0","2","0","18","6","5","41.7202235717","-87.5607087159","POINT (-87.560708715914 41.720223571702)"
"70c405aef1d553fe72e7d5bed7620bd4c88aed0793a4b17f0765f1c665a8c0d14457a9a3647b245d014a2249065f3862e5da83d3737c58f7e027c612288bc43f","Y","2025-05-16T18:45:00.000","30","TRAFFIC SIGNAL","FUNCTIONING PROPERLY","CLEAR","DUSK","ANGLE","CENTER TURN LANE",,"STRAIGHT AND LEVEL","UNKNOWN","UNKNOWN","NOT ON SCENE (DESK REPORT)","NO INJURY / DRIVE AWAY","N",,,"OVER $1,500","2025-05-16T19:30:00.000","UNABLE TO DETERMINE","NOT APPLICABLE","2915","N","CALIFORNIA AVE","1411",,,,,,,"2","NO INDICATION OF INJURY","0","0","0","0","0","2","0","18","6","5","41.9344500732","-87.6975353924","POINT (-87.697535392396 41.93445007317)"
"21442e6d19b13fa04afa124fb2331f6c0431222a5c0aba3e02814e342259339664f6c870cbdd27d8bb57b453d6c1b9be2438905ef6091b860d7a1c25ec4afcf3",,"2025-05-16T18:44:00.000","30","UNKNOWN","UNKNOWN","BLOWING SAND, SOIL, DIRT","DAYLIGHT","PARKED MOTOR VEHICLE","OTHER",,"STRAIGHT AND LEVEL","DRY","NO DEFECTS","ON SCENE","NO INJURY / DRIVE AWAY",,,,"OVER $1,500","2025-05-16T19:44:00.000","UNABLE TO DETERMINE","UNABLE TO DETERMINE","2446","N","CALIFORNIA AVE","1414",,,,,,,"2","NO INDICATION OF INJURY","0","0","0","0","0","1","0","18","6","5","41.9261965065","-87.6975995853","POINT (-87.697599585348 41.9261965065)"
"2ac4646533eb7c650803c4cb3e7cef3384584d1847f2166c86866d316061a1bbb91cd08a4aeec328bc4f64da5d458034951303160ca9b5c4471dcaf6d0266cb1",,"2025-05-16T18:41:00.000","30","STOP SIGN/FLASHER","UNKNOWN","BLOWING SAND, SOIL, DIRT","DAYLIGHT","ANGLE","FOUR WAY",,"STRAIGHT AND LEVEL","DRY","UNKNOWN","ON SCENE","INJURY AND / OR TOW DUE TO CRASH","Y",,,"OVER $1,500","2025-05-16T19:08:00.000","FAILING TO YIELD RIGHT-OF-WAY","NOT APPLICABLE","998","N","WINCHESTER AVE","1212",,,,,,,"2","NO INDICATION OF INJURY","0","0","0","0","0","2","0","18","6","5","41.8994787635","-87.6760765729","POINT (-87.676076572865 41.899478763472)"
"58dc1b2b9536945a25e0b987a0f73090df7c7d78e394ccee5545fb899893946fb276e57ac7ec3e0c5cd9150ee49ecea29bba01b1d41251a2f801e38bc1e7fba9",,"2025-05-16T18:40:00.000","15","NO CONTROLS","NO CONTROLS","BLOWING SAND, SOIL, DIRT","DUSK","REAR TO FRONT","PARKING LOT",,"STRAIGHT AND LEVEL","UNKNOWN","UNKNOWN","NOT ON SCENE (DESK REPORT)","NO INJURY / DRIVE AWAY",,,,"$501 - $1,500","2025-05-16T19:15:00.000","EVASIVE ACTION DUE TO ANIMAL, OBJECT, NONMOTORIST","DISTRACTION - FROM OUTSIDE VEHICLE","7051","S","WESTERN AVE","832",,,,,,,"2","NO INDICATION OF INJURY","0","0","0","0","0","6","0","18","6","5","41.7650205275","-87.6831041545","POINT (-87.683104154519 41.765020527459)"
"1ff9cd1ace0ed4d2bb5ceb121d2a011d564cc8f17498f58f8228b2a0ce97ca84dc1ff52c0e02ac879602bc5e91855f9b7e0c17105430d036bb6f8f180ddb0e43",,"2025-05-16T18:38:00.000","30","STOP SIGN/FLASHER","FUNCTIONING PROPERLY","CLEAR","DUSK","PEDALCYCLIST","DIVIDED - W/MEDIAN (NOT RAISED)",,"STRAIGHT AND LEVEL","DRY","NO DEFECTS","ON SCENE","INJURY AND / OR TOW DUE TO CRASH",,,"Y","OVER $1,500","2025-05-16T19:24:00.000","FAILING TO YIELD RIGHT-OF-WAY","NOT APPLICABLE","5630","W","NORTH AVE","2531",,,,,,,"2","NONINCAPACITATING INJURY","1","0","0","1","0","1","0","18","6","5","41.9094758399","-87.7666920584","POINT (-87.766692058359 41.909475839885)"
"5186a8ab83601a00d7955ed63b4bb68e4acb3812618756abb215195b7405ff34208e1822e197af66391ad4f49e320b1d08490e29c0fa0e17f880ec0efc389d9d",,"2025-05-16T18:30:00.000","30","TRAFFIC SIGNAL","FUNCTIONING PROPERLY","CLEAR","DAYLIGHT","TURNING","DIVIDED - W/MEDIAN (NOT RAISED)",,"STRAIGHT AND LEVEL","DRY","NO DEFECTS","NOT ON SCENE (DESK REPORT)","NO INJURY / DRIVE AWAY",,,"N","$501 - $1,500","2025-05-17T08:30:00.000","FAILING TO YIELD RIGHT-OF-WAY","FAILING TO YIELD RIGHT-OF-WAY","2756","W","55TH ST","923",,,,,,,"2","NO INDICATION OF INJURY","0","0","0","0","0","3","0","18","6","5","41.7938030628","-87.6936562085","POINT (-87.693656208453 41.79380306285)"
"5984c2fd6a9eeb841981f91be3fc9267fa18ba6b51baa20a8b28a24464fff7f3fddc959d775095afa6200437ad9d3f5557d184889ee6a59be8c4c9cfe7f980d8",,"2025-05-16T18:30:00.000","30","TRAFFIC SIGNAL","FUNCTIONING PROPERLY","BLOWING SAND, SOIL, DIRT","DAYLIGHT","TURNING","NOT DIVIDED",,"STRAIGHT AND LEVEL","DRY","NO DEFECTS","ON SCENE","INJURY AND / OR TOW DUE TO CRASH","Y",,,"OVER $1,500","2025-05-16T18:32:00.000","FAILING TO YIELD RIGHT-OF-WAY","IMPROPER TURNING/NO SIGNAL","2428","N","CANNON DR","1935",,,,,,,"2","NONINCAPACITATING INJURY","1","0","0","1","0","1","0","18","6","5","41.9266368579","-87.6342726168","POINT (-87.634272616837 41.926636857939)"
"91fae068afbf6175bbe9b0693e84fa113c1e028b7b9f9da07387490264eef92baa98ec04d68b06599a2cb8247ee6c82f658c9e98c02d09f87e7fc4b5f796d68c",,"2025-05-16T18:30:00.000","30","TRAFFIC SIGNAL","FUNCTIONING PROPERLY","CLEAR","DAYLIGHT","TURNING","NOT DIVIDED",,"STRAIGHT AND LEVEL","DRY","NO DEFECTS","ON SCENE","NO INJURY / DRIVE AWAY",,,"Y","$501 - $1,500","2025-05-16T18:30:00.000","FAILING TO YIELD RIGHT-OF-WAY","IMPROPER TURNING/NO SIGNAL","2756","W","55TH ST","923",,,,,,,"2","NO INDICATION OF INJURY","0","0","0","0","0","2","0","18","6","5","41.7938030628","-87.6936562085","POINT (-87.693656208453 41.79380306285)"
"c8271afd6bd6b3f9d2fa80e61322bb61b35cc7fec32713edcb55bfcab2f89efb66762ad237dc5c3eec68571962b8d688e1d6426a1085e76d73889f0202fb84bf","Y","2025-05-16T18:30:00.000","25","UNKNOWN","UNKNOWN","BLOWING SAND, SOIL, DIRT","DUSK","FIXED OBJECT","NOT DIVIDED",,"STRAIGHT AND LEVEL","UNKNOWN","UNKNOWN","NOT ON SCENE (DESK REPORT)","INJURY AND / OR TOW DUE TO CRASH",,,,"$501 - $1,500","2025-05-17T22:30:00.000","UNABLE TO DETERMINE","NOT APPLICABLE","3712","W","19TH ST","1014",,,,,,,"1","REPORTED, NOT EVIDENT","1","0","0","0","1","0","0","18","6","5","41.8551702592","-87.7181797289","POINT (-87.718179728935 41.85517025917)"
"563e06924ef2d6b3b975d2f3b9329265041152e15430b110d243ffd4629104406c027ac4b50a47630d54e1ba37465f57d56c6220ceaa72baa769c4297b79d710",,"2025-05-16T18:27:00.000","30","NO CONTROLS","NO CONTROLS","BLOWING SAND, SOIL, DIRT","DAYLIGHT","TURNING","ONE-WAY",,"STRAIGHT AND LEVEL","DRY","UNKNOWN","ON SCENE","INJURY AND / OR TOW DUE TO CRASH","Y",,,"OVER $1,500","2025-05-16T18:27:00.000","UNABLE TO DETERMINE","FOLLOWING TOO CLOSELY","2634","W","DEVON AVE","2412",,,,,,,"2","NO INDICATION OF INJURY","0","0","0","0","0","2","0","18","6","5","41.9977324242","-87.696135224","POINT (-87.696135223997 41.997732424164)"
"ff7b37fd534121d7f9957c0231c8ddecd8dafd2c5a6745652ca666a75ce0447d9cd96aae96e74e3533151d1bdf530cbe6597e587a5ed74c6a0ea07335a204ebc",,"2025-05-16T18:25:00.000","30","NO CONTROLS","NO CONTROLS","CLOUDY/OVERCAST","DUSK","TURNING","NOT DIVIDED",,"STRAIGHT AND LEVEL","UNKNOWN","UNKNOWN","NOT ON SCENE (DESK REPORT)","NO INJURY / DRIVE AWAY",,,,"$501 - $1,500","2025-05-17T10:42:00.000","IMPROPER LANE USAGE","NOT APPLICABLE","956","W","CHICAGO AVE","1213",,,,,,,"2","NO INDICATION OF INJURY","0","0","0","0","0","3","0","18","6","5","41.8964322708","-87.6518849398","POINT (-87.651884939834 41.89643227079)"
"2ad8dff23d2ba134b3a38aaeee323d6804f145adb555b555b4802b0b4673108eda9d1e3f3742e0e7b90b56de75ef8f5b6dc775a3edb41bc80a27d5ce4aa603c5",,"2025-05-16T18:20:00.000","25","NO CONTROLS","NO CONTROLS","CLEAR","DAYLIGHT","TURNING","DIVIDED - W/MEDIAN (NOT RAISED)",,"STRAIGHT AND LEVEL","DRY","NO DEFECTS","ON SCENE","NO INJURY / DRIVE AWAY",,,,"OVER $1,500","2025-05-16T18:35:00.000","IMPROPER LANE USAGE","IMPROPER TURNING/NO SIGNAL","6602","S","RACINE AVE","724",,,,,,,"2","NO INDICATION OF INJURY","0","0","0","0","0","6","0","18","6","5","41.7740039444","-87.6544971187","POINT (-87.654497118703 41.774003944441)"
"4fdc80fffbe8516154eb07e351d9c3947a49a9356ac490734183813b9a5e81470ba7beb2a9e845ed4e324e385085dad9893010b306b4a32482666ff6f1d02190",,"2025-05-16T18:20:00.000","30","UNKNOWN","UNKNOWN","CLEAR","DAYLIGHT","REAR END","FOUR WAY",,"STRAIGHT AND LEVEL","DRY","NO DEFECTS","NOT ON SCENE (DESK REPORT)","NO INJURY / DRIVE AWAY","Y",,,"OVER $1,500","2025-05-16T20:45:00.000","FAILING TO YIELD RIGHT-OF-WAY","FAILING TO REDUCE SPEED TO AVOID CRASH","760","W","WILSON AVE","1914",,,,,,,"2","NO INDICATION OF INJURY","0","0","0","0","0","2","0","18","6","5","41.9655948551","-87.6499414069","POINT (-87.64994140695 41.96559485514)"
"71ad91181e867fe656abf66513c8c1e6ca6fd4414e0035c5d11e8102b279e0853754cd883f99765ddaa3d740c3a605f28e8aeb966cf4c0482b495aa5c35a9e4c",,"2025-05-16T18:20:00.000","30","UNKNOWN","UNKNOWN","CLEAR","DAWN","PEDALCYCLIST","FOUR WAY",,"STRAIGHT AND LEVEL","DRY","UNKNOWN","ON SCENE","INJURY AND / OR TOW DUE TO CRASH",,,,"OVER $1,500","2025-05-16T18:39:00.000","FAILING TO YIELD RIGHT-OF-WAY","FAILING TO REDUCE SPEED TO AVOID CRASH","520","N","DEARBORN ST","1831",,,,,,,"2","NONINCAPACITATING INJURY","1","0","0","1","0","1","0","18","6","5","41.8916012848","-87.6297967052","POINT (-87.629796705231 41.891601284754)"
"791a08d11b5d844ee2ab926d4d247458d9a749a6e8443dc12d207c77b4eb7b4d690da9e0a0e55ca97bcc79653ad4a2163119a94b9fe561b8b82806c4b65f738b",,"2025-05-16T18:20:00.000","30","NO CONTROLS","NO CONTROLS","CLEAR","DUSK","REAR END","CENTER TURN LANE",,"STRAIGHT AND LEVEL","UNKNOWN","UNKNOWN","NOT ON SCENE (DESK REPORT)","NO INJURY / DRIVE AWAY",,,,"OVER $1,500","2025-05-16T18:30:00.000","FOLLOWING TOO CLOSELY","NOT APPLICABLE","2643","N","CLYBOURN AVE","1931",,,,,,,"2","NO INDICATION OF INJURY","0","0","0","0","0","2","0","18","6","5","41.9297285169","-87.6749929694","POINT (-87.674992969418 41.929728516853)"
"9d43602304d678b354ca2273236e31898e1b38298bee0ca3db57610d9b6da094afc0358eaf12d61c2a5112c1b96d4a8241efeb8d9d7b498b34673df919abe54f",,"2025-05-16T18:15:00.000","30","TRAFFIC SIGNAL","FUNCTIONING PROPERLY","CLEAR","DAYLIGHT","TURNING","FOUR WAY",,"STRAIGHT AND LEVEL","DRY","NO DEFECTS","NOT ON SCENE (DESK REPORT)","NO INJURY / DRIVE AWAY","Y",,,"$501 - $1,500","2025-05-16T19:38:00.000","IMPROPER OVERTAKING/PASSING","DRIVING SKILLS/KNOWLEDGE/EXPERIENCE","2400","W","NORTH AVE","1434",,,,,,,"2","NO INDICATION OF INJURY","0","0","0","0","0","3","0","18","6","5","41.9104298624","-87.6872842205","POINT (-87.687284220508 41.910429862359)"
"eaf94a309bbc1ba09f3059a47af3dd7619e0212d9aeac287391a9cef22923a53cfbb43f64e1525f66380128e36d8d8d0cdcf15b29e5670e47b4bbb51d4594954",,"2025-05-16T18:13:00.000","30","NO CONTROLS","NO CONTROLS","CLEAR","DAYLIGHT","SIDESWIPE SAME DIRECTION","NOT DIVIDED",,"STRAIGHT AND LEVEL","DRY","NO DEFECTS","NOT ON SCENE (DESK REPORT)","NO INJURY / DRIVE AWAY",,,,"OVER $1,500","2025-05-16T19:00:00.000","UNABLE TO DETERMINE","NOT APPLICABLE","8147","S","HALSTED ST","622","Y",,,,,,"2","NO INDICATION OF INJURY","0","0","0","0","0","3","0","18","6","5","41.7456189628","-87.6437476792","POINT (-87.643747679163 41.745618962823)"
"bd3cfe830ed936e04f2f833b75d7895a18d036f4b4fb345e59d96e18f81e888730d5bb914fe048d07c76576f51c47a533f37cd74bfaa4d4872d3f302063d25ee",,"2025-05-16T18:11:00.000","30","TRAFFIC SIGNAL","FUNCTIONING PROPERLY","CLEAR","DAYLIGHT","TURNING","TRAFFIC ROUTE",,"STRAIGHT AND LEVEL","DRY","NO DEFECTS","ON SCENE","NO INJURY / DRIVE AWAY","Y",,,"OVER $1,500","2025-05-16T19:55:00.000","FOLLOWING TOO CLOSELY","UNABLE TO DETERMINE","751","S","DEARBORN ST","123",,,,,,,"2","NO INDICATION OF INJURY","0","0","0","0","0","2","0","18","6","5","41.8723400874","-87.6289846745","POINT (-87.628984674549 41.87234008745)"
"3ca4a9e283457a69e655f0b7e9dda33e11aa2817111f53b5a9ab8b79dc15753af0232d536800a857c2623a7be702b3984ba11cabb67d47aee41420b6ba18fda5",,"2025-05-16T18:10:00.000","30","NO CONTROLS","NO CONTROLS","CLEAR","DAYLIGHT","ANGLE","NOT DIVIDED",,"STRAIGHT AND LEVEL","DRY","NO DEFECTS","ON SCENE","NO INJURY / DRIVE AWAY","Y",,,"OVER $1,500","2025-05-16T18:32:00.000","FAILING TO YIELD RIGHT-OF-WAY","NOT APPLICABLE","7801","W","ADDISON ST","1631",,,,,,,"2","NO INDICATION OF INJURY","0","0","0","0","0","2","0","18","6","5","41.9450574316","-87.8217447471","POINT (-87.821744747065 41.945057431567)"
"d035ebefac761f3e0b08a43ab1ea499291a695f3d277058b41693940bebb74b3c97fe50c35396d736c6a4592712bbe1fe5c3ccb8275fdad53577ee7e6cc09b97",,"2025-05-16T18:10:00.000","30","NO CONTROLS","NO CONTROLS","CLEAR","DAYLIGHT","SIDESWIPE SAME DIRECTION","FOUR WAY",,"STRAIGHT AND LEVEL","DRY","NO DEFECTS","NOT ON SCENE (DESK REPORT)","NO INJURY / DRIVE AWAY","Y",,,"OVER $1,500","2025-05-16T19:15:00.000","FAILING TO YIELD RIGHT-OF-WAY","FAILING TO REDUCE SPEED TO AVOID CRASH","4846","W","MONTROSE AVE","1623",,,,,,,"2","NO INDICATION OF INJURY","0","0","0","0","0","3","0","18","6","5","41.9608106783","-87.7494438627","POINT (-87.749443862677 41.960810678301)"
"93ff5fc8a3d6add93e9695a5b68af80664bbd3e2d1912ba5605c36c58dceb191d8d8ec54a0689df864a63517c6959988091d00b0ed2b00b1cc28c99d29250bd3",,"2025-05-16T18:07:00.000","30","NO CONTROLS","NO CONTROLS","CLEAR","DAYLIGHT","SIDESWIPE SAME DIRECTION","Y-INTERSECTION",,"STRAIGHT AND LEVEL","DRY","NO DEFECTS","ON SCENE","NO INJURY / DRIVE AWAY",,,,"OVER $1,500","2025-05-16T18:10:00.000","UNABLE TO DETERMINE","UNABLE TO DETERMINE","11045","S","ASHLAND AVE","2234",,,,,,,"3","NO INDICATION OF INJURY","0","0","0","0","0","2","0","18","6","5","41.6925784982","-87.6617088859","POINT (-87.661708885871 41.692578498186)"
"17553cfa7d0d02b73aa12219c52431849be92fc6580c9f7cf85c2c763aa7bf23b998453924ead13d9a5fb8d42e19d40bd9b5aa12e8af2e150b069c16179199bf",,"2025-05-16T18:00:00.000","30","NO CONTROLS","NO CONTROLS","CLEAR","DAYLIGHT","REAR END","DIVIDED - W/MEDIAN (NOT RAISED)",,"STRAIGHT AND LEVEL","DRY","NO DEFECTS","ON SCENE","INJURY AND / OR TOW DUE TO CRASH",,,,"OVER $1,500","2025-05-16T18:03:00.000","VISION OBSCURED (SIGNS, TREE LIMBS, BUILDINGS, ETC.)","FOLLOWING TOO CLOSELY","726","W","71ST ST","732",,,,,,,"3","NO INDICATION OF INJURY","0","0","0","0","0","5","0","18","6","5","41.7653348513","-87.6430380723","POINT (-87.643038072326 41.76533485127)"
"2b365f32d86ddccbd8a7dab1b6861b751df36f9c4119db247f7f10745988b3d332bb584bb7538ca0e4d6e709b067dad0d0d0b5273dccd3b177200dc781c00a98",,"2025-05-16T18:00:00.000","30","NO CONTROLS","NO CONTROLS","CLOUDY/OVERCAST","DAYLIGHT","TURNING","DIVIDED - W/MEDIAN (NOT RAISED)",,"STRAIGHT AND LEVEL","DRY","NO DEFECTS","NOT ON SCENE (DESK REPORT)","NO INJURY / DRIVE AWAY",,,,"$501 - $1,500","2025-05-16T18:40:00.000","UNABLE TO DETERMINE","NOT APPLICABLE","4608","W","BELMONT AVE","1731",,,,,,,"2","NO INDICATION OF INJURY","0","0","0","0","0","2","0","18","6","5","41.9389938243","-87.7426989895","POINT (-87.742698989467 41.938993824336)"
"4d8124632b1a3967fb48afd8a74588103d35c42155587c168e17e343fcf703fdb86c8cc4d1a173b5689ee0364961d231bf0086ce29e4ff41bfbc93453092921a",,"2025-05-16T18:00:00.000","30","TRAFFIC SIGNAL","FUNCTIONING PROPERLY","CLEAR","DAYLIGHT","PEDALCYCLIST","DIVIDED - W/MEDIAN (NOT RAISED)",,"STRAIGHT AND LEVEL","DRY","NO DEFECTS","NOT ON SCENE (DESK REPORT)","INJURY AND / OR TOW DUE TO CRASH",,,"Y","$501 - $1,500","2025-05-17T13:12:00.000","UNABLE TO DETERMINE","NOT APPLICABLE","3820","S","ARCHER AVE","911",,,,,,,"2","NONINCAPACITATING INJURY","1","0","0","1","0","1","0","18","6","5","41.8241128537","-87.6881350359","POINT (-87.688135035871 41.824112853701)"
"75ca92d91515c88dcb88dc3d494f7bf5539a2f1f5f079a61a85a04ad4d5a4a932c2447cdd05ebbf50e84b7b740cb6be24223a3ec75b8d0b42ad7f73ce04ff782",,"2025-05-16T18:00:00.000","20","UNKNOWN","UNKNOWN","BLOWING SAND, SOIL, DIRT","DUSK","PARKED MOTOR VEHICLE","NOT DIVIDED",,"STRAIGHT AND LEVEL","DRY","UNKNOWN","ON SCENE","INJURY AND / OR TOW DUE TO CRASH",,,,"OVER $1,500","2025-05-16T18:30:00.000","IMPROPER LANE USAGE","IMPROPER LANE USAGE","3944","W","ARGYLE ST","1712",,,,,,,"2","NO INDICATION OF INJURY","0","0","0","0","0","1","0","18","6","5","41.9720008582","-87.7275281886","POINT (-87.727528188568 41.972000858181)"
"780c80c0073619abe2417395a1357d73aa9daffc4ae0e0123d26fa2e4d98798759e0c73d8f0e0fbaa1d90e2bb045d04664d5cce42f7d5a56311e12a974305d92",,"2025-05-16T18:00:00.000","30","STOP SIGN/FLASHER","FUNCTIONING PROPERLY","CLEAR","DAYLIGHT","ANGLE","FOUR WAY",,"STRAIGHT AND LEVEL","DRY","NO DEFECTS","ON SCENE","INJURY AND / OR TOW DUE TO CRASH","Y",,,"OVER $1,500","2025-05-16T18:00:00.000","FAILING TO YIELD RIGHT-OF-WAY","UNABLE TO DETERMINE","7700","S","HALSTED ST","621",,,,,,,"2","NONINCAPACITATING INJURY","4","0","0","3","1","0","0","18","6","5","41.7541793482","-87.6442806962","POINT (-87.644280696154 41.754179348229)"
"b8aeca943d6109d2d47170ebddfca88d45f82aefb2911379ffbe7d6537ce521ec947047fc67d79d5a75ec303d81c19fec629f75a42d885c776029533bbff2437",,"2025-05-16T18:00:00.000","30","TRAFFIC SIGNAL","FUNCTIONING PROPERLY","UNKNOWN","DAYLIGHT","TURNING","DIVIDED - W/MEDIAN (NOT RAISED)",,"STRAIGHT AND LEVEL","DRY","NO DEFECTS","NOT ON SCENE (DESK REPORT)","NO INJURY / DRIVE AWAY",,,,"OVER $1,500","2025-05-17T13:15:00.000","UNABLE TO DETERMINE","UNABLE TO DETERMINE","2800","N","KOSTNER AVE","2523",,,,,,,"2","NO INDICATION OF INJURY","0","0","0","0","0","3","0","18","6","5","41.9317547843","-87.7369598236","POINT (-87.736959823602 41.931754784266)"
"b03b4ef07b81c484f001c2f9463e59a9a8c824aba454ca23725a3355fb2b317c6983103bbecc948969f3ca899e4b438b936c3dfa9266824ec6f8d5029f0ea7e9",,"2025-05-16T17:55:00.000","30","STOP SIGN/FLASHER","FUNCTIONING PROPERLY","CLEAR","DAYLIGHT","TURNING","T-INTERSECTION",,"STRAIGHT AND LEVEL","DRY","NO DEFECTS","NOT ON SCENE (DESK REPORT)","NO INJURY / DRIVE AWAY","Y",,,"OVER $1,500","2025-05-16T18:25:00.000","FAILING TO YIELD RIGHT-OF-WAY","FAILING TO REDUCE SPEED TO AVOID CRASH","5237","W","LAWRENCE AVE","1623",,,,,,,"2","NO INDICATION OF INJURY","0","0","0","0","0","2","0","17","6","5","41.9677807748","-87.7590513611","POINT (-87.759051361053 41.967780774759)"
"d52256c54afdc981ae48e2fd963ccff67645fc1b878a4e25aa9f44890f5ba8b77f75ed858c1add6cd7550327f23da5d57cdfc4fa5eaf459fb048d0147b1c00d9",,"2025-05-16T17:55:00.000","25","NO CONTROLS","NO CONTROLS","CLEAR","DAYLIGHT","SIDESWIPE SAME DIRECTION","ONE-WAY",,"STRAIGHT AND LEVEL","DRY","UNKNOWN","NOT ON SCENE (DESK REPORT)","NO INJURY / DRIVE AWAY",,,,"$500 OR LESS","2025-05-16T18:30:00.000","UNABLE TO DETERMINE","UNABLE TO DETERMINE","1217","S","KILDARE AVE","1011",,,,,,,"2","NO INDICATION OF INJURY","0","0","0","0","0","2","0","17","6","5","41.8655247755","-87.7323466294","POINT (-87.732346629398 41.865524775524)"
"d38376c5bfb6237f52d77e1c1cdb6c4ecb51dcb58962f4b9dbe6626fbebee5675490585ab7e65cc106529964156f29a0f3ef87aebe5d8f5fefa38bc811a8649d",,"2025-05-16T17:49:00.000","30","TRAFFIC SIGNAL","FUNCTIONING PROPERLY","CLEAR","DAYLIGHT","PEDALCYCLIST","DIVIDED - W/MEDIAN (NOT RAISED)",,"STRAIGHT AND LEVEL","DRY","NO DEFECTS","ON SCENE","INJURY AND / OR TOW DUE TO CRASH","Y",,"Y","$500 OR LESS","2025-05-16T17:49:00.000","FAILING TO YIELD RIGHT-OF-WAY","UNABLE TO DETERMINE","3599","N","KEDZIE AVE","1733",,,,,,,"2","REPORTED, NOT EVIDENT","1","0","0","0","1","1","0","17","6","5","41.9465980258","-87.7076737408","POINT (-87.707673740835 41.946598025769)"
"a35fa8f1ac8f3c892c2cf2ed787b73e71ec06757cf0efc9eac427111b4df17bb35f70bbeed578defe9700afba9b3c71775a584a7390bfac778730d40dbf6c54c",,"2025-05-16T17:45:00.000","35","TRAFFIC SIGNAL","FUNCTIONING PROPERLY","CLEAR","DAYLIGHT","REAR END","FOUR WAY",,"STRAIGHT AND LEVEL","DRY","NO DEFECTS","ON SCENE","NO INJURY / DRIVE AWAY",,,,"$500 OR LESS","2025-05-16T17:45:00.000","FOLLOWING TOO CLOSELY","NOT APPLICABLE","1957","N","PULASKI RD","2535",,,,,,,"2","NO INDICATION OF INJURY","0","0","0","0","0","2","0","17","6","5","41.9170229769","-87.7264041544","POINT (-87.72640415439 41.917022976867)"
"ed74ccd9ef0171baac2fb6bb97fd90e3360156974122a1c2e5321cf83fc9b8b94cbb1542ab86d6bc6b04730cd9d98bfdef4497a99df176ae100b7b37e728faa8",,"2025-05-16T17:45:00.000","30","NO CONTROLS","NO CONTROLS","CLEAR","DAYLIGHT","OTHER NONCOLLISION","NOT DIVIDED",,"STRAIGHT AND LEVEL","DRY","UNKNOWN","ON SCENE","INJURY AND / OR TOW DUE TO CRASH",,,,"OVER $1,500","2025-05-16T17:46:00.000","EQUIPMENT - VEHICLE CONDITION","EQUIPMENT - VEHICLE CONDITION","6148","N","SHERIDAN RD","2433",,,,,,,"1","NO INDICATION OF INJURY","0","0","0","0","0","7","0","17","6","5","41.9937411124","-87.6556488082","POINT (-87.655648808176 41.993741112372)"
"2e35fba7c107c70544edad40077750678f91b4b87ec4347449a1497d112db649289f9f43203b0898ffad1d648631a0d6cb9720dcfe1b21924ef0173ec81ca98a",,"2025-05-16T17:43:00.000","30","NO CONTROLS","NO CONTROLS","CLEAR","DAYLIGHT","REAR END","NOT DIVIDED",,"STRAIGHT AND LEVEL","DRY","NO DEFECTS","NOT ON SCENE (DESK REPORT)","NO INJURY / DRIVE AWAY",,,,"$501 - $1,500","2025-05-16T18:15:00.000","FOLLOWING TOO CLOSELY","FOLLOWING TOO CLOSELY","3910","S","CICERO AVE","1031",,,,,,,"2","NO INDICATION OF INJURY","0","0","0","0","0","2","0","17","6","5","41.8216947014","-87.7436688345","POINT (-87.743668834502 41.821694701354)"
"87f7c64223e121d26a356ab42ef9b5a78ad177757fb62fdb0ae1083926ea0837aacb938edbacb72b9f3794dfa49975d6a39d79a3a7be2f7d9b4073b84d65b3dd",,"2025-05-16T17:40:00.000","25","NO CONTROLS","NO CONTROLS","CLEAR","DAYLIGHT","REAR END","NOT DIVIDED",,"STRAIGHT AND LEVEL","DRY","NO DEFECTS","NOT ON SCENE (DESK REPORT)","NO INJURY / DRIVE AWAY",,,,"OVER $1,500","2025-05-16T18:34:00.000","NOT APPLICABLE","NOT APPLICABLE","3500","W","IRVING PARK RD","1723",,,,,,,"3","NO INDICATION OF INJURY","0","0","0","0","0","3","0","17","6","5","41.953930482","-87.7154261961","POINT (-87.715426196115 41.953930481958)"