"crash_record_id","crash_date_est_i","crash_date","posted_speed_limit","traffic_control_device","device_condition","weather_condition","lighting_condition","first_crash_type","trafficway_type","lane_cnt","alignment","roadway_surface_cond","road_defect","report_type","crash_type","intersection_related_i","private_property_i","hit_and_run_i","damage","date_police_notified","prim_contributory_cause","sec_contributory_cause","street_no","street_direction","street_name","beat_of_occurrence","photos_taken_i","statements_taken_i","dooring_i","work_zone_i","work_zone_type","workers_present_i","num_units","most_severe_injury","injuries_total","injuries_fatal","injuries_incapacitating","injuries_non_incapacitating","injuries_reported_not_evident","injuries_no_indication","injuries_unknown","crash_hour","crash_day_of_week","crash_month","latitude","longitude","location"
"9f8e2756056413f1ac03ecb02fbb471d522873ee586146c7fa635c55b50d483ef2f8f1fbbc462b68c3c2a5628ad9dd336e6706b2587bc6a66359a75119183378",,"2025-05-16T17:40:00.000","30","NO CONTROLS","NO CONTROLS","CLEAR","DAYLIGHT","TURNING","DIVIDED - W/MEDIAN (NOT RAISED)",,"STRAIGHT AND LEVEL","DRY","NO DEFECTS","NOT ON SCENE (DESK REPORT)","NO INJURY / DRIVE AWAY",,,"Y","$501 - $1,500","2025-05-17T14:42:00.000","IMPROPER LANE USAGE","NOT APPLICABLE","5000","W","47TH ST","814",,,,,,,"2","NO INDICATION OF INJURY","0","0","0","0","0","3","0","17","6","5","41.8076643501","-87.7481151742","POINT (-87.748115174196 41.807664350072)"
"ef7f7c1ffd4cbd4c29a82437c9ffc0bc93592bf6d53230b3fa2bd829ad5f54ee4943b74730680ca61d23a20be3293b6dfa08c1c6beba1662bb8dc7031b5ae09e",,"2025-05-16T17:38:00.000","30","NO CONTROLS","NO CONTROLS","FOG/SMOKE/HAZE","DAYLIGHT","SIDESWIPE SAME DIRECTION","DIVIDED - W/MEDIAN (NOT RAISED)",,"STRAIGHT AND LEVEL","DRY","NO DEFECTS","ON SCENE","NO INJURY / DRIVE AWAY",,,,"OVER $1,500","2025-05-16T18:40:00.000","FAILING TO REDUCE SPEED TO AVOID CRASH","UNABLE TO DETERMINE","5757","W","ADDISON ST","1633",,,,,,,"2","NO INDICATION OF INJURY","0","0","0","0","0","2","0","17","6","5","41.9457167533","-87.7714294076","POINT (-87.771429407622 41.945716753251)"
"0fe3e720e96b9fe437149601e52e246c6391be94ca383afc2b2b8bc0427a026c3f3c9c2e0f21f0cf2851ff616d295e1cbb06055eb9ee577334841bcc121d170f",,"2025-05-16T17:36:00.000","30","STOP SIGN/FLASHER","UNKNOWN","CLEAR","DAYLIGHT","ANGLE","FOUR WAY",,"STRAIGHT AND LEVEL","DRY","NO DEFECTS","ON SCENE","NO INJURY / DRIVE AWAY","Y",,"Y","OVER $1,500","2025-05-16T19:11:00.000","DISREGARDING STOP SIGN","DISREGARDING STOP SIGN","11898","S","PARNELL AVE","524",,,,,,,"2","NO INDICATION OF INJURY","0","0","0","0","0","3","0","17","6","5","41.6779694772","-87.6360363949","POINT (-87.636036394871 41.677969477161)"
"a89ee9a4da82421ff28577ee4946cc54c37c782ba4a871651ee92b97ccbc769790db385a99917fc3bdbb2e18706492d4672e709c81195bb3e777f0f411bbfa9d",,"2025-05-16T17:32:00.000","30","TRAFFIC SIGNAL","UNKNOWN","CLEAR","DAYLIGHT","ANGLE","DIVIDED - W/MEDIAN (NOT RAISED)",,"STRAIGHT AND LEVEL","DRY","UNKNOWN","ON SCENE","NO INJURY / DRIVE AWAY",,,,"OVER $1,500","2025-05-16T17:59:00.000","DISREGARDING TRAFFIC SIGNALS","DISREGARDING OTHER TRAFFIC SIGNS","5901","S","MORGAN ST","712",,,,,,,"2","NO INDICATION OF INJURY","0","0","0","0","0","2","0","17","6","5","41.7868671095","-87.6496788646","POINT (-87.649678864623 41.786867109468)"
"20b4c2dc6295ff1e6bb50ee718ba915ef6197376fac4ae2b35764e192fd28575198b04af6e3ef8429bab5561e1e74ca3406dc9d27f9a1af6295dbd01080308dd",,"2025-05-16T17:30:00.000","30","TRAFFIC SIGNAL","FUNCTIONING PROPERLY","CLEAR","DAYLIGHT","REAR END","NOT DIVIDED",,"STRAIGHT AND LEVEL","DRY","NO DEFECTS","NOT ON SCENE (DESK REPORT)","NO INJURY / DRIVE AWAY",,,"Y","OVER $1,500","2025-05-18T14:00:00.000","IMPROPER OVERTAKING/PASSING","UNABLE TO DETERMINE","1900","N","ELSTON AVE","1433",,,,,,,"2","NO INDICATION OF INJURY","0","0","0","0","0","2","0","17","6","5","41.9164415956","-87.6665693076","POINT (-87.666569307591 41.916441595619)"
"bbeb63a4158e3af974060785d1826fd368ff8a17e4cd73b50543d25a4ef38f2a8d794e25579f0d3525ae21500712383b502e9113b12d6cf7674fd4db05cc3e68",,"2025-05-16T17:30:00.000","30","TRAFFIC SIGNAL","FUNCTIONING PROPERLY","CLEAR","DAYLIGHT","SIDESWIPE SAME DIRECTION","FOUR WAY",,"STRAIGHT AND LEVEL","DRY","UNKNOWN","NOT ON SCENE (DESK REPORT)","NO INJURY / DRIVE AWAY","Y",,"Y","OVER $1,500","2025-05-16T18:30:00.000","UNABLE TO DETERMINE","UNABLE TO DETERMINE","9500","S","HALSTED ST","2223",,,,,,,"2","NO INDICATION OF INJURY","0","0","0","0","0","2","0","17","6","5","41.7213650608","-87.6433580423","POINT (-87.643358042341 41.721365060783)"
"e6169c82122d65402222670bfa1e67eb33f8529cb1ce39cdbee68f1b34b8aca4f480c18f859ed08c98bee58613f362f184930314d968223a302c36e40976b2e6",,"2025-05-16T17:30:00.000","30","TRAFFIC SIGNAL","FUNCTIONING PROPERLY","FOG/SMOKE/HAZE","DAYLIGHT","SIDESWIPE SAME DIRECTION","FIVE POINT, OR MORE",,"STRAIGHT AND LEVEL","DRY","UNKNOWN","ON SCENE","NO INJURY / DRIVE AWAY",,,,"OVER $1,500","2025-05-16T19:00:00.000","UNABLE TO DETERMINE","NOT APPLICABLE","7058","S","SOUTH SHORE DR","331",,,,,,,"2","NO INDICATION OF INJURY","0","0","0","0","0","2","0","17","6","5","41.7663654192","-87.5666278797","POINT (-87.566627879732 41.766365419233)"
"88adeb7c0946f0230351a871389f4e569828a4cb2085d01cb692e41b2f1c657360f36f29203f4ae9f2d755e55aef82cdea5b5718bd755a49fc86885cb414fdb1",,"2025-05-16T17:25:00.000","25","STOP SIGN/FLASHER","NO CONTROLS","CLEAR","DAYLIGHT","ANGLE","NOT DIVIDED",,"STRAIGHT AND LEVEL","DRY","UNKNOWN","NOT ON SCENE (DESK REPORT)","NO INJURY / DRIVE AWAY",,,"Y","$500 OR LESS","2025-05-16T17:55:00.000","FOLLOWING TOO CLOSELY","FOLLOWING TOO CLOSELY","6000","S","LOOMIS BLVD","713",,,,,,,"2","NO INDICATION OF INJURY","0","0","0","0","0","4","0","17","6","5","41.7849051975","-87.6596401889","POINT (-87.659640188947 41.784905197539)"
"8b940b685a48d8dfc5a6eafb96b9fb470a665c368e153b75ee88b1b746d012ad9306909556ede724237240396f1fcf196c11547e20eff5814e917cee50be02d2",,"2025-05-16T17:25:00.000","30","TRAFFIC SIGNAL","FUNCTIONING PROPERLY","CLEAR","DAYLIGHT","REAR END","NOT DIVIDED",,"STRAIGHT AND LEVEL","DRY","NO DEFECTS","NOT ON SCENE (DESK REPORT)","NO INJURY / DRIVE AWAY",,,,"OVER $1,500","2025-05-16T17:51:00.000","UNABLE TO DETERMINE","NOT APPLICABLE","225","N","ASHLAND AVE","1215",,,,,,,"2","NO INDICATION OF INJURY","0","0","0","0","0","3","0","17","6","5","41.8861142197","-87.6668532691","POINT (-87.666853269093 41.886114219686)"
"0556ea50ef3b0681af9ab58994ed439d4514e8db4027960c3a63c1cb309c8bbe5f03acc89be452478e18de93d1e0b1e2e4dd74d0bdc6599d525303cb7ddf3a4c",,"2025-05-16T17:20:00.000","30","TRAFFIC SIGNAL","FUNCTIONING PROPERLY","CLEAR","DAYLIGHT","TURNING","DIVIDED - W/MEDIAN (NOT RAISED)",,"STRAIGHT AND LEVEL","DRY","NO DEFECTS","ON SCENE","INJURY AND / OR TOW DUE TO CRASH","Y",,"Y","OVER $1,500","2025-05-16T17:28:00.000","IMPROPER TURNING/NO SIGNAL","NOT APPLICABLE","3750","W","OGDEN AVE","1014",,,,,,,"2","NO INDICATION OF INJURY","0","0","0","0","0","2","0","17","6","5","41.8531945151","-87.7193289475","POINT (-87.719328947545 41.853194515075)"
"7851616ca6cff75347a889f9280dcf0fe1cce00e1dbe49aec6875e718a6c509276bf4bbfa0841c75a1b4a6e7efdafa7276f8e4bed33a5e36874b77ab327c790f",,"2025-05-16T17:20:00.000","30","TRAFFIC SIGNAL","FUNCTIONING PROPERLY","CLEAR","DAYLIGHT","TURNING","Y-INTERSECTION",,"STRAIGHT AND LEVEL","DRY","NO DEFECTS","ON SCENE","INJURY AND / OR TOW DUE TO CRASH","Y",,,"$501 - $1,500","2025-05-16T17:25:00.000","IMPROPER TURNING/NO SIGNAL","NOT APPLICABLE","8421","W","BRYN MAWR AVE","1614",,,,,,,"2","REPORTED, NOT EVIDENT","1","0","0","0","1","3","0","17","6","5","41.9809996266","-87.8376570772","POINT (-87.837657077242 41.98099962665)"
"9ce2108213639b9963b7f290a06cc33c70b16909b7a6492a73240011a63aadbc8ad61e75350021c81ce17d60fa2a2e49a13a688d97cbf3af17f61bf3f10ad589",,"2025-05-16T17:15:00.000","30","NO CONTROLS","NO CONTROLS","CLEAR","DAYLIGHT","SIDESWIPE SAME DIRECTION","ONE-WAY",,"STRAIGHT AND LEVEL","DRY","NO DEFECTS","NOT ON SCENE (DESK REPORT)","NO INJURY / DRIVE AWAY",,,,"$500 OR LESS","2025-05-16T18:05:00.000","UNABLE TO DETERMINE","NOT APPLICABLE","2721","N","LAWNDALE AVE","2524",,,,,,,"2","NO INDICATION OF INJURY","0","0","0","0","0","3","0","17","6","5","41.9307223285","-87.719463258","POINT (-87.719463257977 41.930722328489)"
"2a3bb8d9ecb88330f2ece7c0dcdf536ab3de1f1fcaa73e126dc0f8c3ca4e2c5b1a7b0a1b5de7d18ed0c3d1df33104340acf271ea6e35b4be01d695d9cc5cdffc",,"2025-05-16T17:10:00.000","25","STOP SIGN/FLASHER","NO CONTROLS","CLEAR","DAYLIGHT","PARKED MOTOR VEHICLE","ONE-WAY",,"STRAIGHT AND LEVEL","DRY","NO DEFECTS","ON SCENE","INJURY AND / OR TOW DUE TO CRASH",,,,"OVER $1,500","2025-05-16T17:12:00.000","NOT APPLICABLE","NOT APPLICABLE","3527","W","ALTGELD ST","1413",,,,,,,"5","REPORTED, NOT EVIDENT","1","0","0","0","1","0","0","17","6","5","41.9263216628","-87.7157539451","POINT (-87.715753945121 41.926321662759)"
"e43a93743865e9cee1989833560ccc7e755f8ddaa50d11dbfd93911b1e7c0060237f8926ff0bccadf8635882caaca9116dd2deae0fb4fa79fdbf63c5b8247480",,"2025-05-16T17:10:00.000","30","TRAFFIC SIGNAL","FUNCTIONING PROPERLY","CLEAR","DAYLIGHT","REAR END","NOT DIVIDED",,"STRAIGHT AND LEVEL","DRY","NO DEFECTS","NOT ON SCENE (DESK REPORT)","NO INJURY / DRIVE AWAY","Y",,,"$500 OR LESS","2025-05-17T09:55:00.000","FOLLOWING TOO CLOSELY","FOLLOWING TOO CLOSELY","1598","N","CLARK ST","1821",,,,,,,"2","NO INDICATION OF INJURY","0","0","0","0","0","2","0","17","6","5","41.9111306825","-87.631823974","POINT (-87.631823973952 41.911130682547)"
"3f3213d75d402a93602b2e57671639e8fdd61c49a62ed47d13afa3b3f8fa845580773d16373a053d0924ea28110a29341969f6e457e4ff23ce3195b85fcafaa4",,"2025-05-16T17:00:00.000","30","NO CONTROLS","NO CONTROLS","CLEAR","DAYLIGHT","SIDESWIPE OPPOSITE DIRECTION","NOT DIVIDED",,"STRAIGHT AND LEVEL","DRY","OTHER","NOT ON SCENE (DESK REPORT)","NO INJURY / DRIVE AWAY",,,,"OVER $1,500","2025-05-16T17:00:00.000","FAILING TO YIELD RIGHT-OF-WAY","FAILING TO YIELD RIGHT-OF-WAY","1120","W","FULLERTON AVE","1932",,,,,,,"2","NO INDICATION OF INJURY","0","0","0","0","0","2","0","17","6","5","41.9254295521","-87.6568247306","POINT (-87.656824730575 41.925429552084)"
"53e3ff5edbb96dee16c062a35e1b264870feb32f81254534e2f5f669460daf4a515fd9f6130711efeeb3e47d66cd00341f2845479e61e8d175aa0cf9b99418ca",,"2025-05-16T17:00:00.000","30","TRAFFIC SIGNAL","FUNCTIONING PROPERLY","CLEAR","DAYLIGHT","PEDESTRIAN","FOUR WAY",,"STRAIGHT AND LEVEL","DRY","NO DEFECTS","ON SCENE","INJURY AND / OR TOW DUE TO CRASH","Y",,,"OVER $1,500","2025-05-16T17:02:00.000","FAILING TO YIELD RIGHT-OF-WAY","NOT APPLICABLE","2900","S","DR MARTIN LUTHER KING JR DR","133",,,,,,,"2","NONINCAPACITATING INJURY","1","0","0","1","0","1","0","17","6","5","41.8419765135","-87.617720029","POINT (-87.617720028977 41.841976513463)"
"633c94be74142507431a1e839e13613ef08129fb7a2188756eb93a57ad0a92f9a358050dd2ee97bc5fe8595a1dcc436d5ae9f0d08359c16e6def9e20fdf19a00","Y","2025-05-16T17:00:00.000","30","UNKNOWN","UNKNOWN","FOG/SMOKE/HAZE","DAYLIGHT","PARKED MOTOR VEHICLE","NOT DIVIDED",,"STRAIGHT AND LEVEL","UNKNOWN","UNKNOWN","NOT ON SCENE (DESK REPORT)","NO INJURY / DRIVE AWAY",,,"Y","OVER $1,500","2025-05-17T12:15:00.000","UNABLE TO DETERMINE","UNABLE TO DETERMINE","5842","W","HIGGINS AVE","1622",,,,,,,"2","NO INDICATION OF INJURY","0","0","0","0","0","1","0","17","6","5","41.9724235768","-87.7749852025","POINT (-87.774985202512 41.972423576803)"
"e42f3f72e6c130425512bed7ebb385e726c16e6977d737111ad10860ecaf04513512686913e14f7079a5a30350947745c7d1270b844803ecebba300e70a7a53e",,"2025-05-16T17:00:00.000","15","NO CONTROLS","NO CONTROLS","CLEAR","DAYLIGHT","PARKED MOTOR VEHICLE","PARKING LOT",,"STRAIGHT AND LEVEL","DRY","NO DEFECTS","NOT ON SCENE (DESK REPORT)","NO INJURY / DRIVE AWAY",,"Y","Y","$501 - $1,500","2025-05-16T17:32:00.000","IMPROPER BACKING","DRIVING SKILLS/KNOWLEDGE/EXPERIENCE","2800","W","ARMITAGE AVE","1414",,,,,,,"2","NO INDICATION OF INJURY","0","0","0","0","0","2","0","17","6","5","41.9175988369","-87.6972537453","POINT (-87.69725374533 41.917598836852)"
"37f3ef40096dfc9086eef659877487ebdb15332ef4d00917abdd6e7e7e8ec6420363a95471137bcb1987358b8433ba52afff9eeba5146bfee3de8536a45e204d",,"2025-05-16T16:58:00.000","30","UNKNOWN","UNKNOWN","UNKNOWN","DAYLIGHT","SIDESWIPE SAME DIRECTION","DIVIDED - W/MEDIAN (NOT RAISED)",,"STRAIGHT AND LEVEL","UNKNOWN","UNKNOWN","NOT ON SCENE (DESK REPORT)","NO INJURY / DRIVE AWAY",,,"Y","$501 - $1,500","2025-05-16T18:00:00.000","UNABLE TO DETERMINE","NOT APPLICABLE","5200","N","SHERIDAN RD","2023",,,,,,,"2","NO INDICATION OF INJURY","0","0","0","0","0","5","0","16","6","5","41.9764927208","-87.6551336046","POINT (-87.655133604567 41.976492720778)"
"e4690a1c09b4cda4ec7bb1a8f9eab9c94d34d144db667ea7795ff4f4c653a6bd1af6a2e19536cb8b2c4a35cb7995d39c8e3e593b0c99585feede0b361ad15e3d",,"2025-05-16T16:58:00.000","30","TRAFFIC SIGNAL","FUNCTIONING PROPERLY","CLEAR","DAYLIGHT","SIDESWIPE SAME DIRECTION","FOUR WAY",,"STRAIGHT AND LEVEL","DRY","NO DEFECTS","ON SCENE","NO INJURY / DRIVE AWAY","Y",,,"$501 - $1,500","2025-05-16T16:59:00.000","IMPROPER LANE USAGE","NOT APPLICABLE","1","N","BESSIE COLEMAN DR","1654",,,,,,,"2","NO INDICATION OF INJURY","0","0","0","0","0","3","0","16","6","5",,,
"561e1b71d1d3feb9a9ff36bb82fbf1a8b24d86baa810c5f40355fe1408330643172e0181c851213f0a46427095552a3eada2ebf6118ce7a58468114ac421af16",,"2025-05-16T16:56:00.000","30","NO CONTROLS","NO CONTROLS","CLEAR","DAYLIGHT","PARKED MOTOR VEHICLE","NOT DIVIDED",,"STRAIGHT AND LEVEL","DRY","UNKNOWN","ON SCENE","NO INJURY / DRIVE AWAY",,,"Y","$501 - $1,500","2025-05-16T17:20:00.000","IMPROPER OVERTAKING/PASSING","IMPROPER OVERTAKING/PASSING","209","E","83RD ST","632",,,,,,,"2","NO INDICATION OF INJURY","0","0","0","0","0","1","0","16","6","5","41.7436295795","-87.6191219589","POINT (-87.619121958878 41.743629579533)"
"dfac81b67213f7f7069fc88cb22db36edb95abe07ff9adfc597d238f047f8dbbb95a20a0a9a809be46447db6fa8fe83bc97d9480ad0f0cf86974f097c35e9d01",,"2025-05-16T16:56:00.000","30","TRAFFIC SIGNAL","FUNCTIONING PROPERLY","CLEAR","DAYLIGHT","SIDESWIPE SAME DIRECTION","FOUR WAY",,"STRAIGHT AND LEVEL","DRY","NO DEFECTS","ON SCENE","NO INJURY / DRIVE AWAY","Y",,,"OVER $1,500","2025-05-16T18:44:00.000","FOLLOWING TOO CLOSELY","UNABLE TO DETERMINE","300","N","MICHIGAN AVE","111",,,,,,,"2","NO INDICATION OF INJURY","0","0","0","0","0","2","0","16","6","5","41.8868757954","-87.6246851867","POINT (-87.624685186707 41.886875795392)"
"4aa0e6d74f6d907ec823b4b4b88d4e6b8813918daa52c3961d0ebd83a202cb78873ebcaf8b3b5408b62a7936c329f74ad7c88abed768fe9b02890088eceb0e8b",,"2025-05-16T16:51:00.000","30","NO CONTROLS","NO CONTROLS","CLEAR","DAYLIGHT","FIXED OBJECT","NOT DIVIDED",,"STRAIGHT AND LEVEL","DRY","NO DEFECTS","ON SCENE","NO INJURY / DRIVE AWAY",,,,"$501 - $1,500","2025-05-16T17:05:00.000","FAILING TO REDUCE SPEED TO AVOID CRASH","NOT APPLICABLE","2163","N","LINCOLN AVE","1812",,,,,,,"2","NO INDICATION OF INJURY","0","0","0","0","0","1","0","16","6","5","41.9215838113","-87.643149363","POINT (-87.643149362963 41.921583811253)"
"0ae730b854da8a6448b50d47002975f36f6ceb25416a04c64b1ac536b5848480c89e57b75b2cf140164f6c6456b2f1a4aff8bf211d3d5e8e2c719370baa5985e",,"2025-05-16T16:50:00.000","30","TRAFFIC SIGNAL","FUNCTIONING PROPERLY","CLEAR","DAYLIGHT","REAR END","T-INTERSECTION",,"STRAIGHT AND LEVEL","DRY","NO DEFECTS","NOT ON SCENE (DESK REPORT)","INJURY AND / OR TOW DUE TO CRASH","Y",,,"OVER $1,500","2025-05-17T13:00:00.000","UNABLE TO DETERMINE","UNABLE TO DETERMINE","5930","S","LAKE SHORE DR","331",,,,,,,"2","REPORTED, NOT EVIDENT","1","0","0","0","1","2","0","16","6","5","41.7869393075","-87.5778399764","POINT (-87.577839976395 41.786939307492)"
"85b71b9d4e94580fb35a792d5e5e6bd2bcf94040c09d06e2f3c43ef2246bec9f40fa1c6b6ffa08fbcf96a0f9db24bd33f501b71917884c0b7e920abcfb440736",,"2025-05-16T16:50:00.000","30","TRAFFIC SIGNAL","FUNCTIONING PROPERLY","CLEAR","DAYLIGHT","REAR TO FRONT","TRAFFIC ROUTE",,"STRAIGHT AND LEVEL","DRY","NO DEFECTS","ON SCENE","NO INJURY / DRIVE AWAY",,,,"$500 OR LESS","2025-05-16T16:50:00.000","IMPROPER BACKING","NOT APPLICABLE","800","N","STATE ST","1832",,,,,,,"2","NO INDICATION OF INJURY","0","0","0","0","0","4","0","16","6","5","41.8967175756","-87.6283472902","POINT (-87.628347290222 41.896717575598)"
"9299d10c5fed796ed893c5372a84041c83fe958720b881c083a332092143c8b17246015f91346655820be6907ba22cd18977857d466560b2ba0e560d53543de0",,"2025-05-16T16:50:00.000","30","NO CONTROLS","NO CONTROLS","CLEAR","DAYLIGHT","PARKED MOTOR VEHICLE","ONE-WAY",,"STRAIGHT AND LEVEL","DRY","NO DEFECTS","ON SCENE","NO INJURY / DRIVE AWAY",,,,"$500 OR LESS","2025-05-16T16:57:00.000","UNABLE TO DETERMINE","FAILING TO REDUCE SPEED TO AVOID CRASH","5630","S","ALBANY AVE","824",,,,,,,"2","NO INDICATION OF INJURY","0","0","0","0","0","1","0","16","6","5","41.7908017651","-87.7011843378","POINT (-87.701184337833 41.79080176505)"
"8cbf5edd8fae51de4322b8f310d224bf70d25d64ce6a7f74f1508472d0a9f23ed332f3b7a2a6f1b17f3be72edc93871d2113ad979f9f90a0626ab8910ae92e40",,"2025-05-16T16:46:00.000","30","STOP SIGN/FLASHER","NO CONTROLS","CLEAR","DAYLIGHT","TURNING","DIVIDED - W/MEDIAN BARRIER",,"STRAIGHT AND LEVEL","DRY","NO DEFECTS","NOT ON SCENE (DESK REPORT)","NO INJURY / DRIVE AWAY","Y",,,"OVER $1,500","2025-05-16T20:00:00.000","FAILING TO YIELD RIGHT-OF-WAY","NOT APPLICABLE","1600","E","88TH ST","412",,,,,,,"2","NO INDICATION OF INJURY","0","0","0","0","0","2","0","16","6","5","41.7352090054","-87.5851126734","POINT (-87.58511267343 41.735209005437)"
"077e8c0e3b6a3c249353ef29d9e7421d77270c4b1d3607f240b523d7df1cfadf567a7a4e8916fc5d95699a7ace2b3a83aea22aee74ad94af6d8e9cb63559936f",,"2025-05-16T16:45:00.000","30","UNKNOWN","UNKNOWN","UNKNOWN","UNKNOWN","PARKED MOTOR VEHICLE","ONE-WAY",,"STRAIGHT AND LEVEL","UNKNOWN","UNKNOWN","NOT ON SCENE (DESK REPORT)","NO INJURY / DRIVE AWAY",,,"N","$501 - $1,500","2025-05-18T13:00:00.000","UNABLE TO DETERMINE","NOT APPLICABLE","1472","W","BALMORAL AVE","2013",,,,,,,"2","NO INDICATION OF INJURY","0","0","0","0","0","1","0","16","6","5","41.9799647562","-87.6676702081","POINT (-87.667670208091 41.979964756221)"
"3fad371a1caf63fa9aee911d0ec499c45f3ffd43b8ded9b1c8eb3d51c8c89222175442a16bc5cc6680376d3cd846bf0c4de8c1c9179d741562cfa13d8a712fce",,"2025-05-16T16:45:00.000","30","NO CONTROLS","NO CONTROLS","CLEAR","DAYLIGHT","REAR END","DIVIDED - W/MEDIAN BARRIER",,"STRAIGHT AND LEVEL","DRY","NO DEFECTS","ON SCENE","INJURY AND / OR TOW DUE TO CRASH",,,,"OVER $1,500","2025-05-16T17:00:00.000","FOLLOWING TOO CLOSELY","FAILING TO REDUCE SPEED TO AVOID CRASH","12601","S","TORRENCE AVE","433",,,,,,,"2","REPORTED, NOT EVIDENT","1","0","0","0","1","3","0","16","6","5","41.6661072773","-87.5587103998","POINT (-87.558710399774 41.666107277262)"
"c68518b67d4749360eeb1b4c9c443dcd70cda96230e2a9449d093069503d05af7ba709ec31e57b9e410092842d56320124f1145c034281460335fa3a89ff2b5c",,"2025-05-16T16:45:00.000","30","TRAFFIC SIGNAL","FUNCTIONING PROPERLY","CLEAR","DAYLIGHT","REAR END","NOT DIVIDED",,"STRAIGHT AND LEVEL","DRY","NO DEFECTS","ON SCENE","INJURY AND / OR TOW DUE TO CRASH",,,,"OVER $1,500","2025-05-16T16:48:00.000","FOLLOWING TOO CLOSELY","EQUIPMENT - VEHICLE CONDITION","7430","W","TOUHY AVE","1611",,,,,,,"3","NONINCAPACITATING INJURY","1","0","0","1","0","5","0","16","6","5","42.0116636839","-87.8127121324","POINT (-87.812712132442 42.011663683901)"
"da217d5eac9c6df17acf88f2084958c877143279bc7a7516f21018d2ad39ce878b6deb6453e627a11712c3b3e9b6ce24947c09df9ccf6bc65ec4854a71c86467",,"2025-05-16T16:44:00.000","30","TRAFFIC SIGNAL","FUNCTIONING PROPERLY","CLEAR","DAYLIGHT","TURNING","TRAFFIC ROUTE",,"STRAIGHT AND LEVEL","DRY","NO DEFECTS","ON SCENE","NO INJURY / DRIVE AWAY","Y",,,"OVER $1,500","2025-05-16T16:50:00.000","DISREGARDING TRAFFIC SIGNALS","FAILING TO REDUCE SPEED TO AVOID CRASH","2546","E","71ST ST","334",,,,,,,"2","NO INDICATION OF INJURY","0","0","0","0","0","2","0","16","6","5",,,
"6fa082bad81c9ee178bd563035fe214b283fe119a4b8a2a714236399b1a89f33cd9f35c32a7e82c28b0b56bef00a471c715bbe120c44a3b8a24bd6ee60a65f98",,"2025-05-16T16:43:00.000","35","NO CONTROLS","NO CONTROLS","CLEAR","DAYLIGHT","SIDESWIPE SAME DIRECTION","DIVIDED - W/MEDIAN (NOT RAISED)",,"STRAIGHT AND LEVEL","DRY","NO DEFECTS","ON SCENE","NO INJURY / DRIVE AWAY",,,,"OVER $1,500","2025-05-16T16:48:00.000","UNABLE TO DETERMINE","UNABLE TO DETERMINE","6300","S","STONY ISLAND AVE","314",,,,,,,"2","NO INDICATION OF INJURY","0","0","0","0","0","3","0","16","6","5","41.7805253951","-87.5866029955","POINT (-87.586602995543 41.780525395052)"
"8216d73fc16ed46638709fb0c07571b6e0616468de0f30d26fa0b3ef6cb015bee824b7b2ebeb89b9e072f1895fa4f5a02cdfbcee1efce09109b02c5694f7bd1c",,"2025-05-16T16:40:00.000","30","TRAFFIC SIGNAL","FUNCTIONING PROPERLY","CLEAR","DAYLIGHT","REAR END","NOT DIVIDED",,"STRAIGHT AND LEVEL","DRY","NO DEFECTS","NOT ON SCENE (DESK REPORT)","INJURY AND / OR TOW DUE TO CRASH",,,,"OVER $1,500","2025-05-16T17:30:00.000","UNABLE TO DETERMINE","NOT APPLICABLE","1554","W","87TH ST","614","Y",,,,,,"2","REPORTED, NOT EVIDENT","1","0","0","0","1","3","0","16","6","5","41.7359029873","-87.6628388339","POINT (-87.662838833873 41.735902987256)"
"1153e27c388838ff1431e4cb1d8df4fc40a6e9089664923c14d72031fab5787dd732ded69fe3eb2739abd570a128320fde77e333cd893e32f95484eb0464a5ae",,"2025-05-16T16:37:00.000","30","TRAFFIC SIGNAL","FUNCTIONING PROPERLY","CLEAR","DAYLIGHT","FIXED OBJECT","FOUR WAY",,"STRAIGHT AND LEVEL","DRY","NO DEFECTS","ON SCENE","NO INJURY / DRIVE AWAY","Y",,,"OVER $1,500","2025-05-16T16:38:00.000","IMPROPER TURNING/NO SIGNAL","NOT APPLICABLE","1400","W","CERMAK RD","1235",,,,,,,"1","NO INDICATION OF INJURY","0","0","0","0","0","1","0","16","6","5","41.8525261656","-87.6612900647","POINT (-87.661290064695 41.852526165608)"