"crash_record_id","crash_date_est_i","crash_date","posted_speed_limit","traffic_control_device","device_condition","weather_condition","lighting_condition","first_crash_type","trafficway_type","lane_cnt","alignment","roadway_surface_cond","road_defect","report_type","crash_type","intersection_related_i","private_property_i","hit_and_run_i","damage","date_police_notified","prim_contributory_cause","sec_contributory_cause","street_no","street_direction","street_name","beat_of_occurrence","photos_taken_i","statements_taken_i","dooring_i","work_zone_i","work_zone_type","workers_present_i","num_units","most_severe_injury","injuries_total","injuries_fatal","injuries_incapacitating","injuries_non_incapacitating","injuries_reported_not_evident","injuries_no_indication","injuries_unknown","crash_hour","crash_day_of_week","crash_month","latitude","longitude","location"
"057514367a622134eef1b0e9b414ad00e26055963b0083bd1a5684bcdbb282724ae5c604d9141ab442969eb573b77af398d842cb09b7aefa22fb7553497ab8d4",,"2025-05-16T16:35:00.000","30","STOP SIGN/FLASHER","FUNCTIONING PROPERLY","CLEAR","DAYLIGHT","ANGLE","FOUR WAY",,"STRAIGHT AND LEVEL","DRY","NO DEFECTS","ON SCENE","INJURY AND / OR TOW DUE TO CRASH","Y",,,"OVER $1,500","2025-05-16T16:42:00.000","FAILING TO YIELD RIGHT-OF-WAY","NOT APPLICABLE","7200","S","KEDZIE AVE","831",,,,,,,"2","INCAPACITATING INJURY","2","0","1","1","0","1","0","16","6","5","41.7624637242","-87.7029045137","POINT (-87.702904513708 41.76246372415)"
"afcb1fd844fdc66276b5de9d924fe0c351e80520f4908dace8bef26991ec918478d7c40629022a8a44d25975567401b18a06a4d1decf14177f2e21c89840bbe9",,"2025-05-16T16:35:00.000","30","TRAFFIC SIGNAL","FUNCTIONING PROPERLY","CLOUDY/OVERCAST","DAYLIGHT","REAR END","NOT DIVIDED",,"STRAIGHT AND LEVEL","DRY","NO DEFECTS","NOT ON SCENE (DESK REPORT)","NO INJURY / DRIVE AWAY","Y",,"Y","OVER $1,500","2025-05-16T18:45:00.000","UNABLE TO DETERMINE","NOT APPLICABLE","602","N","CENTRAL AVE","1511",,,,,,,"2","NO INDICATION OF INJURY","0","0","0","0","0","3","0","16","6","5","41.8912416908","-87.7654008048","POINT (-87.765400804778 41.891241690844)"
"15211e832bd8410a0ecc8309bc83196ab67f21ca263b8a7bbca83458c5ea26345dbfc95ad26d1dddb8420241b52f0fc4a4a7230841d607ff5d7338f1400594f5",,"2025-05-16T16:33:00.000","30","NO CONTROLS","NO CONTROLS","CLEAR","DAYLIGHT","ANGLE","NOT DIVIDED",,"STRAIGHT AND LEVEL","DRY","NO DEFECTS","NOT ON SCENE (DESK REPORT)","NO INJURY / DRIVE AWAY",,,,"$501 - $1,500","2025-05-17T09:45:00.000","FAILING TO YIELD RIGHT-OF-WAY","NOT APPLICABLE","3800","N","HARLEM AVE","1631",,,,,,,"2","NO INDICATION OF INJURY","0","0","0","0","0","2","0","16","6","5","41.948987377","-87.8072841836","POINT (-87.807284183553 41.948987377046)"
"bf782ad2706d48ef2ca6af8b411ddda8be4980917e6a4dcaacfca0bee7d37a8756f88952fe554919ac31a169f7760e3e47fe82914e9790400066be35cbc23484",,"2025-05-16T16:33:00.000","30","NO CONTROLS","NO CONTROLS","CLEAR","DAYLIGHT","PARKED MOTOR VEHICLE","ONE-WAY",,"STRAIGHT AND LEVEL","DRY","UNKNOWN","NOT ON SCENE (DESK REPORT)","NO INJURY / DRIVE AWAY",,,,"OVER $1,500","2025-05-16T19:20:00.000","UNABLE TO DETERMINE","NOT APPLICABLE","2200","N","OAKLEY AVE","1432",,,,,,,"2","NO INDICATION OF INJURY","0","0","0","0","0","1","0","16","6","5","41.9220689509","-87.6852559321","POINT (-87.685255932068 41.922068950921)"
"d7c97ef035936f7c4b95c44724a81616aef487b3ba8bbf139980bd0ad7f6cac9cf8af9e8f6c6876ec036de7970933b6314f7f2ce497bf16892d0614032fd84f8",,"2025-05-16T16:32:00.000","30","TRAFFIC SIGNAL","FUNCTIONING PROPERLY","CLEAR","DAYLIGHT","REAR END","FOUR WAY",,"STRAIGHT AND LEVEL","DRY","UNKNOWN","ON SCENE","NO INJURY / DRIVE AWAY","Y",,,"OVER $1,500","2025-05-16T16:32:00.000","FOLLOWING TOO CLOSELY","FAILING TO REDUCE SPEED TO AVOID CRASH","6800","N","SHERIDAN RD","2431",,,,,,,"2","NO INDICATION OF INJURY","0","0","0","0","0","2","0","16","6","5","42.0055868649","-87.6610773204","POINT (-87.6610773204 42.005586864851)"
"1325486ffa6919fd717217a2fd11e00acd221223d3568cde123a83d6b01fe71eebbed006843a9442166140484811c58f10cbe28fbc0797c734e7fb4c30d313b9",,"2025-05-16T16:30:00.000","30","NO CONTROLS","NO CONTROLS","CLEAR","DAYLIGHT","REAR END","NOT DIVIDED",,"STRAIGHT AND LEVEL","UNKNOWN","UNKNOWN","NOT ON SCENE (DESK REPORT)","NO INJURY / DRIVE AWAY",,,"Y","$501 - $1,500","2025-05-16T16:50:00.000","IMPROPER OVERTAKING/PASSING","UNABLE TO DETERMINE","500","W","59TH ST","711",,,,,,,"2","NO INDICATION OF INJURY","0","0","0","0","0","2","0","16","6","5","41.787260129","-87.6377277133","POINT (-87.637727713273 41.787260128955)"
"1881c5f6212b8ee4fceec51c0a7f9109f87f108e71ea31f86e136833f5e7783e1390951a7a33524b18ea07a89b99d4573455a3888919ae06c9375dfd6129f404",,"2025-05-16T16:30:00.000","30","NO CONTROLS","NO CONTROLS","CLEAR","DAYLIGHT","ANGLE","ONE-WAY",,"STRAIGHT AND LEVEL","DRY","NO DEFECTS","NOT ON SCENE (DESK REPORT)","NO INJURY / DRIVE AWAY",,,,"OVER $1,500","2025-05-16T16:58:00.000","FAILING TO YIELD RIGHT-OF-WAY","NOT APPLICABLE","5859","S","MOZART ST","824",,,,,,,"2","NO INDICATION OF INJURY","0","0","0","0","0","2","0","16","6","5","41.7864791405","-87.6946710957","POINT (-87.694671095745 41.786479140482)"
"539739f2770f8d43b43bae906fd67e8953969f92d2362d860f2d63f4f4fb63b372f1948a0dd45fec52624ab9d6b94dc3ed108d1eda560a591e3f326d97edd6dd",,"2025-05-16T16:30:00.000","30","NO CONTROLS","NO CONTROLS","CLEAR","DAYLIGHT","TURNING","FOUR WAY",,"STRAIGHT AND LEVEL","DRY","NO DEFECTS","NOT ON SCENE (DESK REPORT)","NO INJURY / DRIVE AWAY",,,,"OVER $1,500","2025-05-16T19:15:00.000","UNABLE TO DETERMINE","NOT APPLICABLE","3000","W","FULLERTON AVE","1414",,,,,,,"2","NO INDICATION OF INJURY","0","0","0","0","0","2","0","16","6","5","41.9248712432","-87.7024366591","POINT (-87.702436659073 41.924871243181)"
"d76d16c3f6687585ed9e870ff63842c740b5ce3d02ce47fd0b0756af3529a8837441e9e73a1751883f66a85a9bde8e241d2c6a7b1a587b53e13b84f7abc4e9c2",,"2025-05-16T16:30:00.000","30","STOP SIGN/FLASHER","FUNCTIONING PROPERLY","CLEAR","DAYLIGHT","TURNING","NOT DIVIDED",,"STRAIGHT AND LEVEL","DRY","NO DEFECTS","NOT ON SCENE (DESK REPORT)","NO INJURY / DRIVE AWAY",,,,"OVER $1,500","2025-05-16T16:40:00.000","NOT APPLICABLE","NOT APPLICABLE","6330","S","SPRINGFIELD AVE","823",,,,,,,"2","NO INDICATION OF INJURY","0","0","0","0","0","2","0","16","6","5","41.7778131623","-87.7204307367","POINT (-87.720430736698 41.777813162256)"
"db197d53ec11d6a1c684affd1830120273e667b5194f6b0b246f88a268f369bd48f2a62b834af21b224485a4bf2864e87e4adcfb2b193d691218c93e8ee078ef",,"2025-05-16T16:30:00.000","30","NO CONTROLS","NO CONTROLS","CLEAR","DAYLIGHT","PARKED MOTOR VEHICLE","ONE-WAY",,"STRAIGHT AND LEVEL","DRY","NO DEFECTS","NOT ON SCENE (DESK REPORT)","NO INJURY / DRIVE AWAY",,,,"OVER $1,500","2025-05-16T19:00:00.000","UNABLE TO DETERMINE","NOT APPLICABLE","2154","N","OAKLEY AVE","1432",,,,,,,"2","NO INDICATION OF INJURY","0","0","0","0","0","1","0","16","6","5","41.9212265569","-87.6852256648","POINT (-87.685225664801 41.921226556946)"
"ef78cb0e96fd499b51eaac83b57837225427662761199c9b67406d5397ca07421865e8100cdf1cd809b87da81ad3b9ac801d63c6a172374fa774a5c1d679538b",,"2025-05-16T16:30:00.000","30","UNKNOWN","UNKNOWN","CLEAR","DAYLIGHT","REAR END","NOT DIVIDED",,"STRAIGHT AND LEVEL","UNKNOWN","UNKNOWN","NOT ON SCENE (DESK REPORT)","NO INJURY / DRIVE AWAY",,,,"OVER $1,500","2025-05-16T17:15:00.000","FOLLOWING TOO CLOSELY","UNABLE TO DETERMINE","6898","N","CENTRAL AVE","1621",,,,,,,"2","NO INDICATION OF INJURY","0","0","0","0","0","2","0","16","6","5","42.0062989868","-87.7618908203","POINT (-87.761890820302 42.006298986841)"
"f1bd116331426216bbb9d965c83bde0df6d5564bfdb8a1e045a589c1902e6c6801bdf8febfdaf3968120259fc8515ebcde01d817134634dccab0dd1932d1a0c8",,"2025-05-16T16:30:00.000","15","NO CONTROLS","NO CONTROLS","CLEAR","DAYLIGHT","SIDESWIPE OPPOSITE DIRECTION","ALLEY",,"STRAIGHT AND LEVEL","UNKNOWN","UNKNOWN","NOT ON SCENE (DESK REPORT)","NO INJURY / DRIVE AWAY",,,"Y","OVER $1,500","2025-05-16T17:15:00.000","FOLLOWING TOO CLOSELY","NOT APPLICABLE","2744","W","TOUHY AVE","2411",,,,,,,"2","NO INDICATION OF INJURY","0","0","0","0","0","2","0","16","6","5","42.0121930711","-87.6991482017","POINT (-87.699148201667 42.012193071141)"
"09fef5c5db2cf52f4e69cb9105736b79829021647e862cd97a6397b3da461a847f3241406863dce965acbd123f67b288278043ac13fafaeb6cba567a59d924a4",,"2025-05-16T16:25:00.000","30","UNKNOWN","UNKNOWN","CLEAR","DAYLIGHT","SIDESWIPE SAME DIRECTION","NOT DIVIDED",,"STRAIGHT AND LEVEL","UNKNOWN","UNKNOWN","NOT ON SCENE (DESK REPORT)","NO INJURY / DRIVE AWAY",,,"Y","OVER $1,500","2025-05-16T18:50:00.000","UNABLE TO DETERMINE","UNABLE TO DETERMINE","5401","N","HARLEM AVE","1613",,,,,,,"2","NO INDICATION OF INJURY","0","0","0","0","0","2","0","16","6","5","41.9792169069","-87.8068381631","POINT (-87.806838163137 41.979216906928)"
"3dd4eeb64d6826cc6e9dab4c718fbb822d905d2dd17265e557bcb7ab882667e8487cccbe57c05a23d4170fccfa0064e6b889425d9a8c97bf2c8266d3acf8be64",,"2025-05-16T16:25:00.000","30","NO CONTROLS","NO CONTROLS","CLEAR","DAYLIGHT","OTHER NONCOLLISION","NOT DIVIDED",,"STRAIGHT AND LEVEL","DRY","RUT, HOLES","ON SCENE","INJURY AND / OR TOW DUE TO CRASH",,,,"OVER $1,500","2025-05-16T16:30:00.000","NOT APPLICABLE","NOT APPLICABLE","4201","S","LANGLEY AVE","214",,,,"Y","CONSTRUCTION","N","1","REPORTED, NOT EVIDENT","1","0","0","0","1","0","0","16","6","5","41.8184741399","-87.6090801571","POINT (-87.609080157052 41.818474139902)"
"882b4990755f4d6868bf73dbd88f05a8fedd918e3a0da340048a5f15a6dff61a351b08d570a5a9cc4cec9d51cb58577b07c6c3b12c70d60b4ffe210ba34587b3",,"2025-05-16T16:20:00.000","30","TRAFFIC SIGNAL","FUNCTIONING PROPERLY","CLEAR","DAYLIGHT","REAR END","FOUR WAY",,"STRAIGHT AND LEVEL","DRY","NO DEFECTS","NOT ON SCENE (DESK REPORT)","NO INJURY / DRIVE AWAY","Y",,,"OVER $1,500","2025-05-16T19:15:00.000","FAILING TO REDUCE SPEED TO AVOID CRASH","FOLLOWING TOO CLOSELY","2219","S","PULASKI RD","1013",,,,,,,"2","NO INDICATION OF INJURY","0","0","0","0","0","6","0","16","6","5","41.8508530191","-87.7245927535","POINT (-87.72459275348 41.850853019088)"
"adcaa4d09da59d0644d32bc51b0842224c5ec331d1eaf408cacac5f40f360300ad981a9af3d4204988bfe4dfd5dad0c7bcc2c330353f2cf129fbbeb9621b0c6a","Y","2025-05-16T16:19:00.000","30","NO CONTROLS","NO CONTROLS","CLEAR","DAYLIGHT","PARKED MOTOR VEHICLE","NOT DIVIDED",,"STRAIGHT AND LEVEL","DRY","NO DEFECTS","ON SCENE","INJURY AND / OR TOW DUE TO CRASH",,,,"OVER $1,500","2025-05-16T16:20:00.000","DRIVING SKILLS/KNOWLEDGE/EXPERIENCE","PHYSICAL CONDITION OF DRIVER","5836","W","HIGGINS AVE","1622",,,,,,,"4","NONINCAPACITATING INJURY","1","0","0","1","0","0","0","16","6","5","41.972366122","-87.7747683824","POINT (-87.774768382439 41.972366122047)"
"f9dbb65dcf8664fd412e0161467b57055416a2bacebb6e911f4be22a72cf5badbdbfcffedfaf9d0614a9111377bb272e9214570219c2363333751044e9dd942f",,"2025-05-16T16:19:00.000","30","TRAFFIC SIGNAL","FUNCTIONING PROPERLY","CLEAR","DAYLIGHT","TURNING","FOUR WAY",,"STRAIGHT AND LEVEL","DRY","NO DEFECTS","ON SCENE","NO INJURY / DRIVE AWAY","Y",,,"OVER $1,500","2025-05-16T16:19:00.000","IMPROPER TURNING/NO SIGNAL","NOT APPLICABLE","1500","W","FOSTER AVE","2012",,,,,,,"2","NO INDICATION OF INJURY","0","0","0","0","0","2","0","16","6","5","41.9762991844","-87.6684805556","POINT (-87.668480555647 41.976299184445)"
"83852547bfb01df2b6ef80355da27cdc31a205fe30d30ef0fba07727642b6ffb7a4b7e5bfa90f47e909680ec67c270a722251bcee7abf6ead7c594d18058f5c6",,"2025-05-16T16:15:00.000","30","TRAFFIC SIGNAL","FUNCTIONING PROPERLY","CLEAR","DAYLIGHT","ANGLE","NOT DIVIDED",,"STRAIGHT AND LEVEL","DRY","NO DEFECTS","ON SCENE","INJURY AND / OR TOW DUE TO CRASH","Y",,,"OVER $1,500","2025-05-16T16:18:00.000","DISREGARDING TRAFFIC SIGNALS","FAILING TO REDUCE SPEED TO AVOID CRASH","132","W","31ST ST","914",,,,,,,"2","NONINCAPACITATING INJURY","2","0","0","2","0","1","0","16","6","5","41.8383710917","-87.6300447081","POINT (-87.630044708102 41.838371091673)"
"a3f2487f1e48637355f8c1d84ebc2824bd29043949a2af7fe7048f0005fb8bbef5f42a3b10d8df573a675f9b3d2ca71660361ad73cdef122e3b2e04ede2d4fe4",,"2025-05-16T16:15:00.000","20","NO CONTROLS","NO CONTROLS","CLEAR","DAYLIGHT","ANGLE","ONE-WAY",,"STRAIGHT AND LEVEL","UNKNOWN","UNKNOWN","NOT ON SCENE (DESK REPORT)","NO INJURY / DRIVE AWAY",,,,"OVER $1,500","2025-05-16T17:00:00.000","UNABLE TO DETERMINE","NOT APPLICABLE","1540","N","KEELER AVE","2534",,,,,,,"2","NO INDICATION OF INJURY","0","0","0","0","0","2","0","16","6","5","41.9092061631","-87.7315486404","POINT (-87.731548640394 41.909206163146)"
"4c4d49025786ed96ad8361a65933703fdd481793db7579154f5daff9d4a0cbefdc4cd3698ec0918f7ca8be22d1d641f9c41f364bdd913515e2b9a4f785caaaea",,"2025-05-16T16:12:00.000","30","NO CONTROLS","NO CONTROLS","BLOWING SAND, SOIL, DIRT","DAYLIGHT","REAR END","DIVIDED - W/MEDIAN (NOT RAISED)",,"STRAIGHT AND LEVEL","DRY","NO DEFECTS","ON SCENE","NO INJURY / DRIVE AWAY",,,,"OVER $1,500","2025-05-16T16:56:00.000","FAILING TO REDUCE SPEED TO AVOID CRASH","NOT APPLICABLE","4901","N","SHERIDAN RD","2024",,,,,,,"2","NO INDICATION OF INJURY","0","0","0","0","0","2","0","16","6","5","41.971668655","-87.6547389541","POINT (-87.654738954123 41.971668654968)"
"f1de2ee541230d6e61836d9dbf1c9870e72e9d473307d8b776e78595a9a33e68444463ea18f26decee1d038604823073ed8ab6d849fed9db855f8820d7b9afeb",,"2025-05-16T16:09:00.000","30","NO CONTROLS","NO CONTROLS","CLEAR","DAYLIGHT","TURNING","NOT DIVIDED",,"STRAIGHT AND LEVEL","DRY","NO DEFECTS","ON SCENE","NO INJURY / DRIVE AWAY",,,,"OVER $1,500","2025-05-16T16:09:00.000","FAILING TO YIELD RIGHT-OF-WAY","FAILING TO YIELD RIGHT-OF-WAY","315","W","101ST ST","511",,,,,,,"2","NO INDICATION OF INJURY","0","0","0","0","0","2","0","16","6","5","41.7106064468","-87.6314309067","POINT (-87.631430906746 41.710606446847)"
"234c37493cf814fd828a93a45ddf9fa2d65a9391a69458d4e1fd48283273709a8ec1bf7dc4f425045371ce37d96337110aaec3b3ccb9b65d30a216c29a12eb22",,"2025-05-16T16:05:00.000","30","NO CONTROLS","NO CONTROLS","CLEAR","DAYLIGHT","REAR END","NOT DIVIDED",,"STRAIGHT AND LEVEL","DRY","UNKNOWN","NOT ON SCENE (DESK REPORT)","NO INJURY / DRIVE AWAY",,,,"OVER $1,500","2025-05-16T17:00:00.000","FAILING TO REDUCE SPEED TO AVOID CRASH","NOT APPLICABLE","6111","S","COTTAGE GROVE AVE","313",,,,,,,"2","NO INDICATION OF INJURY","0","0","0","0","0","2","0","16","6","5","41.7836844267","-87.6058547469","POINT (-87.605854746911 41.78368442665)"
"391ce8873489d46c161f96d3330c02f39a4010a97d06ff4f6c201324a0602dde8de9e99ddef77b5b6b7fa0513ac246837588c5825a4330390547736d6d367f7c",,"2025-05-16T16:05:00.000","30","UNKNOWN","UNKNOWN","CLEAR","DAYLIGHT","SIDESWIPE SAME DIRECTION","NOT DIVIDED",,"STRAIGHT AND LEVEL","UNKNOWN","UNKNOWN","NOT ON SCENE (DESK REPORT)","NO INJURY / DRIVE AWAY",,,,"OVER $1,500","2025-05-16T19:30:00.000","UNABLE TO DETERMINE","UNABLE TO DETERMINE","350","W","OAK ST","1823",,,,,,,"2","NO INDICATION OF INJURY","0","0","0","0","0","2","0","16","6","5","41.9006072548","-87.6378260571","POINT (-87.637826057122 41.900607254838)"
"392f10266ba9a0b6e7dff546e96fc3968b86bf74f1a482eda1e5004cd12319dd9f1368cacdf05e8c15ef7de115cf4828e9b869bffe0e3418646d6323d70ab21a",,"2025-05-16T16:00:00.000","30","NO CONTROLS","NO CONTROLS","CLEAR","DAYLIGHT","PEDALCYCLIST","NOT DIVIDED",,"STRAIGHT AND LEVEL","DRY","NO DEFECTS","ON SCENE","INJURY AND / OR TOW DUE TO CRASH",,,"Y","OVER $1,500","2025-05-16T16:04:00.000","FAILING TO YIELD RIGHT-OF-WAY","IMPROPER TURNING/NO SIGNAL","3532","W","BRYN MAWR AVE","1711",,,,,,,"2","NONINCAPACITATING INJURY","1","0","0","1","0","1","0","16","6","5","41.983065266","-87.7174910497","POINT (-87.717491049745 41.983065266046)"
"68bff8e9a0ebee1af24c45dc37528de81162c88a990cdcdf94d480ee0a9c4e70145efe5095436d68823d1c6a93f49b85f4875b4bd0fe595f1b78a62f473c81fc","Y","2025-05-16T16:00:00.000","25","TRAFFIC SIGNAL","UNKNOWN","CLEAR","DAYLIGHT","SIDESWIPE SAME DIRECTION","UNKNOWN INTERSECTION TYPE",,"STRAIGHT AND LEVEL","DRY","UNKNOWN","NOT ON SCENE (DESK REPORT)","NO INJURY / DRIVE AWAY","Y",,"Y","OVER $1,500","2025-05-16T23:45:00.000","UNABLE TO DETERMINE","NOT APPLICABLE","1000","W","ARDMORE AVE","2022",,,,,,,"2","NO INDICATION OF INJURY","0","0","0","0","0","2","0","16","6","5","41.9874656392","-87.6553772927","POINT (-87.655377292728 41.9874656392)"
"884e6145145ce872e21a294c6591b58befe8613e82f896ee9d76fd0f74f7135fc6d41a52fb59879fc53161e5d56f5511ae4a5699b31bd024b270e89cff943947",,"2025-05-16T16:00:00.000","30","NO CONTROLS","NO CONTROLS","CLEAR","DAYLIGHT","PARKED MOTOR VEHICLE","NOT DIVIDED",,"STRAIGHT AND LEVEL","DRY","NO DEFECTS","NOT ON SCENE (DESK REPORT)","NO INJURY / DRIVE AWAY",,,"Y","OVER $1,500","2025-05-17T17:45:00.000","NOT APPLICABLE","NOT APPLICABLE","3121","S","HALSTED ST","915",,,,,,,"2","NO INDICATION OF INJURY","0","0","0","0","0","1","0","16","6","5","41.8374207505","-87.6461147915","POINT (-87.646114791499 41.837420750459)"
"932d137b35649c00541cb7d6eb529e3aabf60219fe5cbb7e4648b4e099b58b155ad6dec8fc023151892c26b292e32065ece41b2218a55a969813118e6ac8a394",,"2025-05-16T16:00:00.000","20","YIELD","FUNCTIONING PROPERLY","CLEAR","DAYLIGHT","ANGLE","ALLEY",,"STRAIGHT AND LEVEL","DRY","UNKNOWN","ON SCENE","INJURY AND / OR TOW DUE TO CRASH",,,,"OVER $1,500","2025-05-16T17:19:00.000","UNABLE TO DETERMINE","UNABLE TO DETERMINE","1614","E","84TH ST","412",,,,,,,"2","NO INDICATION OF INJURY","0","0","0","0","0","2","0","16","6","5","41.7425036686","-87.5846712492","POINT (-87.584671249219 41.742503668627)"
"c164d568b89ba59af216bb28ac08f2d31952b24dfbb9b41328ca8daef816ad2c1018219cb8be80dbc0e4073b0d1e37e6dd345db57f7ff1390f90cc5dd35d75eb",,"2025-05-16T16:00:00.000","20","NO CONTROLS","NO CONTROLS","CLEAR","DAYLIGHT","REAR END","NOT DIVIDED",,"STRAIGHT AND LEVEL","DRY","NO DEFECTS","ON SCENE","NO INJURY / DRIVE AWAY","Y",,,"OVER $1,500","2025-05-16T16:02:00.000","FOLLOWING TOO CLOSELY","NOT APPLICABLE","8100","S","VINCENNES AVE","622",,,,,,,"2","NO INDICATION OF INJURY","0","0","0","0","0","3","0","16","6","5","41.7470491855","-87.6353377097","POINT (-87.635337709738 41.747049185476)"
"d879bddb64a8ad86cd2c89c63774e3a51f5bda14ffd97e52d4b584387a784b62dde3cfcb9ee046ad01d463799fb97b34e35fbee10ca122c421e9b02a29a169d8",,"2025-05-16T16:00:00.000","30","UNKNOWN","UNKNOWN","CLEAR","DAYLIGHT","REAR END","NOT DIVIDED",,"STRAIGHT AND LEVEL","UNKNOWN","UNKNOWN","NOT ON SCENE (DESK REPORT)","NO INJURY / DRIVE AWAY",,,,"OVER $1,500","2025-05-16T18:50:00.000","UNABLE TO DETERMINE","UNABLE TO DETERMINE","1600","N","ASHLAND AVE","1433",,,,,,,"2","NO INDICATION OF INJURY","0","0","0","0","0","2","0","16","6","5","41.9107192433","-87.6678408072","POINT (-87.66784080722 41.910719243344)"
"f91ac9a8aea15da9de7a69d2f00c3158b6ed95e0996779d3ecc9ab28e380d928b7caff47ef938c4d2385264ebd9f8eeabd0eccbe84bba5e61b6e491eb9cfc17a",,"2025-05-16T16:00:00.000","30","NO CONTROLS","NO CONTROLS","CLEAR","DAYLIGHT","SIDESWIPE OPPOSITE DIRECTION","NOT DIVIDED",,"STRAIGHT AND LEVEL","DRY","NO DEFECTS","ON SCENE","INJURY AND / OR TOW DUE TO CRASH","N",,,"OVER $1,500","2025-05-17T23:00:00.000","FOLLOWING TOO CLOSELY","EVASIVE ACTION DUE TO ANIMAL, OBJECT, NONMOTORIST","13000","S","INDIANA AVE","533",,,,,,,"2","NO INDICATION OF INJURY","0","0","0","0","0","2","0","16","6","5","41.6590092158","-87.6174479065","POINT (-87.617447906473 41.659009215787)"
"04bce61c7ded523a0da019b0bfbcafd1bcdd4e1345ce398e1d868224223e443c000ce624e0dba1282cb0faafe0dfd34e3d6b1edb20cc2a3ed9b25e761e2a232f",,"2025-05-16T15:55:00.000","30","NO CONTROLS","NO CONTROLS","CLEAR","DAYLIGHT","PARKED MOTOR VEHICLE","NOT DIVIDED",,"STRAIGHT AND LEVEL","DRY","UNKNOWN","ON SCENE","NO INJURY / DRIVE AWAY",,,"Y","OVER $1,500","2025-05-16T15:56:00.000","UNABLE TO DETERMINE","UNABLE TO DETERMINE","5999","N","BROADWAY","2433",,,,,,,"2","NO INDICATION OF INJURY","0","0","0","0","0","1","0","15","6","5","41.9908730645","-87.6601457685","POINT (-87.660145768474 41.990873064482)"
"fac4dace1d40e642e4854db1134f1e286b81cb3c9d4e0eaf28da04ae633ae88a82d0ddd42cea85746740f73d24d86abe64c2cd3b55f4a55978b6b86cfae39718",,"2025-05-16T15:55:00.000","25","TRAFFIC SIGNAL","FUNCTIONING PROPERLY","CLEAR","DAYLIGHT","ANGLE","FOUR WAY",,"STRAIGHT AND LEVEL","DRY","NO DEFECTS","ON SCENE","NO INJURY / DRIVE AWAY","Y",,,"OVER $1,500","2025-05-16T16:05:00.000","IMPROPER TURNING/NO SIGNAL","FAILING TO YIELD RIGHT-OF-WAY","2799","N","CALIFORNIA AVE","1411",,,,,,,"2","NO INDICATION OF INJURY","0","0","0","0","0","7","0","15","6","5","41.9320066927","-87.6974684704","POINT (-87.697468470355 41.932006692678)"
"2082001e57a5bbe392e7c9ce4fbc9fa164c8cb23ad972dcb621ce41b8631a7324923dbfcaf9d8011cdf03ed99742d257af494d869febf2a462fca7e56335477e",,"2025-05-16T15:53:00.000","30","STOP SIGN/FLASHER","NO CONTROLS","CLEAR","DAYLIGHT","PEDALCYCLIST","FOUR WAY",,"STRAIGHT AND LEVEL","DRY","UNKNOWN","ON SCENE","NO INJURY / DRIVE AWAY",,,,"OVER $1,500","2025-05-16T15:59:00.000","UNABLE TO DETERMINE","UNABLE TO DETERMINE","410","N","LOWER WABASH AVE","1834",,,,,,,"2","NO INDICATION OF INJURY","0","0","0","0","0","3","0","15","6","5","41.8895293686","-87.626835587","POINT (-87.626835587017 41.889529368591)"
"a40cb1d32489a43326344ad6efdc93c766a35dffb0ecb645574cb6d06f2d19baffb4a57e41901d37083343a43a5e35499e498a1230d59a04d34fb67b62d58369",,"2025-05-16T15:53:00.000","20","UNKNOWN","UNKNOWN","CLEAR","DAYLIGHT","REAR END","ONE-WAY",,"STRAIGHT AND LEVEL","DRY","UNKNOWN","ON SCENE","NO INJURY / DRIVE AWAY",,,,"OVER $1,500","2025-05-16T15:53:00.000","UNABLE TO DETERMINE","UNABLE TO DETERMINE","6511","S","SEELEY AVE","726",,,,,,,"2","NO INDICATION OF INJURY","0","0","0","0","0","2","0","15","6","5","41.7753199441","-87.6748698063","POINT (-87.674869806252 41.775319944134)"
"3fca4077ea2c54b11dc783f3fd6ca8f15fffb10b054f4255ace03c4a4a3047a8c8c1b2cd8c9e2d787074572b337040b6bda782a8f422ab54b89fbaa353e62564",,"2025-05-16T15:52:00.000","30","NO CONTROLS","NO CONTROLS","CLEAR","DAYLIGHT","PEDALCYCLIST","NOT DIVIDED",,"STRAIGHT AND LEVEL","DRY","UNKNOWN","ON SCENE","INJURY AND / OR TOW DUE TO CRASH",,,,"OVER $1,500","2025-05-16T16:08:00.000","UNABLE TO DETERMINE","UNABLE TO DETERMINE","5701","W","WASHINGTON BLVD","1513",,,,,,,"2","NONINCAPACITATING INJURY","1","0","0","1","0","2","0","15","6","5","41.8820815344","-87.7682700318","POINT (-87.768270031848 41.882081534369)"