"crash_record_id","crash_date_est_i","crash_date","posted_speed_limit","traffic_control_device","device_condition","weather_condition","lighting_condition","first_crash_type","trafficway_type","lane_cnt","alignment","roadway_surface_cond","road_defect","report_type","crash_type","intersection_related_i","private_property_i","hit_and_run_i","damage","date_police_notified","prim_contributory_cause","sec_contributory_cause","street_no","street_direction","street_name","beat_of_occurrence","photos_taken_i","statements_taken_i","dooring_i","work_zone_i","work_zone_type","workers_present_i","num_units","most_severe_injury","injuries_total","injuries_fatal","injuries_incapacitating","injuries_non_incapacitating","injuries_reported_not_evident","injuries_no_indication","injuries_unknown","crash_hour","crash_day_of_week","crash_month","latitude","longitude","location"
"3ab00555ce36d75a811b4bfd7e65bfc66efd11112094e924fcd0302f8c38ede31fdaea1a85edc938c19f14722a2502cdcb52fcf5f97c4853b9155633abb947f8",,"2025-05-16T15:49:00.000","20","NO CONTROLS","NO CONTROLS","CLEAR","DAYLIGHT","PEDESTRIAN","NOT DIVIDED",,"STRAIGHT AND LEVEL","UNKNOWN","UNKNOWN","NOT ON SCENE (DESK REPORT)","INJURY AND / OR TOW DUE TO CRASH",,,,"$500 OR LESS","2025-05-16T17:05:00.000","UNABLE TO DETERMINE","NOT APPLICABLE","2313","W","WARREN BLVD","1223",,,,,,,"2","NONINCAPACITATING INJURY","1","0","0","1","0","1","0","15","6","5","41.8819976493","-87.6845642011","POINT (-87.684564201131 41.881997649281)"
"6f5452ef910b27c7ac1720b9e3b08deab9f9d99a25fc8e088596bb8e66ee2507b93dc5ad33753cf195904b11535a850fbf62d012315c2e78175fb7198dccf0d5",,"2025-05-16T15:45:00.000","30","NO CONTROLS","NO CONTROLS","CLEAR","DAYLIGHT","SIDESWIPE SAME DIRECTION","NOT DIVIDED",,"STRAIGHT AND LEVEL","DRY","NO DEFECTS","NOT ON SCENE (DESK REPORT)","NO INJURY / DRIVE AWAY",,,,"OVER $1,500","2025-05-16T16:16:00.000","NOT APPLICABLE","NOT APPLICABLE","3400","W","63RD ST","823",,,,,,,"2","NO INDICATION OF INJURY","0","0","0","0","0","2","0","15","6","5","41.7790005449","-87.7081122473","POINT (-87.708112247341 41.779000544921)"
"6e2011c0e6f4a34e7ee8d51da5f9a5f68e37c230546dfc78d513565ec7e7c4d6d54d39f5ae34e6b0585f8183538f3ef1616df1c2a19c5d748d8955bce7b73ddb",,"2025-05-16T15:40:00.000","35","TRAFFIC SIGNAL","FUNCTIONING PROPERLY","CLEAR","DAYLIGHT","TURNING","NOT REPORTED",,"STRAIGHT AND LEVEL","DRY","NO DEFECTS","ON SCENE","NO INJURY / DRIVE AWAY","Y",,,"$500 OR LESS","2025-05-16T15:45:00.000","NOT APPLICABLE","NOT APPLICABLE","2640","W","PERSHING RD","911",,,,,,,"2","NO INDICATION OF INJURY","0","0","0","0","0","3","0","15","6","5","41.822958463","-87.691425915","POINT (-87.691425915045 41.822958462973)"
"fb4a7ec135b3227f0c815dce86f5c0ffecc4fcd558f1408fa1e0498a9c98a6f0c5519ae54f3cfb1dc0dd91b957a11efcabcacad88fe78aa8091285021ed56063",,"2025-05-16T15:40:00.000","10","NO CONTROLS","NO CONTROLS","CLEAR","DAYLIGHT","SIDESWIPE SAME DIRECTION","PARKING LOT",,"STRAIGHT AND LEVEL","DRY","NO DEFECTS","ON SCENE","NO INJURY / DRIVE AWAY",,"Y",,"$500 OR LESS","2025-05-16T15:42:00.000","UNABLE TO DETERMINE","UNABLE TO DETERMINE","3950","N","LAKE SHORE DR","1925",,,,,,,"2","NO INDICATION OF INJURY","0","0","0","0","0","2","0","15","6","5","41.9543447187","-87.6453496206","POINT (-87.645349620599 41.954344718652)"
"0f13585e977ee2f2bc7c8be011cea4cef33c43b01239e4bbe357744171f82dfaba83f8836d026871862f5f1b3d5911a4b7cbf07af5c365a5a98ecd077af1c3d9",,"2025-05-16T15:36:00.000","30","NO CONTROLS","NO CONTROLS","CLEAR","DAYLIGHT","REAR END","NOT DIVIDED",,"STRAIGHT AND LEVEL","DRY","NO DEFECTS","ON SCENE","NO INJURY / DRIVE AWAY",,,"Y","OVER $1,500","2025-05-16T16:00:00.000","FOLLOWING TOO CLOSELY","FOLLOWING TOO CLOSELY","2309","N","DAMEN AVE","1432",,,,,,,"2","NO INDICATION OF INJURY","0","0","0","0","0","2","0","15","6","5","41.9231128298","-87.6776673903","POINT (-87.677667390254 41.923112829772)"
"9b31210f91f3d639f58ae49ded3d00fd0ba74cd87e9cc1a4ed51b24c6debc178a92ce45274e873d27d00bae2546bea3bb048f809bda5bfad1851c873f4ea27db",,"2025-05-16T15:33:00.000","35","STOP SIGN/FLASHER","FUNCTIONING PROPERLY","CLEAR","DAYLIGHT","ANGLE","FOUR WAY",,"STRAIGHT AND LEVEL","DRY","UNKNOWN",,"INJURY AND / OR TOW DUE TO CRASH","Y",,,"OVER $1,500","2025-05-16T16:53:00.000","IMPROPER OVERTAKING/PASSING","IMPROPER OVERTAKING/PASSING","5108","S","TRIPP AVE","815",,,,,,,"2","NO INDICATION OF INJURY","0","0","0","0","0","3","0","15","6","5","41.8001515641","-87.7296316636","POINT (-87.729631663597 41.800151564078)"
"11f2b0b3ccaf8f4dcbaa51ae176e9ef896fd365a07a1002fe198c2a41b592480458a7a3431fc190c30e2684cfc4b05cfc905acd4d1fbfc0fe72f3ee4436cf4bf",,"2025-05-16T15:30:00.000","30","UNKNOWN","UNKNOWN","CLEAR","DAYLIGHT","SIDESWIPE SAME DIRECTION","NOT DIVIDED",,"STRAIGHT AND LEVEL","UNKNOWN","UNKNOWN","NOT ON SCENE (DESK REPORT)","NO INJURY / DRIVE AWAY",,,"Y","OVER $1,500","2025-05-16T15:45:00.000","UNABLE TO DETERMINE","UNABLE TO DETERMINE","5712","N","AVONDALE AVE","1612",,,,,,,"2","NO INDICATION OF INJURY","0","0","0","0","0","2","0","15","6","5","41.9851931361","-87.7883244787","POINT (-87.78832447868 41.985193136113)"
"14c9f19ff7194e443dfbee088b145ad46534bbf0d4d4e87202d3880ecff43016091f9bc7dda27aa9cd8030e52cee05ace87a172c2533ace35da69703a913e520",,"2025-05-16T15:30:00.000","30","NO CONTROLS","NO CONTROLS","CLEAR","DAYLIGHT","REAR END","ONE-WAY",,"STRAIGHT AND LEVEL","DRY","NO DEFECTS","NOT ON SCENE (DESK REPORT)","NO INJURY / DRIVE AWAY",,,,"OVER $1,500","2025-05-16T16:13:00.000","UNABLE TO DETERMINE","DRIVING SKILLS/KNOWLEDGE/EXPERIENCE","1417","W","ARTHUR AVE","2432",,,,,,,"2","NO INDICATION OF INJURY","0","0","0","0","0","2","0","15","6","5","41.9998478229","-87.6663090815","POINT (-87.666309081521 41.999847822911)"
"2c47713a5631d17969be44f72876240602c365873a09d655deeedd498a331e9cf3a0b81b08d51703e5bcd707563a5dde547c2bf917067022904099b6fa5f1a23","Y","2025-05-16T15:30:00.000","30","TRAFFIC SIGNAL","NO CONTROLS","CLEAR","DAYLIGHT","SIDESWIPE SAME DIRECTION","DIVIDED - W/MEDIAN (NOT RAISED)",,"STRAIGHT AND LEVEL","DRY","NO DEFECTS","ON SCENE","NO INJURY / DRIVE AWAY",,,,"OVER $1,500","2025-05-16T15:35:00.000","IMPROPER OVERTAKING/PASSING","UNABLE TO DETERMINE","4239","N","OAK PARK AVE","1632",,,,,,,"2","NO INDICATION OF INJURY","0","0","0","0","0","2","0","15","6","5","41.9576922115","-87.7975440334","POINT (-87.79754403338 41.957692211468)"
"46bf83f083ebd0d69a912f510809732eb8afff3ee7dc9ae2e35a921802784e4da982ccb9d0709393956e49723ad9cdf2de6e3681f9b94d055dbcdcfd8f8cfdc8",,"2025-05-16T15:30:00.000","30","TRAFFIC SIGNAL","FUNCTIONING PROPERLY","CLEAR","DAYLIGHT","REAR END","T-INTERSECTION",,"STRAIGHT AND LEVEL","DRY","NO DEFECTS","NOT ON SCENE (DESK REPORT)","NO INJURY / DRIVE AWAY",,,,"OVER $1,500","2025-05-16T16:00:00.000","FOLLOWING TOO CLOSELY","NOT APPLICABLE","3201","W","OGDEN AVE","1022",,,,,,,"2","NO INDICATION OF INJURY","0","0","0","0","0","2","0","15","6","5","41.8577234636","-87.7054219729","POINT (-87.705421972862 41.857723463569)"
"55f730f168d4721bb6c91402079ab3442db57f0d9a8ccecd05f221a2c12e979fc635ba7f90c1d79345a10fc071a4eda8f0711b965d13a3afa4c642a0aec065ff",,"2025-05-16T15:30:00.000","30","UNKNOWN","UNKNOWN","CLEAR","DAYLIGHT","SIDESWIPE SAME DIRECTION","NOT DIVIDED",,"STRAIGHT AND LEVEL","UNKNOWN","UNKNOWN","NOT ON SCENE (DESK REPORT)","NO INJURY / DRIVE AWAY",,,"Y","OVER $1,500","2025-05-16T17:30:00.000","UNABLE TO DETERMINE","UNABLE TO DETERMINE","233","S","WACKER DR","122",,,,,,,"2","NO INDICATION OF INJURY","0","0","0","0","0","2","0","15","6","5","41.8785601536","-87.6365238721","POINT (-87.636523872055 41.878560153624)"
"df4871c9be2365397be181670ee01b869fad8a556fbbe1a9ac54f85c7d659d8f269fbe3f08c9a467671dabe8c8604d599633a07ae0652516758c02c1c7cb832a",,"2025-05-16T15:30:00.000","30","STOP SIGN/FLASHER","UNKNOWN","UNKNOWN","DAYLIGHT","REAR END","FOUR WAY",,"STRAIGHT AND LEVEL","UNKNOWN","UNKNOWN","NOT ON SCENE (DESK REPORT)","NO INJURY / DRIVE AWAY","Y",,"Y","$501 - $1,500","2025-05-16T16:30:00.000","UNABLE TO DETERMINE","NOT APPLICABLE","700","W","OAKDALE AVE","1934",,,,,,,"2","NO INDICATION OF INJURY","0","0","0","0","0","3","0","15","6","5","41.9357283617","-87.6472265916","POINT (-87.647226591634 41.935728361682)"
"e48345f407088e10674aadc39208c009b79698a8554cd92ed2a99b62bf657e796144dc4cbdac887004eab22a27262973e2bd39470f2653e94a076f7d38f85796",,"2025-05-16T15:30:00.000","30","STOP SIGN/FLASHER","FUNCTIONING PROPERLY","CLEAR","DARKNESS, LIGHTED ROAD","ANGLE","NOT DIVIDED",,"STRAIGHT AND LEVEL","DRY","NO DEFECTS","NOT ON SCENE (DESK REPORT)","NO INJURY / DRIVE AWAY",,,,"OVER $1,500","2025-05-17T21:00:00.000","UNABLE TO DETERMINE","NOT APPLICABLE","3324","W","55TH ST","822",,,,,,,"2","NO INDICATION OF INJURY","0","0","0","0","0","2","0","15","6","5","41.79357135","-87.7071723986","POINT (-87.707172398611 41.793571349964)"
"ef997cf782bbc8787fea34cde4a1c290dc078b38b804ce1bf10a8f98f79a882301282ee79825a0ebef1813220ff12ce1568017d998800880344d638feac940ea",,"2025-05-16T15:30:00.000","30","NO CONTROLS","NO CONTROLS","CLEAR","DAYLIGHT","TURNING","NOT DIVIDED",,"STRAIGHT AND LEVEL","DRY","NO DEFECTS","NOT ON SCENE (DESK REPORT)","NO INJURY / DRIVE AWAY",,,,"$501 - $1,500","2025-05-18T16:38:00.000","IMPROPER TURNING/NO SIGNAL","NOT APPLICABLE","7601","S","CICERO AVE","833",,,,,,,"2","NO INDICATION OF INJURY","0","0","0","0","0","3","0","15","6","5","41.7546601244","-87.7413847586","POINT (-87.741384758605 41.754660124394)"
"f5f554543c72b4a59d54e0bf3fbe56438fe910e2c375ff0f2287ddd8f61440ed12644f0fd55c46e6ff09858aa45104723a648b1c697f9598a98d1f4265a0e230",,"2025-05-16T15:26:00.000","25","TRAFFIC SIGNAL","FUNCTIONING PROPERLY","CLEAR","DAYLIGHT","REAR END","FOUR WAY",,"STRAIGHT AND LEVEL","DRY","NO DEFECTS","ON SCENE","NO INJURY / DRIVE AWAY",,,,"OVER $1,500","2025-05-16T15:31:00.000","FOLLOWING TOO CLOSELY","NOT APPLICABLE","5500","S","STATE ST","225",,,,,,,"2","NO INDICATION OF INJURY","0","0","0","0","0","2","0","15","6","5","41.794225291","-87.6258360156","POINT (-87.625836015583 41.79422529104)"
"b2cbeeea31430bcf3667e6e15ca4e368dd5f12b3075448d0b9c1d3f6ee772478be83ca9e878c1ee3db1bcb5357d04efcb20b5621a7cea2cfce171079b2220946",,"2025-05-16T15:18:00.000","30","NO CONTROLS","NO CONTROLS","CLEAR","DAYLIGHT","REAR END","NOT DIVIDED",,"STRAIGHT AND LEVEL","DRY","NO DEFECTS","ON SCENE","NO INJURY / DRIVE AWAY",,,,"OVER $1,500","2025-05-16T15:32:00.000","UNABLE TO DETERMINE","UNABLE TO DETERMINE","210","W","FULLERTON DR","1935",,,,,,,"2","NO INDICATION OF INJURY","0","0","0","0","0","2","0","15","6","5","41.9258171963","-87.6341269934","POINT (-87.634126993435 41.925817196283)"
"7901d54c231e8ace032f41afe1b3711bd6dd494154a4c74e7882886ba3e3f662a439192cf32e6e140d3d6f295958a790b74f55c0b1c6671294144e0c955477cc",,"2025-05-16T15:16:00.000","30","TRAFFIC SIGNAL","FUNCTIONING PROPERLY","FOG/SMOKE/HAZE","DAWN","REAR END","NOT DIVIDED",,"STRAIGHT AND LEVEL","DRY","NO DEFECTS","ON SCENE","INJURY AND / OR TOW DUE TO CRASH",,,,"OVER $1,500","2025-05-16T18:21:00.000","CELL PHONE USE OTHER THAN TEXTING","NOT APPLICABLE","5510","W","JACKSON BLVD","1522",,,,,,,"2","NO INDICATION OF INJURY","0","0","0","0","0","6","0","15","6","5","41.8766761615","-87.7622150198","POINT (-87.762215019797 41.876676161517)"
"31ff69c292dfba8bcee5ac61b14a95f7ece76afbe906870c999a3c00af46dc339f55303208b7ffc255caedfc0502545a1caada1f128f9f2a3987086444b9acae",,"2025-05-16T15:15:00.000","30","PEDESTRIAN CROSSING SIGN","FUNCTIONING PROPERLY","CLEAR","DAYLIGHT","REAR END","Y-INTERSECTION",,"STRAIGHT AND LEVEL","DRY","NO DEFECTS","NOT ON SCENE (DESK REPORT)","NO INJURY / DRIVE AWAY",,,,"OVER $1,500","2025-05-16T15:30:00.000","FOLLOWING TOO CLOSELY","NOT APPLICABLE","750","W","FOSTER DR","2023",,,,,,,"2","NO INDICATION OF INJURY","0","0","0","0","0","2","0","15","6","5","41.9767654939","-87.6503321287","POINT (-87.650332128726 41.976765493854)"
"91e4c6be8aa85c967d6d31f19671d201a0d5b9477c437c5289fe82d05cd3d89368b1b28a5921100229a92156df6e11e9a04db3875dbff3f88482ce6f331f26ed",,"2025-05-16T15:15:00.000","30","NO CONTROLS","NO CONTROLS","CLEAR","DAYLIGHT","SIDESWIPE SAME DIRECTION","NOT DIVIDED",,"STRAIGHT AND LEVEL","DRY","NO DEFECTS","NOT ON SCENE (DESK REPORT)","NO INJURY / DRIVE AWAY",,,,"OVER $1,500","2025-05-16T15:30:00.000","IMPROPER LANE USAGE","IMPROPER LANE USAGE","2323","W","111TH ST","2212",,,,,,,"2","NO INDICATION OF INJURY","0","0","0","0","0","2","0","15","6","5","41.691679204","-87.6797791725","POINT (-87.679779172526 41.691679204031)"
"bce706898bb18e47476abb016cd751c832e2b4cf172a2b54690b562b0bb954512cf9258badb2084532c3fb72a5702ad54459d506c04366cecdc0f08a06e627d1",,"2025-05-16T15:15:00.000","30","NO CONTROLS","NO CONTROLS","CLEAR","DAYLIGHT","SIDESWIPE SAME DIRECTION","NOT DIVIDED",,"STRAIGHT AND LEVEL","DRY","NO DEFECTS","NOT ON SCENE (DESK REPORT)","INJURY AND / OR TOW DUE TO CRASH",,,,"$501 - $1,500","2025-05-17T15:15:00.000","IMPROPER OVERTAKING/PASSING","NOT APPLICABLE","3100","S","CALIFORNIA AVE","1033",,,,,,,"2","NONINCAPACITATING INJURY","1","0","0","1","0","1","0","15","6","5","41.8372770504","-87.6951722465","POINT (-87.695172246519 41.837277050366)"
"be58cccb34f4d11c86308a490967512ffcf9826081ef6005ac19ae70cb064c4c4ab47029969b6e9c451d357f1571aa35f3c892825c493ff277f557139c21ad1e",,"2025-05-16T15:15:00.000","30","TRAFFIC SIGNAL","UNKNOWN","CLEAR","DAYLIGHT","REAR END","NOT DIVIDED",,"STRAIGHT AND LEVEL","UNKNOWN","UNKNOWN","ON SCENE","NO INJURY / DRIVE AWAY",,,"Y","OVER $1,500","2025-05-16T15:15:00.000","UNABLE TO DETERMINE","UNABLE TO DETERMINE","4955","W","MADISON ST","1533",,,,,,,"2","NO INDICATION OF INJURY","0","0","0","0","0","2","0","15","6","5","41.8803304533","-87.7497895171","POINT (-87.749789517126 41.880330453313)"
"ca928511b79a755831f38306a3a982966599d16be39e1bbc38047cac384e8f63778fe6436b5bf862635c13b24b06014cd4cf74e1a40c0dc796529be0fce98a4e",,"2025-05-16T15:12:00.000","30","NO CONTROLS","NO CONTROLS","CLEAR","DAYLIGHT","PARKED MOTOR VEHICLE","PARKING LOT",,"STRAIGHT AND LEVEL","DRY","NO DEFECTS","NOT ON SCENE (DESK REPORT)","NO INJURY / DRIVE AWAY",,,"Y","$501 - $1,500","2025-05-16T19:48:00.000","UNABLE TO DETERMINE","NOT APPLICABLE","4363","S","ARCHER AVE","922",,,,,,,"2","NO INDICATION OF INJURY","0","0","0","0","0","1","0","15","6","5","41.8142118101","-87.7038198954","POINT (-87.703819895437 41.814211810102)"
"e1ca48b82a84a135f99129d76b733f0cc13586fc80b398e7b79d0475692d02d36bb73879eb8047b03538f672e0191bbc09b8fb0ed2d9c766eac27f496350f720",,"2025-05-16T15:10:00.000","30","NO CONTROLS","NO CONTROLS","CLEAR","DAYLIGHT","ANGLE","DIVIDED - W/MEDIAN (NOT RAISED)",,"STRAIGHT AND LEVEL","DRY","NO DEFECTS","NOT ON SCENE (DESK REPORT)","NO INJURY / DRIVE AWAY","Y",,,"OVER $1,500","2025-05-18T16:38:00.000","UNABLE TO DETERMINE","UNABLE TO DETERMINE","5500","S","HAMLIN AVE","822",,,,,,,"2","NO INDICATION OF INJURY","0","0","0","0","0","2","0","15","6","5","41.7932291253","-87.718406158","POINT (-87.718406157995 41.793229125263)"
"f0294442f82440e32b4907ee7bb27d59030e078a2dcaff916bfad02a39033699f6311a410907bf3a3a95e44d15ca9f4ec91a9571eec02c23751b2fad778f58a6",,"2025-05-16T15:10:00.000","30","STOP SIGN/FLASHER","NO CONTROLS","CLEAR","DAYLIGHT","TURNING","NOT DIVIDED",,"STRAIGHT AND LEVEL","DRY","NO DEFECTS","NOT ON SCENE (DESK REPORT)","NO INJURY / DRIVE AWAY","Y",,,"OVER $1,500","2025-05-16T16:40:00.000","UNABLE TO DETERMINE","UNABLE TO DETERMINE","10957","S","HERMOSA AVE","2212",,,,,,,"2","NO INDICATION OF INJURY","0","0","0","0","0","2","0","15","6","5","41.6939564844","-87.6650441706","POINT (-87.665044170588 41.693956484436)"
"90bfbd03ab615585b7e8dbf909a3e1e8615c630416aa3a77273b9c0f453c9fa0b5b1e31382ebe17d4acc3506bc33b0e4380ce802eb101e68cc3a4746f9a0d18b",,"2025-05-16T15:07:00.000","30","UNKNOWN","UNKNOWN","CLEAR","DAYLIGHT","REAR END","UNKNOWN",,"STRAIGHT AND LEVEL","DRY","UNKNOWN",,"NO INJURY / DRIVE AWAY",,,,"OVER $1,500","2025-05-16T20:20:00.000","UNABLE TO DETERMINE","UNABLE TO DETERMINE","4300","S","WALLACE ST","925",,,,,,,"2","NO INDICATION OF INJURY","0","0","0","0","0","3","0","15","6","5","41.8162098795","-87.6413955998","POINT (-87.641395599834 41.816209879456)"
"7725066b3bf5cf3d9d85215ec32210739b562b6c0afe8d606d9d31b10c4f7e8369761ea785dc4d45721425e486c2d6697e4077e9fea2d0adfd78574a161b8d02",,"2025-05-16T15:05:00.000","30","NO CONTROLS","NO CONTROLS","CLEAR","DAYLIGHT","REAR END","DIVIDED - W/MEDIAN (NOT RAISED)",,"STRAIGHT AND LEVEL","DRY","NO DEFECTS","ON SCENE","NO INJURY / DRIVE AWAY","Y",,,"OVER $1,500","2025-05-16T15:20:00.000","UNABLE TO DETERMINE","NOT APPLICABLE","11200","S","KEDZIE AVE","2211",,"Y",,,,,"3","NO INDICATION OF INJURY","0","0","0","0","0","3","0","15","6","5","41.6896933877","-87.700900727","POINT (-87.700900727007 41.689693387719)"
"a10df8675dea014fe2f161fa9151cc385c2ee71b16dc104ac70afffb92fe9277d76e4d28dd24b836bdae39f1db2468794898871b2a2902d6a8997ccaf1085fe2",,"2025-05-16T15:01:00.000","15","NO CONTROLS","NO CONTROLS","CLEAR","DAYLIGHT","PARKED MOTOR VEHICLE","ALLEY",,"STRAIGHT AND LEVEL","DRY","NO DEFECTS",,"INJURY AND / OR TOW DUE TO CRASH",,,,"OVER $1,500","2025-05-16T15:01:00.000","UNABLE TO DETERMINE","UNABLE TO DETERMINE","1135","E","81ST PL","411",,,,,,,"3","NO INDICATION OF INJURY","0","0","0","0","0","1","0","15","6","5","41.746696425","-87.5963285224","POINT (-87.59632852243 41.746696425012)"
"35e355ba391b3144a9c9f72562280b79b4ec8c00be873823b5275891e7fe7dbf2038feddddf5b5e5a193fa6459d1f10f3003585701839b4a544b90d633359b17",,"2025-05-16T15:00:00.000","30","NO CONTROLS","NO CONTROLS","CLEAR","DAYLIGHT","SIDESWIPE SAME DIRECTION","NOT DIVIDED",,"STRAIGHT AND LEVEL","DRY","NO DEFECTS","NOT ON SCENE (DESK REPORT)","NO INJURY / DRIVE AWAY",,,,"OVER $1,500","2025-05-16T15:25:00.000","UNABLE TO DETERMINE","UNABLE TO DETERMINE","10901","S","HERMOSA AVE","2212",,,,,,,"2","NO INDICATION OF INJURY","0","0","0","0","0","2","0","15","6","5","41.6953457125","-87.6640697487","POINT (-87.664069748693 41.695345712526)"
"b26d95a715f209a2cbf9b950712ab75f908b7595d39fbef3ecb055426bbed7061253727425a456e6be5badd41ce996e8c1cfb543f2e6f1e53ee71388c4372e53",,"2025-05-16T15:00:00.000","10","NO CONTROLS","NO CONTROLS","CLEAR","DAYLIGHT","REAR TO FRONT","PARKING LOT",,"STRAIGHT AND LEVEL","DRY","NO DEFECTS","NOT ON SCENE (DESK REPORT)","NO INJURY / DRIVE AWAY",,,,"OVER $1,500","2025-05-16T21:05:00.000","UNABLE TO DETERMINE","NOT APPLICABLE","5601","S","KEDZIE AVE","824",,,,,,,"2","NO INDICATION OF INJURY","0","0","0","0","0","2","0","15","6","5","41.791609872","-87.7033555982","POINT (-87.703355598231 41.791609871969)"
"cda482ee961a3052f4b62cd8be7fa71f9b6eb7899fda40f201583869b1365fbe51916075397f88b28a3586eaf6ba0593ca3bb7b0d04f166d8297aecc02b9f93f",,"2025-05-16T15:00:00.000","30","TRAFFIC SIGNAL","FUNCTIONING PROPERLY","CLEAR","DAYLIGHT","ANGLE","NOT DIVIDED",,"STRAIGHT AND LEVEL","DRY","NO DEFECTS","NOT ON SCENE (DESK REPORT)","NO INJURY / DRIVE AWAY","Y",,,"OVER $1,500","2025-05-16T15:50:00.000","UNABLE TO DETERMINE","UNABLE TO DETERMINE","3101","N","NARRAGANSETT AVE","2511",,,,,,,"2","NO INDICATION OF INJURY","0","0","0","0","0","2","0","15","6","5","41.9365401401","-87.7857262866","POINT (-87.785726286594 41.936540140135)"
"21c8a79661360fc1ffabff7977a77718ecea2d91bacb0ebac9994437a0c7629d7143f60faae977381aa0d27e500e0abaf5f8af775fd7cc4d5ad64595897e8b24",,"2025-05-16T14:55:00.000","30","TRAFFIC SIGNAL","FUNCTIONING PROPERLY","CLEAR","DAYLIGHT","SIDESWIPE SAME DIRECTION","FOUR WAY",,"STRAIGHT AND LEVEL","DRY","NO DEFECTS","NOT ON SCENE (DESK REPORT)","NO INJURY / DRIVE AWAY","Y",,,"OVER $1,500","2025-05-16T15:20:00.000","FAILING TO YIELD RIGHT-OF-WAY","FAILING TO REDUCE SPEED TO AVOID CRASH","5811","W","BRYN MAWR AVE","1622",,,,,,,"2","NO INDICATION OF INJURY","0","0","0","0","0","2","0","14","6","5","41.9828084823","-87.7737711481","POINT (-87.773771148124 41.982808482305)"
"9ca1b39f8ba942d8148aa81362af247de98c12cd480ea6e55784c34a57fd235011912feae3e5ed38ad28f32f4580dbc9a2168e90cd45804348ac83a254d88f60",,"2025-05-16T14:55:00.000","30","NO CONTROLS","NO CONTROLS","CLEAR","DAYLIGHT","TURNING","NOT DIVIDED",,"STRAIGHT AND LEVEL","DRY","NO DEFECTS","ON SCENE","INJURY AND / OR TOW DUE TO CRASH",,,,"OVER $1,500","2025-05-16T15:34:00.000","IMPROPER TURNING/NO SIGNAL","NOT APPLICABLE","1010","W","87TH ST","613",,,,,,,"2","NO INDICATION OF INJURY","0","0","0","0","0","2","0","14","6","5","41.7361058677","-87.6489751048","POINT (-87.648975104751 41.736105867668)"
"07b48c9b027772b1492a7d3a963905f2d4afd0b59f2c09a115bcee769bc465310c3a338ec6ca5034ba8a09437865803102beee7dd259dbd751e506ab1541b115",,"2025-05-16T14:50:00.000","30","STOP SIGN/FLASHER","FUNCTIONING PROPERLY","CLEAR","DAYLIGHT","ANGLE","NOT DIVIDED",,"STRAIGHT AND LEVEL","DRY","NO DEFECTS","NOT ON SCENE (DESK REPORT)","NO INJURY / DRIVE AWAY",,,"Y","OVER $1,500","2025-05-16T17:20:00.000","FAILING TO YIELD RIGHT-OF-WAY","NOT APPLICABLE","4700","S","KNOX AVE","815",,,,,,,"2","NO INDICATION OF INJURY","0","0","0","0","0","2","0","14","6","5","41.8075768868","-87.7396341173","POINT (-87.739634117323 41.807576886789)"
"7a1f3438ee7faf0a613a3dded1e57b7a9f8b52ec69e5dd22485d2a695aaa6eab3ec38a16a793e699d3fa905bb9fe6bb0830670e06a2e6a52864880320f9f7c48",,"2025-05-16T14:45:00.000","30","TRAFFIC SIGNAL","NOT FUNCTIONING","CLEAR","DAYLIGHT","ANGLE","FOUR WAY",,"STRAIGHT AND LEVEL","DRY","UNKNOWN","NOT ON SCENE (DESK REPORT)","NO INJURY / DRIVE AWAY","Y",,,"OVER $1,500","2025-05-16T15:30:00.000","UNABLE TO DETERMINE","UNABLE TO DETERMINE","9900","S","WESTERN AVE","2211",,,,,,,"2","NO INDICATION OF INJURY","0","0","0","0","0","2","0","14","6","5","41.7135698994","-87.681985722","POINT (-87.681985722044 41.713569899352)"
"7c269c11a313bed4fac2c22e051d924d4479e91f975b862409c86ee3ce729b8d78a35f29a1014f7dd557fed16022a72724e4948ef1757162d7f7f3a4fb76b880",,"2025-05-16T14:45:00.000","30","NO CONTROLS","NO CONTROLS","CLEAR","DAYLIGHT","SIDESWIPE SAME DIRECTION","DIVIDED - W/MEDIAN (NOT RAISED)",,"STRAIGHT AND LEVEL","DRY","NO DEFECTS","NOT ON SCENE (DESK REPORT)","NO INJURY / DRIVE AWAY",,,,"OVER $1,500","2025-05-16T15:43:00.000","IMPROPER LANE USAGE","IMPROPER OVERTAKING/PASSING","800","W","LAWRENCE AVE","2024",,,,,,,"2","NO INDICATION OF INJURY","0","0","0","0","0","2","0","14","6","5","41.969261067","-87.650422729","POINT (-87.650422728959 41.969261066974)"