"crash_record_id","crash_date_est_i","crash_date","posted_speed_limit","traffic_control_device","device_condition","weather_condition","lighting_condition","first_crash_type","trafficway_type","lane_cnt","alignment","roadway_surface_cond","road_defect","report_type","crash_type","intersection_related_i","private_property_i","hit_and_run_i","damage","date_police_notified","prim_contributory_cause","sec_contributory_cause","street_no","street_direction","street_name","beat_of_occurrence","photos_taken_i","statements_taken_i","dooring_i","work_zone_i","work_zone_type","workers_present_i","num_units","most_severe_injury","injuries_total","injuries_fatal","injuries_incapacitating","injuries_non_incapacitating","injuries_reported_not_evident","injuries_no_indication","injuries_unknown","crash_hour","crash_day_of_week","crash_month","latitude","longitude","location"
"d40613a51f5c56f2ccca5cd9633707be97deb95b91b67c2ac10a205131ada0a5812ccc25e4bfdd291ab6668fd4b40a2dba5cbd145298a41227948ec8a7867e3f",,"2025-05-16T14:45:00.000","30","TRAFFIC SIGNAL","NO CONTROLS","CLEAR","DAYLIGHT","TURNING","DIVIDED - W/MEDIAN (NOT RAISED)",,"STRAIGHT AND LEVEL","DRY","NO DEFECTS","NOT ON SCENE (DESK REPORT)","NO INJURY / DRIVE AWAY",,,,"$501 - $1,500","2025-05-16T15:01:00.000","FAILING TO YIELD RIGHT-OF-WAY","NOT APPLICABLE","6737","S","PULASKI RD","833",,,,,,,"2","NO INDICATION OF INJURY","0","0","0","0","0","2","0","14","6","5","41.7702902639","-87.722401324","POINT (-87.722401324025 41.770290263912)"
"4569275d996ec059fc96acb9bbe7d615d8a70cb7bd316bb7263d80e486bd5eb8b44a1257ee264fd40f2ab8f135068bfe8800a31875a02c1f9125d61fb67c8ef3",,"2025-05-16T14:44:00.000","30","NO CONTROLS","NO CONTROLS","CLEAR","DAYLIGHT","TURNING","FOUR WAY",,"STRAIGHT AND LEVEL","DRY","NO DEFECTS","NOT ON SCENE (DESK REPORT)","NO INJURY / DRIVE AWAY",,,,"OVER $1,500","2025-05-16T16:44:00.000","UNABLE TO DETERMINE","NOT APPLICABLE","4300","N","ASHLAND AVE","1912",,,,,,,"2","NO INDICATION OF INJURY","0","0","0","0","0","2","0","14","6","5","41.9598573866","-87.6693544424","POINT (-87.669354442445 41.959857386639)"
"c329a1a08875c369a1ccac5ca4f9db9dec7697104534ebc3a799f7145cf408d5df8df0aaf2f66b37bc25756593217816094ff53d6a6bfdfc890f9edf30c159da",,"2025-05-16T14:44:00.000","30","NO CONTROLS","NO CONTROLS","CLEAR","DAYLIGHT","SIDESWIPE SAME DIRECTION","NOT DIVIDED",,"STRAIGHT AND LEVEL","DRY","NO DEFECTS","NOT ON SCENE (DESK REPORT)","NO INJURY / DRIVE AWAY",,,,"OVER $1,500","2025-05-16T16:05:00.000","FAILING TO YIELD RIGHT-OF-WAY","NOT APPLICABLE","2738","W","DEVON AVE","2412",,,,,,,"2","NO INDICATION OF INJURY","0","0","0","0","0","2","0","14","6","5","41.9976845908","-87.6987453064","POINT (-87.69874530643 41.997684590835)"
"4ceb0f7d143c04d42d4241bc8bccf79082f49e741466d720171e3dfbe8e4060a48e9f707d54928bac672e14e7515082041c0492f9ddef7316fe636bc17f1c12b",,"2025-05-16T14:40:00.000","30","STOP SIGN/FLASHER","FUNCTIONING PROPERLY","CLEAR","DAYLIGHT","PARKED MOTOR VEHICLE","DIVIDED - W/MEDIAN (NOT RAISED)",,"STRAIGHT AND LEVEL","DRY","NO DEFECTS","NOT ON SCENE (DESK REPORT)","NO INJURY / DRIVE AWAY",,,,"$501 - $1,500","2025-05-16T15:30:00.000","FOLLOWING TOO CLOSELY","NOT APPLICABLE","5757","S","CHRISTIANA AVE","822",,,,,,,"2","NO INDICATION OF INJURY","0","0","0","0","0","2","0","14","6","5","41.7881568463","-87.7069323767","POINT (-87.70693237668 41.788156846329)"
"e81757c0a134824d00563d00528968d63ed69bdde47a6f1369de09dc59139690afabc9638b3365229cbb2ce60071b31b6dd44258b06dc72c5527f2076e90407a",,"2025-05-16T14:40:00.000","30","TRAFFIC SIGNAL","FUNCTIONING PROPERLY","CLEAR","DAYLIGHT","TURNING","NOT DIVIDED",,"STRAIGHT AND LEVEL","DRY","NO DEFECTS","NOT ON SCENE (DESK REPORT)","NO INJURY / DRIVE AWAY","Y",,"Y","OVER $1,500","2025-05-16T17:50:00.000","UNABLE TO DETERMINE","NOT APPLICABLE","574","N","LARAMIE AVE","1523",,,,,,,"2","NO INDICATION OF INJURY","0","0","0","0","0","2","0","14","6","5","41.8911353798","-87.7556073367","POINT (-87.75560733665 41.891135379772)"
"f5b66d85e96714b19cbb2d6ba11e8f9ba71512bbf1e54101ea419041992eaf2983cedbdd92e658ef8da77245d69a1075997be473f6b062a19c3611ca5c328bcf",,"2025-05-16T14:40:00.000","30","NO CONTROLS","NO CONTROLS","CLEAR","DAYLIGHT","REAR END","NOT DIVIDED",,"STRAIGHT AND LEVEL","DRY","NO DEFECTS","ON SCENE","NO INJURY / DRIVE AWAY",,,,"OVER $1,500","2025-05-16T14:45:00.000","UNABLE TO DETERMINE","UNABLE TO DETERMINE","400","W","DIVERSEY PKWY","1934",,,,,,,"2","NO INDICATION OF INJURY","0","0","0","0","0","2","0","14","6","5","41.9330187815","-87.6394289802","POINT (-87.639428980205 41.933018781455)"
"ac13d7bbf9f72332ddb2088dc5c714be1dbb74cec6a94f2b7f74dd14a3cc295a80be5ee82f64ad2f8a6a7fb4445c423913a3f7b0140db97fc25fd0ea224ba123",,"2025-05-16T14:35:00.000","30","NO CONTROLS","NO CONTROLS","CLEAR","DAYLIGHT","PARKED MOTOR VEHICLE","NOT DIVIDED",,"STRAIGHT AND LEVEL","DRY","NO DEFECTS","ON SCENE","NO INJURY / DRIVE AWAY",,,,"OVER $1,500","2025-05-16T15:45:00.000","FOLLOWING TOO CLOSELY","UNABLE TO DETERMINE","2308","W","NORTH AVE","1434",,,,,,,"2","NO INDICATION OF INJURY","0","0","0","0","0","2","0","14","6","5","41.9104612628","-87.6851829178","POINT (-87.685182917833 41.910461262802)"
"c2ffb7285627108feff442df0a8aac5a8e219bf936b02e5eeb746bcf31586e9056b9e7a3f3f7c34b1fecdcaeb57fc83b2633bd4392a2877b3690888dbeb3491f",,"2025-05-16T14:35:00.000","30","NO CONTROLS","NO CONTROLS","CLEAR","DAYLIGHT","REAR END","DIVIDED - W/MEDIAN (NOT RAISED)",,"STRAIGHT AND LEVEL","DRY","NO DEFECTS","NOT ON SCENE (DESK REPORT)","INJURY AND / OR TOW DUE TO CRASH",,,,"OVER $1,500","2025-05-16T15:38:00.000","UNABLE TO DETERMINE","UNABLE TO DETERMINE","4602","W","OGDEN AVE","1013",,,,,,,"5","NO INDICATION OF INJURY","0","0","0","0","0","5","0","14","6","5",,,
"d2e672e2663906d13ece5e98c82249c3241d83554e04a6991499716a6dea8e6f8be606d3d39a81e233573ab6d6664eda5100ebf18881f7f2f53cfb55de5525b8",,"2025-05-16T14:35:00.000","30","NO CONTROLS","NO CONTROLS","CLEAR","DAYLIGHT","SIDESWIPE SAME DIRECTION","DIVIDED - W/MEDIAN (NOT RAISED)",,"STRAIGHT AND LEVEL","DRY","UNKNOWN","NOT ON SCENE (DESK REPORT)","NO INJURY / DRIVE AWAY",,,,"OVER $1,500","2025-05-16T19:05:00.000","UNABLE TO DETERMINE","NOT APPLICABLE","4101","W","FULLERTON AVE","2525",,,,,,,"2","NO INDICATION OF INJURY","0","0","0","0","0","2","0","14","6","5","41.924347529","-87.7292797537","POINT (-87.729279753723 41.924347528955)"
"3952387fce5612886eb2c6011831fd375d37786784eb52b139d97c9359314afecbbe838afd1156294992dba395cbd08cf332e8af7d61ba4ffd79d9a55874b57f",,"2025-05-16T14:30:00.000","20","NO CONTROLS","NO CONTROLS","CLEAR","DAYLIGHT","PARKED MOTOR VEHICLE","PARKING LOT",,"STRAIGHT AND LEVEL","DRY","UNKNOWN","NOT ON SCENE (DESK REPORT)","NO INJURY / DRIVE AWAY",,"Y",,"OVER $1,500","2025-05-16T16:00:00.000","FAILING TO YIELD RIGHT-OF-WAY","FAILING TO YIELD RIGHT-OF-WAY","1101","S","CANAL ST","124",,,,,,,"2","NO INDICATION OF INJURY","0","0","0","0","0","1","0","14","6","5","41.8688897111","-87.6390989281","POINT (-87.639098928088 41.868889711112)"
"5f58d74d3f6c4c9b2c4ffa2a4d0371878804f07c11e879b8f8e7596f1d55463502f06d711ad2c739b885dc7d54e1cb542c09ad5c64b90f9d6d40a7e82dcd019e",,"2025-05-16T14:30:00.000","30","NO CONTROLS","NO CONTROLS","CLEAR","DAYLIGHT","REAR END","NOT DIVIDED",,"STRAIGHT AND LEVEL","DRY","UNKNOWN","NOT ON SCENE (DESK REPORT)","NO INJURY / DRIVE AWAY",,,,"$501 - $1,500","2025-05-16T16:44:00.000","FOLLOWING TOO CLOSELY","UNABLE TO DETERMINE","5822","W","ROOSEVELT RD","1513",,,,,,,"2","NO INDICATION OF INJURY","0","0","0","0","0","2","0","14","6","5","41.8656239778","-87.7702919626","POINT (-87.770291962599 41.865623977792)"
"65f10eda94426be5b65eed3eab8e238f34200ed3fbcb714b5532eccf4b5591938b3a6edf19574423f116d4f4e2d53eb358254eca45d4157458ab4bddfc68cf35",,"2025-05-16T14:30:00.000","30","STOP SIGN/FLASHER","FUNCTIONING PROPERLY","CLEAR","DAYLIGHT","ANGLE","FOUR WAY",,"STRAIGHT AND LEVEL","DRY","NO DEFECTS","NOT ON SCENE (DESK REPORT)","NO INJURY / DRIVE AWAY","Y",,,"OVER $1,500","2025-05-16T17:14:00.000","UNABLE TO DETERMINE","UNABLE TO DETERMINE","1437","W","111TH ST","2234",,,,,,,"2","NO INDICATION OF INJURY","0","0","0","0","0","2","0","14","6","5","41.6920529809","-87.6585130439","POINT (-87.658513043896 41.692052980868)"
"6a3c6c4a1b4c5ec1e13bd558f834c6a06d1c0793c007da81aa1d2bdb260d79fde4acec76f5422e142953a820e6d8b261f57459fb823c146e69de6acbe6882c47",,"2025-05-16T14:30:00.000","30","TRAFFIC SIGNAL","FUNCTIONING PROPERLY","CLEAR","DAYLIGHT","TURNING","NOT DIVIDED",,"STRAIGHT AND LEVEL","DRY","NO DEFECTS","NOT ON SCENE (DESK REPORT)","NO INJURY / DRIVE AWAY",,,,"OVER $1,500","2025-05-16T17:45:00.000","FAILING TO YIELD RIGHT-OF-WAY","NOT APPLICABLE","5322","S","CENTRAL AVE","811",,,,,,,"2","NO INDICATION OF INJURY","0","0","0","0","0","2","0","14","6","5","41.79573461","-87.762555326","POINT (-87.762555325992 41.795734610035)"
"9ec916dbab9f7e779445009cef17412446aeb967c8df4ac00a8870d92734ea5a1c3dff0844bb63cea4f14016679251a6ff75e5aa50ed041a236e9cf0f7ac60b1",,"2025-05-16T14:30:00.000","30","UNKNOWN","UNKNOWN","CLEAR","DAYLIGHT","REAR TO SIDE","NOT DIVIDED",,"STRAIGHT AND LEVEL","DRY","NO DEFECTS","ON SCENE","NO INJURY / DRIVE AWAY",,,"Y","$501 - $1,500","2025-05-16T15:54:00.000","DISREGARDING STOP SIGN","UNABLE TO DETERMINE","8800","S","BLACKSTONE AVE","412",,,,,,,"2","NO INDICATION OF INJURY","0","0","0","0","0","3","0","14","6","5","41.7349654741","-87.5882348474","POINT (-87.588234847373 41.734965474086)"
"c2c0a6f796ce5cd47e1fdafc98f143e1911c9b6caafedf437bb3084ababc39245d40960dad0f0cbd1d4b0e41023490af06974dc656410674e0fc20b752505ba5",,"2025-05-16T14:30:00.000","30","TRAFFIC SIGNAL","FUNCTIONING PROPERLY","CLEAR","DAYLIGHT","TURNING","FOUR WAY",,"STRAIGHT AND LEVEL","DRY","NO DEFECTS","ON SCENE","INJURY AND / OR TOW DUE TO CRASH","Y",,,"OVER $1,500","2025-05-16T15:03:00.000","NOT APPLICABLE","NOT APPLICABLE","1600","W","PETERSON AVE","2433",,,,,,,"2","REPORTED, NOT EVIDENT","3","0","0","0","3","0","0","14","6","5","41.9909063173","-87.6701144927","POINT (-87.670114492663 41.99090631734)"
"733e2659b5390b746a27c4a80a3ec2a9c3d88f09d281304e8e64b79b44e20753e08b0911f412657278d551e0a649d890de36518490141bddf5fbab487aa53500",,"2025-05-16T14:26:00.000","35","TRAFFIC SIGNAL","FUNCTIONING IMPROPERLY","CLEAR","DAYLIGHT","SIDESWIPE SAME DIRECTION","CENTER TURN LANE",,"STRAIGHT AND LEVEL","WET","NO DEFECTS","ON SCENE","NO INJURY / DRIVE AWAY",,,,"$500 OR LESS","2025-05-16T14:45:00.000","IMPROPER OVERTAKING/PASSING","DRIVING SKILLS/KNOWLEDGE/EXPERIENCE","11900","S","HALSTED ST","524",,,,,,,"2","NO INDICATION OF INJURY","0","0","0","0","0","2","0","14","6","5","41.6777208292","-87.642051845","POINT (-87.642051844982 41.677720829248)"
"20e80832796c3358013e978d1829bc229b380135223f1261468f1375cbbfdca3359943da82aaa7b7cac1a2043d73f1598a480f63ff853a0a562ef4de30b80bff",,"2025-05-16T14:24:00.000","30","NO CONTROLS","NO CONTROLS","CLEAR","DAYLIGHT","REAR END","NOT DIVIDED",,"STRAIGHT AND LEVEL","DRY","UNKNOWN","NOT ON SCENE (DESK REPORT)","NO INJURY / DRIVE AWAY",,,,"OVER $1,500","2025-05-16T21:10:00.000","FOLLOWING TOO CLOSELY","UNABLE TO DETERMINE","4182","N","ELSTON AVE","1723",,,,,,,"2","NO INDICATION OF INJURY","0","0","0","0","0","2","0","14","6","5","41.956965694","-87.7241651928","POINT (-87.724165192787 41.95696569396)"
"3efd988823811ea6c086347485c1f56261f05e9f8c6994ad2930f0cf52b085966a3d9747d3c6d6f15f0a42b348df8271ff096f2bcb606f823872cf85df90725e",,"2025-05-16T14:20:00.000","30","UNKNOWN","UNKNOWN","CLEAR","DAYLIGHT","PARKED MOTOR VEHICLE","ONE-WAY",,"STRAIGHT AND LEVEL","UNKNOWN","UNKNOWN","NOT ON SCENE (DESK REPORT)","NO INJURY / DRIVE AWAY",,,,"OVER $1,500","2025-05-16T16:50:00.000","UNABLE TO DETERMINE","UNABLE TO DETERMINE","230","W","OHIO ST","1831",,,,,,,"2","NO INDICATION OF INJURY","0","0","0","0","0","1","0","14","6","5","41.8924799929","-87.6354379341","POINT (-87.635437934083 41.892479992906)"
"57f69aefb8dd44a09fa68b1fe2cca98144cf92b6dd8766ba64202b3cba5bf85480609515437cf7b2059fa0a16b1331b7b71dfc1188d1430d99d246e0e1165dae",,"2025-05-16T14:19:00.000","30","NO CONTROLS","NO CONTROLS","CLEAR","DAYLIGHT","PEDALCYCLIST","DIVIDED - W/MEDIAN (NOT RAISED)",,"STRAIGHT AND LEVEL","DRY","NO DEFECTS","ON SCENE","INJURY AND / OR TOW DUE TO CRASH",,,,"$501 - $1,500","2025-05-16T14:19:00.000","UNABLE TO DETERMINE","UNABLE TO DETERMINE","6261","N","MC CORMICK RD","1711",,,,,,,"2","NONINCAPACITATING INJURY","1","0","0","1","0","1","0","14","6","5","41.9956700096","-87.7126645981","POINT (-87.712664598144 41.995670009568)"
"8334b3639ac925ccc701db82db9de93d1f59caad1cb027ec2ef84b0379857c598788f5349a00b4a6487e0e513dafe9b7a5ddc052eeec26a1407c939edb2d1280",,"2025-05-16T14:15:00.000","30","STOP SIGN/FLASHER","FUNCTIONING PROPERLY","CLEAR","DAYLIGHT","TURNING","FOUR WAY",,"STRAIGHT AND LEVEL","DRY","UNKNOWN","NOT ON SCENE (DESK REPORT)","INJURY AND / OR TOW DUE TO CRASH","Y",,"Y","OVER $1,500","2025-05-16T15:30:00.000","FAILING TO YIELD RIGHT-OF-WAY","NOT APPLICABLE","200","W","122ND ST","523",,,,,,,"2","NONINCAPACITATING INJURY","1","0","0","1","0","1","0","14","6","5","41.6726156413","-87.6273672889","POINT (-87.627367288941 41.672615641344)"
"9089c6fc8fc8792a1e1b47607adbd095a8f878f1808166fa41beb8bf4d63ecfd824e7d57ba9e81d8da6879f7056ea38495aa6b8a844690740ac884aff1d9efba",,"2025-05-16T14:15:00.000","30","NO CONTROLS","NO CONTROLS","CLEAR","DAYLIGHT","SIDESWIPE SAME DIRECTION","NOT DIVIDED",,"STRAIGHT AND LEVEL","DRY","NO DEFECTS","ON SCENE","INJURY AND / OR TOW DUE TO CRASH",,,,"OVER $1,500","2025-05-16T16:14:00.000","VISION OBSCURED (SIGNS, TREE LIMBS, BUILDINGS, ETC.)","UNABLE TO DETERMINE","1367","W","FULTON ST","1215",,,,,,,"2","NO INDICATION OF INJURY","0","0","0","0","0","2","0","14","6","5","41.8864945797","-87.6614643718","POINT (-87.661464371787 41.886494579727)"
"a7624dedee88e17098d0421f397b197aa67d3f745cb8766ff44722015aa3374afc6adcc1e5da822de2bdb0aea120815be15c91c596e71df0a7be4b4f8ae46f87",,"2025-05-16T14:15:00.000","30","TRAFFIC SIGNAL","FUNCTIONING PROPERLY","CLEAR","DAYLIGHT","OTHER NONCOLLISION","FOUR WAY",,"STRAIGHT AND LEVEL","DRY","NO DEFECTS","NOT ON SCENE (DESK REPORT)","NO INJURY / DRIVE AWAY","Y",,,"$501 - $1,500","2025-05-16T17:00:00.000","NOT APPLICABLE","NOT APPLICABLE","7500","S","ASHLAND AVE","611",,,,,,,"1","NO INDICATION OF INJURY","0","0","0","0","0","1","0","14","6","5","41.7577325515","-87.6637545548","POINT (-87.663754554797 41.757732551539)"
"d84ba2b08786cf27855dbd60f3bea87ea9670db6097ebe9dc0701bbe2edd8f09429cf283ef1a7aef1fc82332628aaf0f36c4804bbdb798235c41d93c3fa33133",,"2025-05-16T14:15:00.000","30","NO CONTROLS","NO CONTROLS","CLEAR","DAYLIGHT","REAR END","NOT DIVIDED",,"STRAIGHT AND LEVEL","DRY","NO DEFECTS","ON SCENE","NO INJURY / DRIVE AWAY",,,"Y","$500 OR LESS","2025-05-16T14:16:00.000","UNABLE TO DETERMINE","NOT APPLICABLE","200","W","HARRISON ST","123",,,,,,,"2","NO INDICATION OF INJURY","0","0","0","0","0","2","0","14","6","5","41.874590031","-87.633704185","POINT (-87.633704184958 41.874590031007)"
"cc8a5076b1655c7a4000ed2b87939ad50fe1e38d4c4b6e708e6045cda301f12edccd2b9d9f008a1a1b8e471ca6ca573f2aeda0d8e4e120fc99a4681a3ea28f9b",,"2025-05-16T14:11:00.000","30","UNKNOWN","UNKNOWN","CLEAR","UNKNOWN","FIXED OBJECT","NOT DIVIDED",,"STRAIGHT AND LEVEL","DRY","UNKNOWN","ON SCENE","INJURY AND / OR TOW DUE TO CRASH",,,"N","OVER $1,500","2025-05-16T14:20:00.000","UNABLE TO DETERMINE","NOT APPLICABLE","6655","S","PERRY AVE","722",,,,,,,"3","NO INDICATION OF INJURY","0","0","0","0","0","2","0","14","6","5","41.772939087","-87.6282224923","POINT (-87.628222492275 41.772939087001)"
"4a864988b82973e8aa2f340ca993d12c8a21d6d0dbda39e7e63336757f1fd75f63cc629e14cb5e53d2b0b171fad15dc6ddb928692ac2d84a7057ed8e37bb57c9",,"2025-05-16T14:07:00.000","25","UNKNOWN","UNKNOWN","CLEAR","DAYLIGHT","TURNING","NOT DIVIDED",,"STRAIGHT AND LEVEL","DRY","UNKNOWN","ON SCENE","INJURY AND / OR TOW DUE TO CRASH",,,,"OVER $1,500","2025-05-16T14:07:00.000","FAILING TO YIELD RIGHT-OF-WAY","NOT APPLICABLE","1301","N","ELSTON AVE","1433",,,,,,,"2","NO INDICATION OF INJURY","0","0","0","0","0","2","0","14","6","5","41.9054287827","-87.6594630227","POINT (-87.659463022735 41.905428782684)"
"1028e7d3d69878f899e2ac13aa5d4b4b30f5b7da203f76d38fb04ce3315c10118251c2d27a1127859ed90f7d25228e5698a2ee729db8bf28fc5c84f99c60249a",,"2025-05-16T14:05:00.000","30","OTHER","OTHER","CLEAR","DAYLIGHT","ANGLE","NOT DIVIDED",,"STRAIGHT AND LEVEL","DRY","UNKNOWN","NOT ON SCENE (DESK REPORT)","INJURY AND / OR TOW DUE TO CRASH",,,"Y","OVER $1,500","2025-05-16T15:15:00.000","UNABLE TO DETERMINE","NOT APPLICABLE","776","N","KEDZIE AVE","1121",,,,,,,"2","NO INDICATION OF INJURY","0","0","0","0","0","2","0","14","6","5","41.8954592749","-87.7067002009","POINT (-87.706700200923 41.8954592749)"
"02eb99181ff60afbff8221d8c1efacd68827065e1da12a95c26ae0732357902c4f845a28cfc26108d701ca5937d4c354cc1fb3448b1dba645f2b93c38d7789bb",,"2025-05-16T14:00:00.000","30","NO CONTROLS","NO CONTROLS","CLEAR","DAYLIGHT","SIDESWIPE SAME DIRECTION","NOT DIVIDED",,"STRAIGHT AND LEVEL","DRY","NO DEFECTS","NOT ON SCENE (DESK REPORT)","NO INJURY / DRIVE AWAY",,,"N","OVER $1,500","2025-05-16T14:25:00.000","IMPROPER LANE USAGE","IMPROPER LANE USAGE","9200","S","ASHLAND AVE","2221",,,,,,,"2","NO INDICATION OF INJURY","0","0","0","0","0","2","0","14","6","5","41.7265741859","-87.6629507675","POINT (-87.662950767468 41.72657418588)"
"46cac51f0e3b78c634ebf794317f32c93c42218e262908e937b68d241354c3ff2dcac3110ec9be2478fa7d8b1ff509d2f2ba4c7ebe1175c3417a78313fccc154",,"2025-05-16T14:00:00.000","30","NO CONTROLS","NO CONTROLS","CLEAR","DAYLIGHT","SIDESWIPE SAME DIRECTION","NOT DIVIDED",,"STRAIGHT AND LEVEL","DRY","UNKNOWN","ON SCENE","INJURY AND / OR TOW DUE TO CRASH",,,"Y","OVER $1,500","2025-05-16T14:05:00.000","IMPROPER OVERTAKING/PASSING","IMPROPER OVERTAKING/PASSING","1115","S","KOSTNER AVE","1131",,,,,,,"2","REPORTED, NOT EVIDENT","4","0","0","0","4","2","0","14","6","5","41.8674882346","-87.7348681243","POINT (-87.734868124305 41.867488234559)"
"0098c3a46a71221366bdde5983c5e2b7155effb61bbbd1bd3bccc7225c1139e4466657d363039ef73a53b02d6063ec961a5cdbf71cea2372975c3a749a59d803",,"2025-05-16T13:59:00.000","30","TRAFFIC SIGNAL","FUNCTIONING PROPERLY","CLEAR","DAYLIGHT","PEDALCYCLIST","NOT DIVIDED",,"STRAIGHT AND LEVEL","DRY","NO DEFECTS","ON SCENE","INJURY AND / OR TOW DUE TO CRASH",,,,"$501 - $1,500","2025-05-16T14:28:00.000","VISION OBSCURED (SIGNS, TREE LIMBS, BUILDINGS, ETC.)","NOT APPLICABLE","758","W","NORTH AVE","1813",,,,,,,"2","INCAPACITATING INJURY","1","0","1","0","0","1","0","13","6","5","41.9110307698","-87.6481735886","POINT (-87.648173588633 41.911030769751)"
"104d99133983a394394ded43cb8b6f487b8c9aab8c6516f21ee27242398d427acd265118c423782a820dfb57babf6eaa2b420c8fb96cc4c3907e0e739d47a418",,"2025-05-16T13:45:00.000","30","TRAFFIC SIGNAL","FUNCTIONING PROPERLY","CLEAR","DAYLIGHT","PEDESTRIAN","FOUR WAY",,"STRAIGHT AND LEVEL","DRY","UNKNOWN","NOT ON SCENE (DESK REPORT)","INJURY AND / OR TOW DUE TO CRASH","Y",,"Y","$500 OR LESS","2025-05-16T16:00:00.000","UNABLE TO DETERMINE","NOT APPLICABLE","7500","S","JEFFERY BLVD","414",,,,,,,"2","REPORTED, NOT EVIDENT","1","0","0","0","1","1","0","13","6","5","41.7587838191","-87.5762866492","POINT (-87.576286649151 41.758783819129)"
"9d63d8fa8135fe92cae39f973e79c7fd6a923f315dbbdfffae4df89403c82ba204de1f02f122b7a4e415bcce348c80435d1f98c801c2802f9b325c48ea83e710",,"2025-05-16T13:45:00.000","25","NO CONTROLS","NO CONTROLS","CLEAR","DAYLIGHT","SIDESWIPE SAME DIRECTION","ONE-WAY",,"STRAIGHT AND LEVEL","DRY","NO DEFECTS","NOT ON SCENE (DESK REPORT)","NO INJURY / DRIVE AWAY",,,,"$501 - $1,500","2025-05-16T14:00:00.000","NOT APPLICABLE","NOT APPLICABLE","2439","N","LINDER AVE","2515",,"N",,,,,"2","NO INDICATION OF INJURY","0","0","0","0","0","2","0","13","6","5","41.9251813372","-87.7634236724","POINT (-87.763423672387 41.925181337163)"
"44b8f04ee1a13c392d1a37faa168f4a0431be41e9b85b3c6e7919777477566c8a6941350c2d5d392508c5dbcd6573c7e6baef1d585f0170957ac534c0dc6ba27",,"2025-05-16T13:40:00.000","30","NO CONTROLS","NO CONTROLS","CLEAR","DAYLIGHT","SIDESWIPE SAME DIRECTION","DIVIDED - W/MEDIAN (NOT RAISED)",,"STRAIGHT AND LEVEL","DRY","NO DEFECTS","NOT ON SCENE (DESK REPORT)","NO INJURY / DRIVE AWAY",,,,"$501 - $1,500","2025-05-16T14:40:00.000","IMPROPER LANE USAGE","NOT APPLICABLE","7600","S","PULASKI RD","833",,,,,,,"2","NO INDICATION OF INJURY","0","0","0","0","0","4","0","13","6","5","41.7550442797","-87.722315514","POINT (-87.722315514022 41.755044279733)"
"4ea6e68c363eece0197602a87390eb825cf271f895756801bcce20aabea17e458db1af26b502dfcb2fc48c6cfec2c15c23079de57b5cea301418d33799ddbd03",,"2025-05-16T13:40:00.000","20","NO CONTROLS","NO CONTROLS","CLEAR","DAYLIGHT","PARKED MOTOR VEHICLE","NOT DIVIDED",,"STRAIGHT AND LEVEL","DRY","NO DEFECTS","ON SCENE","NO INJURY / DRIVE AWAY",,,,"$500 OR LESS","2025-05-16T13:45:00.000","UNABLE TO DETERMINE","UNABLE TO DETERMINE","9201","S","OAKLEY AVE","2221",,,,,,,"2","NO INDICATION OF INJURY","0","0","0","0","0","1","0","13","6","5","41.7263025083","-87.6796424221","POINT (-87.679642422137 41.726302508261)"
"b7a42a16849bd554fbdc6d79085e6888717e60b96b7d26b5862026b66a640728865f7e6dbb034568821879bd34b8bd68aadd9aadc1d78213ef55ae6f80d36e7a",,"2025-05-16T13:40:00.000","20","TRAFFIC SIGNAL","FUNCTIONING PROPERLY","UNKNOWN","DAYLIGHT","PEDESTRIAN","NOT DIVIDED",,"STRAIGHT AND LEVEL","UNKNOWN","UNKNOWN","ON SCENE","INJURY AND / OR TOW DUE TO CRASH",,,"Y","$500 OR LESS","2025-05-16T13:40:00.000","NOT APPLICABLE","NOT APPLICABLE","759","N","HAMLIN AVE","1112",,,,,,,"2","REPORTED, NOT EVIDENT","1","0","0","0","1","1","0","13","6","5","41.895325023","-87.7210410184","POINT (-87.721041018353 41.895325023035)"
"3c00e1920270c6e54cc992bc4c65f8836670844f4f308e50df64cc5bc02455d55d333e21fa34e43f50876408cf7b2eedafc01a80783fdcc7c86f3c10d4ad89e7",,"2025-05-16T13:30:00.000","10","NO CONTROLS","NO CONTROLS","CLEAR","DAYLIGHT","PARKED MOTOR VEHICLE","ALLEY",,"STRAIGHT AND LEVEL","UNKNOWN","UNKNOWN","NOT ON SCENE (DESK REPORT)","NO INJURY / DRIVE AWAY",,,"Y","OVER $1,500","2025-05-16T16:00:00.000","UNABLE TO DETERMINE","NOT APPLICABLE","5745","W","GRAND AVE","2515",,,,,,,"2","NO INDICATION OF INJURY","0","0","0","0","0","1","0","13","6","5","41.9194086295","-87.7699635402","POINT (-87.769963540219 41.91940862951)"